Semaine;Nice (FR);Saint Jean de Monts (FR);Plage de la Palmyre (FR);Le Grau du Roi (FR);Cap Ferret (FR);Biscarrosse (FR);La Baule Escoublac (FR);Sitges (ES);Argelès sur Mer (FR);Carnac (FR);Arcachon (FR);Portofino (IT);Porto Vecchio (FR);Lacanau (FR);Palavas les Flots (FR);Le Touquet (BE);Torremolinos (ES);Le Barcarès (FR);Deauville (FR);Amalfi (IT);Cannes (FR);Dubrovnik (HR);Antibes (FR);Saint Malo (FR);Le Cap d Agde (FR);Cefalù (IT);Fréjus (FR);Bodrum (TR);Mykonos (GR);Biarritz (FR);Ars en Ré (FR);Santorini Island (GR);Marbella (ES);Faro (PT);Málaga (ES);Ibiza (ES);Djerba (TN);Lloret de Mar (ES);Corfu (GR);Mallorca (ES);Benidorm (ES);reta (SI);Agadir (MA)
2020-01-05;66,00;0,00;0,00;0,00;0,00;0,00;0,00;6,00;0,00;12,00;13,00;13,00;16,00;0,00;0,00;0,00;14,00;0,00;0,00;79,44;14,67;17,11;4,89;0,00;0,00;0,00;7,00;10,70;46,38;5,35;7,14;145,66;13,66;43,24;25,03;37,00;7,00;7,00;13,00;71,00;18,00;0,00;23,00
2020-01-12;52,00;0,00;0,00;0,00;0,00;0,00;8,00;0,00;0,00;8,00;0,00;0,00;8,00;0,00;5,00;6,00;7,00;0,00;0,00;58,19;14,86;22,29;11,14;8,00;0,00;0,00;0,00;7,17;62,76;8,97;7,17;198,96;15,83;33,91;20,35;26,00;4,00;0,00;27,00;68,00;15,00;0,00;0,00
2020-01-19;56,00;0,00;0,00;0,00;4,00;0,00;0,00;0,00;0,00;0,00;5,00;7,00;6,00;0,00;0,00;10,00;0,00;0,00;0,00;35,30;15,83;21,91;4,87;5,00;0,00;9,00;10,00;14,00;68,25;12,25;12,25;181,44;0,00;33,60;0,00;32,00;0,00;0,00;33,00;59,00;0,00;6,00;13,00
2020-01-26;69,00;0,00;0,00;7,00;0,00;0,00;8,00;0,00;0,00;0,00;0,00;0,00;0,00;0,00;0,00;0,00;7,00;11,00;0,00;52,98;11,09;22,18;11,09;11,00;4,00;0,00;4,00;21,23;53,08;14,15;0,00;163,30;16,10;27,60;13,80;26,00;12,00;0,00;19,00;66,00;33,00;0,00;17,00
2020-02-02;52,00;0,00;0,00;0,00;0,00;0,00;0,00;0,00;0,00;5,00;0,00;10,00;0,00;0,00;0,00;0,00;0,00;0,00;0,00;76,76;17,33;22,29;22,29;15,00;0,00;14,00;0,00;10,76;71,72;12,55;0,00;178,61;13,57;36,17;9,04;37,00;11,00;30,00;28,00;53,00;9,00;5,00;19,00
2020-02-09;35,00;0,00;0,00;0,00;0,00;0,00;0,00;5,00;0,00;0,00;4,00;0,00;0,00;0,00;11,00;0,00;9,00;0,00;7,00;68,75;0,00;52,50;7,50;12,00;0,00;0,00;0,00;7,37;62,63;0,00;0,00;165,67;32,67;18,67;11,67;23,00;12,00;8,00;31,00;68,00;15,00;0,00;21,00
2020-02-16;79,00;0,00;0,00;7,00;0,00;0,00;5,00;0,00;0,00;0,00;0,00;5,00;6,00;0,00;0,00;8,00;5,00;0,00;5,00;66,66;17,28;33,33;18,52;21,00;5,00;13,00;5,00;8,98;59,25;12,57;0,00;151,03;25,56;20,91;23,24;17,00;11,00;6,00;27,00;60,00;14,00;0,00;7,00
2020-02-23;37,00;5,00;0,00;6,00;0,00;0,00;0,00;0,00;10,00;5,00;0,00;0,00;0,00;0,00;0,00;0,00;14,00;16,00;6,00;50,57;16,03;28,37;6,17;11,00;8,00;5,00;0,00;5,29;51,10;5,29;7,05;164,19;39,31;27,75;6,94;18,00;5,00;6,00;28,00;67,00;13,00;0,00;6,00
2020-03-01;22,00;0,00;0,00;0,00;0,00;0,00;0,00;0,00;0,00;0,00;0,00;4,00;11,00;5,00;6,00;0,00;13,00;0,00;0,00;33,00;11,00;17,11;9,78;16,00;0,00;0,00;7,00;0,00;44,00;9,17;0,00;129,80;8,80;37,40;19,80;18,00;0,00;0,00;19,00;71,00;35,00;11,00;14,00
2020-03-08;27,00;4,00;0,00;0,00;0,00;7,00;0,00;0,00;0,00;0,00;0,00;0,00;4,00;0,00;0,00;0,00;7,00;0,00;0,00;14,73;0,00;7,36;7,36;6,00;0,00;0,00;0,00;0,00;28,80;5,40;0,00;63,00;9,00;20,25;11,25;11,00;6,00;12,00;13,00;54,00;33,00;0,00;11,00
2020-03-15;19,00;0,00;0,00;4,00;5,00;0,00;4,00;0,00;0,00;0,00;0,00;0,00;0,00;0,00;0,00;0,00;0,00;8,00;6,00;19,00;0,00;6,33;11,40;15,00;5,00;0,00;0,00;13,30;26,60;22,80;0,00;54,63;7,13;16,63;42,75;25,00;5,00;0,00;19,00;46,00;34,00;0,00;13,00
2020-03-22;19,00;7,00;0,00;0,00;0,00;0,00;0,00;0,00;0,00;0,00;7,00;5,00;0,00;0,00;0,00;0,00;0,00;6,00;0,00;17,73;5,07;0,00;12,67;10,00;9,00;0,00;0,00;3,45;17,27;0,00;0,00;54,63;11,88;7,13;14,25;9,00;9,00;0,00;17,00;37,00;14,00;0,00;10,00
2020-03-29;15,00;0,00;0,00;0,00;0,00;0,00;0,00;0,00;0,00;7,00;0,00;7,00;0,00;0,00;0,00;0,00;0,00;0,00;0,00;25,00;7,50;3,75;12,50;16,00;0,00;7,00;0,00;3,75;18,75;5,63;0,00;45,00;10,71;4,29;4,29;4,00;0,00;0,00;14,00;25,00;0,00;12,00;0,00
2020-04-05;23,00;0,00;0,00;0,00;0,00;0,00;0,00;0,00;0,00;4,00;8,00;0,00;0,00;5,00;0,00;0,00;0,00;0,00;0,00;18,16;4,84;3,63;7,26;7,00;6,00;5,00;6,00;0,00;17,69;3,54;7,08;52,90;0,00;6,90;4,60;0,00;0,00;0,00;16,00;18,00;10,00;0,00;17,00
2020-04-12;10,00;0,00;0,00;0,00;8,00;0,00;0,00;0,00;0,00;0,00;0,00;5,00;0,00;0,00;0,00;0,00;0,00;0,00;0,00;20,00;7,50;10,00;0,00;8,00;6,00;6,00;0,00;0,00;26,00;0,00;12,00;55,00;0,00;5,00;0,00;12,00;0,00;3,00;0,00;35,00;14,00;0,00;8,00
2020-04-19;17,00;0,00;0,00;0,00;4,00;6,00;0,00;0,00;0,00;0,00;0,00;0,00;0,00;4,00;0,00;8,00;5,00;4,00;0,00;24,85;3,92;10,46;0,00;12,00;0,00;0,00;0,00;7,56;22,67;17,00;0,00;87,43;19,43;14,57;7,29;11,00;28,00;4,00;7,00;28,00;10,00;4,00;0,00
2020-04-26;27,00;0,00;0,00;0,00;0,00;0,00;0,00;0,00;0,00;0,00;0,00;0,00;7,00;0,00;0,00;0,00;0,00;0,00;0,00;30,68;0,00;0,00;0,00;12,00;0,00;5,00;0,00;3,60;25,20;7,20;0,00;60,75;6,75;9,00;0,00;10,00;3,00;11,00;15,00;21,00;17,00;0,00;0,00
2020-05-03;17,00;0,00;0,00;0,00;0,00;0,00;0,00;0,00;0,00;6,00;0,00;5,00;0,00;0,00;0,00;6,00;0,00;0,00;0,00;37,64;13,36;6,07;0,00;15,00;0,00;0,00;0,00;6,80;27,20;8,50;8,50;72,86;4,86;0,00;7,29;4,00;0,00;0,00;10,00;22,00;8,00;0,00;0,00
2020-05-10;10,00;0,00;0,00;0,00;0,00;0,00;0,00;0,00;0,00;0,00;0,00;0,00;0,00;0,00;0,00;7,00;0,00;0,00;0,00;28,75;0,00;17,50;0,00;7,00;0,00;0,00;0,00;13,33;30,00;8,33;0,00;60,00;12,00;0,00;8,00;10,00;0,00;0,00;17,00;21,00;17,00;0,00;8,00
2020-05-17;18,00;0,00;0,00;0,00;0,00;7,00;0,00;0,00;0,00;0,00;0,00;0,00;0,00;0,00;0,00;0,00;4,00;5,00;0,00;28,80;12,00;4,80;0,00;12,00;0,00;7,00;0,00;0,00;28,80;0,00;12,60;81,00;9,00;0,00;13,50;20,00;9,00;10,00;15,00;40,00;5,00;0,00;7,00
2020-05-24;18,00;15,00;0,00;0,00;0,00;0,00;5,00;0,00;0,00;4,00;0,00;0,00;0,00;5,00;0,00;0,00;0,00;0,00;0,00;39,86;0,00;0,00;10,29;10,00;0,00;7,00;0,00;10,80;19,80;9,00;0,00;54,00;4,50;9,00;0,00;11,00;0,00;6,00;9,00;24,00;13,00;0,00;17,00
2020-05-31;23,00;0,00;0,00;0,00;0,00;0,00;0,00;0,00;6,00;0,00;0,00;0,00;0,00;4,00;0,00;0,00;22,00;0,00;5,00;23,00;0,00;5,11;10,22;25,00;7,00;7,00;5,00;3,54;23,00;0,00;0,00;62,10;11,50;6,90;0,00;23,00;0,00;4,00;13,00;34,00;7,00;0,00;0,00
2020-06-07;19,00;7,00;0,00;4,00;0,00;0,00;0,00;0,00;6,00;0,00;6,00;0,00;0,00;0,00;8,00;0,00;15,00;0,00;0,00;13,93;3,80;0,00;11,40;16,00;5,00;4,00;5,00;0,00;26,60;7,60;0,00;57,00;14,25;4,75;0,00;15,00;0,00;0,00;10,00;78,00;9,00;0,00;19,00
2020-06-14;41,00;0,00;0,00;0,00;0,00;0,00;0,00;0,00;5,00;0,00;0,00;0,00;0,00;0,00;0,00;0,00;0,00;0,00;4,00;19,88;0,00;0,00;0,00;36,00;0,00;12,00;0,00;0,00;32,09;0,00;7,13;68,33;0,00;4,56;11,39;14,00;0,00;6,00;19,00;44,00;7,00;0,00;10,00
2020-06-21;38,00;0,00;0,00;0,00;0,00;0,00;0,00;4,00;6,00;0,00;7,00;8,00;0,00;11,00;0,00;0,00;0,00;14,00;0,00;24,52;8,58;11,03;0,00;43,00;4,00;0,00;0,00;7,24;47,05;12,67;0,00;57,00;11,88;0,00;0,00;13,00;9,00;5,00;18,00;37,00;13,00;0,00;10,00
2020-06-28;22,00;0,00;0,00;0,00;6,00;0,00;0,00;9,00;0,00;0,00;0,00;7,00;8,00;0,00;0,00;0,00;5,00;0,00;0,00;36,67;12,22;7,33;4,89;48,00;0,00;22,00;18,00;10,15;20,31;13,54;0,00;66,00;0,00;0,00;0,00;20,00;6,00;0,00;16,00;28,00;20,00;0,00;16,00
2020-07-05;21,00;0,00;0,00;4,00;0,00;0,00;0,00;0,00;0,00;0,00;0,00;0,00;4,00;0,00;15,00;5,00;0,00;5,00;0,00;32,12;0,00;0,00;0,00;24,00;0,00;8,00;7,00;7,00;29,75;8,75;0,00;70,00;9,33;0,00;7,00;5,00;0,00;0,00;13,00;36,00;10,00;0,00;6,00
2020-07-12;19,00;12,00;0,00;0,00;0,00;0,00;0,00;0,00;0,00;0,00;0,00;9,00;0,00;8,00;0,00;0,00;0,00;0,00;0,00;22,80;8,87;6,33;8,87;23,00;0,00;0,00;0,00;5,70;28,50;7,60;0,00;83,13;7,13;0,00;0,00;0,00;0,00;5,00;0,00;27,00;15,00;0,00;12,00
2020-07-19;21,00;0,00;0,00;10,00;7,00;0,00;0,00;0,00;0,00;0,00;0,00;7,00;0,00;0,00;0,00;0,00;0,00;0,00;4,00;46,94;11,12;7,41;8,65;30,00;0,00;0,00;0,00;7,00;38,50;5,25;3,50;95,67;0,00;9,33;7,00;8,00;0,00;8,00;13,00;34,00;11,00;0,00;8,00
2020-07-26;23,00;0,00;0,00;6,00;0,00;0,00;0,00;6,00;0,00;5,00;5,00;0,00;0,00;0,00;0,00;6,00;0,00;0,00;9,00;21,72;7,67;12,78;10,22;47,00;7,00;0,00;16,00;12,38;37,15;0,00;7,08;73,60;13,80;0,00;6,90;9,00;9,00;0,00;14,00;32,00;8,00;0,00;0,00
2020-08-02;10,00;0,00;0,00;0,00;0,00;8,00;0,00;0,00;0,00;0,00;0,00;0,00;0,00;5,00;4,00;0,00;0,00;0,00;4,00;40,00;8,75;10,00;7,50;36,00;5,00;0,00;0,00;0,00;33,33;25,00;0,00;82,50;0,00;15,00;0,00;0,00;15,00;5,00;18,00;39,00;9,00;6,00;0,00
2020-08-09;29,00;0,00;0,00;0,00;0,00;0,00;0,00;5,00;0,00;0,00;4,00;16,00;0,00;0,00;0,00;0,00;12,00;0,00;6,00;33,83;8,46;4,83;3,63;18,00;10,00;18,00;6,00;10,24;29,00;10,24;0,00;46,85;0,00;0,00;6,69;16,00;7,00;0,00;23,00;14,00;11,00;0,00;4,00
2020-08-16;27,00;0,00;0,00;0,00;0,00;0,00;0,00;0,00;0,00;0,00;0,00;0,00;0,00;0,00;5,00;0,00;0,00;0,00;8,00;42,95;8,59;7,36;0,00;39,00;0,00;0,00;0,00;7,20;70,20;5,40;0,00;65,25;4,50;4,50;6,75;22,00;4,00;5,00;19,00;26,00;7,00;4,00;10,00
2020-08-23;25,00;0,00;0,00;0,00;0,00;13,00;0,00;0,00;0,00;8,00;0,00;5,00;0,00;0,00;0,00;0,00;0,00;0,00;0,00;17,86;9,52;14,29;5,95;14,00;24,00;0,00;0,00;21,43;26,79;5,36;8,93;88,64;6,82;9,09;11,36;18,00;0,00;5,00;14,00;27,00;14,00;0,00;0,00
2020-08-30;12,00;0,00;0,00;0,00;0,00;0,00;0,00;0,00;0,00;0,00;0,00;0,00;0,00;0,00;6,00;0,00;0,00;0,00;6,00;16,80;0,00;0,00;4,80;13,00;6,00;5,00;0,00;8,57;32,57;0,00;0,00;86,40;0,00;0,00;9,60;21,00;4,00;0,00;16,00;39,00;14,00;0,00;14,00
2020-09-06;31,00;0,00;0,00;0,00;0,00;0,00;0,00;0,00;0,00;0,00;7,00;0,00;0,00;0,00;7,00;0,00;32,00;0,00;0,00;32,24;3,72;8,68;0,00;4,00;0,00;8,00;0,00;20,06;25,53;3,65;12,76;62,00;7,15;0,00;7,15;10,00;7,00;0,00;20,00;33,00;7,00;0,00;9,00
2020-09-13;16,00;0,00;0,00;0,00;16,00;0,00;4,00;0,00;0,00;0,00;0,00;0,00;0,00;0,00;6,00;0,00;0,00;0,00;5,00;23,38;0,00;8,62;0,00;21,00;0,00;0,00;7,00;7,11;30,22;0,00;8,89;59,43;0,00;22,86;18,29;0,00;0,00;8,00;20,00;25,00;16,00;8,00;0,00
2020-09-20;14,00;0,00;0,00;0,00;0,00;0,00;0,00;0,00;0,00;5,00;0,00;0,00;0,00;0,00;0,00;0,00;0,00;0,00;11,00;22,91;10,18;7,64;0,00;8,00;0,00;0,00;0,00;7,00;24,50;0,00;8,75;70,00;9,33;7,00;0,00;20,00;0,00;11,00;10,00;31,00;8,00;0,00;0,00
2020-09-27;36,00;0,00;0,00;0,00;0,00;6,00;14,00;0,00;0,00;0,00;0,00;0,00;14,00;0,00;0,00;0,00;0,00;17,00;0,00;16,14;0,00;8,69;0,00;9,00;12,00;0,00;0,00;0,00;23,40;7,20;3,60;51,75;13,50;0,00;0,00;22,00;13,00;10,00;6,00;51,00;19,00;7,00;5,00
2020-10-04;16,00;0,00;0,00;7,00;0,00;0,00;0,00;0,00;0,00;0,00;0,00;0,00;0,00;0,00;0,00;0,00;5,00;0,00;0,00;20,92;0,00;0,00;0,00;15,00;0,00;0,00;0,00;8,89;23,11;0,00;0,00;50,29;13,71;0,00;0,00;9,00;0,00;0,00;7,00;35,00;14,00;0,00;0,00
2020-10-11;9,00;0,00;0,00;5,00;0,00;0,00;0,00;0,00;0,00;0,00;0,00;0,00;0,00;5,00;0,00;0,00;0,00;0,00;0,00;25,88;4,50;7,88;16,88;0,00;0,00;0,00;22,00;0,00;34,20;5,40;0,00;45,00;4,50;0,00;11,25;12,00;0,00;0,00;12,00;36,00;13,00;0,00;0,00
2020-10-18;27,00;0,00;0,00;0,00;0,00;0,00;9,00;0,00;0,00;0,00;0,00;0,00;0,00;0,00;0,00;0,00;6,00;8,00;0,00;6,14;0,00;12,27;9,82;14,00;0,00;0,00;5,00;7,20;19,80;3,60;0,00;49,50;18,00;9,00;0,00;10,00;11,00;0,00;11,00;28,00;13,00;6,00;14,00
2020-10-25;34,00;8,00;0,00;0,00;0,00;0,00;0,00;0,00;0,00;0,00;0,00;6,00;0,00;0,00;6,00;0,00;8,00;0,00;0,00;21,86;13,36;0,00;0,00;0,00;0,00;0,00;0,00;8,95;8,95;0,00;0,00;54,40;4,53;4,53;11,33;9,00;0,00;10,00;21,00;22,00;13,00;0,00;6,00
2020-11-01;27,00;10,00;0,00;0,00;0,00;6,00;0,00;15,00;6,00;0,00;6,00;0,00;0,00;0,00;0,00;0,00;6,00;0,00;0,00;11,05;0,00;3,68;7,36;7,00;0,00;0,00;0,00;12,60;14,40;7,20;0,00;47,25;0,00;4,50;0,00;14,00;10,00;0,00;6,00;27,00;0,00;0,00;0,00
2020-11-08;17,00;0,00;0,00;7,00;0,00;0,00;0,00;0,00;11,00;8,00;0,00;5,00;0,00;5,00;0,00;0,00;0,00;0,00;13,00;14,57;4,86;10,93;23,07;14,00;5,00;21,00;0,00;5,67;20,78;7,56;0,00;53,43;7,29;0,00;0,00;11,00;8,00;0,00;16,00;25,00;0,00;7,00;6,00
2020-11-15;20,00;13,00;0,00;0,00;0,00;16,00;0,00;0,00;0,00;0,00;5,00;0,00;0,00;0,00;14,00;6,00;0,00;0,00;0,00;20,00;0,00;0,00;5,00;6,00;9,00;0,00;7,00;0,00;14,55;3,64;0,00;40,00;8,89;13,33;13,33;11,00;0,00;10,00;4,00;28,00;15,00;0,00;5,00
2020-11-22;27,00;0,00;0,00;0,00;0,00;0,00;8,00;0,00;0,00;0,00;0,00;6,00;10,00;13,00;0,00;0,00;0,00;0,00;0,00;11,05;4,91;8,59;0,00;5,00;0,00;9,00;0,00;5,40;23,40;5,40;0,00;74,25;0,00;6,75;0,00;12,00;0,00;0,00;0,00;16,00;7,00;6,00;8,00
2020-11-29;17,00;0,00;0,00;0,00;7,00;0,00;0,00;0,00;0,00;0,00;0,00;5,00;9,00;0,00;0,00;0,00;0,00;0,00;0,00;24,29;13,36;0,00;10,93;0,00;0,00;0,00;11,00;0,00;13,60;13,60;0,00;42,50;8,50;0,00;8,50;7,00;6,00;0,00;19,00;42,00;7,00;0,00;0,00
2020-12-06;8,00;0,00;0,00;12,00;0,00;0,00;0,00;0,00;0,00;0,00;0,00;0,00;0,00;0,00;11,00;0,00;0,00;0,00;0,00;17,14;0,00;0,00;0,00;8,00;12,00;0,00;0,00;8,00;14,40;8,00;0,00;42,00;18,00;4,00;0,00;12,00;0,00;7,00;10,00;27,00;14,00;0,00;0,00
2020-12-13;12,00;0,00;0,00;0,00;0,00;5,00;0,00;21,00;5,00;7,00;0,00;11,00;0,00;0,00;0,00;6,00;0,00;0,00;0,00;32,40;6,00;0,00;0,00;4,00;0,00;6,00;6,00;12,00;24,00;8,57;0,00;40,80;21,60;0,00;7,20;6,00;17,00;4,00;16,00;24,00;0,00;0,00;0,00
2020-12-20;17,00;0,00;0,00;0,00;0,00;0,00;0,00;0,00;0,00;0,00;0,00;6,00;0,00;0,00;0,00;0,00;6,00;0,00;0,00;23,07;0,00;8,50;0,00;0,00;0,00;0,00;0,00;5,10;10,20;0,00;0,00;42,50;6,38;4,25;0,00;9,00;0,00;8,00;9,00;33,00;16,00;0,00;0,00
2020-12-27;17,00;0,00;0,00;0,00;0,00;0,00;0,00;0,00;0,00;0,00;0,00;4,00;0,00;0,00;0,00;0,00;0,00;5,00;0,00;43,15;5,23;0,00;7,85;7,00;0,00;0,00;6,00;13,22;32,11;22,67;11,33;55,86;9,71;0,00;0,00;20,00;0,00;0,00;20,00;38,00;18,00;0,00;13,00
2021-01-03;20,00;0,00;0,00;16,00;0,00;0,00;0,00;10,00;6,00;0,00;0,00;9,00;0,00;0,00;0,00;0,00;7,00;5,00;5,00;24,71;0,00;7,06;5,88;6,00;6,00;0,00;0,00;21,82;12,73;0,00;7,27;60,00;0,00;0,00;0,00;12,00;0,00;0,00;24,00;24,00;5,00;0,00;9,00
2021-01-10;24,00;0,00;0,00;0,00;0,00;0,00;0,00;4,00;10,00;8,00;0,00;11,00;0,00;0,00;0,00;0,00;0,00;0,00;0,00;8,84;0,00;5,05;5,05;4,00;0,00;4,00;0,00;3,69;11,08;0,00;5,54;55,20;0,00;0,00;0,00;13,00;12,00;10,00;11,00;44,00;8,00;0,00;9,00
2021-01-17;23,00;0,00;0,00;0,00;0,00;6,00;0,00;0,00;0,00;4,00;0,00;0,00;0,00;10,00;0,00;0,00;0,00;0,00;4,00;35,11;0,00;0,00;0,00;0,00;0,00;0,00;0,00;10,62;15,92;5,31;5,31;55,20;6,90;18,40;0,00;12,00;0,00;4,00;13,00;29,00;0,00;0,00;0,00
2021-01-24;0,00;8,00;0,00;0,00;0,00;0,00;0,00;9,00;9,00;0,00;0,00;8,00;0,00;0,00;5,00;0,00;0,00;0,00;0,00;19,00;0,00;7,00;0,00;8,00;6,00;0,00;0,00;9,00;10,00;4,00;0,00;33,00;0,00;5,00;0,00;22,00;0,00;9,00;16,00;25,00;18,00;0,00;11,00
2021-01-31;0,00;0,00;0,00;0,00;0,00;9,00;0,00;0,00;11,00;11,00;12,00;15,00;0,00;0,00;11,00;0,00;0,00;9,00;9,00;25,00;0,00;0,00;4,00;0,00;0,00;0,00;0,00;0,00;12,00;4,00;0,00;25,00;0,00;3,00;3,00;16,00;0,00;0,00;13,00;23,00;0,00;0,00;9,00
2021-02-07;8,00;7,00;0,00;5,00;0,00;6,00;0,00;0,00;0,00;0,00;0,00;6,00;0,00;0,00;5,00;0,00;0,00;0,00;0,00;29,33;8,00;6,67;0,00;17,00;0,00;0,00;0,00;0,00;20,00;0,00;0,00;42,67;0,00;0,00;0,00;5,00;0,00;8,00;19,00;24,00;8,00;4,00;0,00
2021-02-14;15,00;0,00;0,00;6,00;10,00;0,00;0,00;0,00;4,00;4,00;0,00;0,00;0,00;0,00;17,00;0,00;0,00;0,00;6,00;37,50;0,00;3,75;10,00;9,00;5,00;5,00;5,00;6,67;21,67;35,00;0,00;45,00;0,00;6,43;0,00;16,00;13,00;0,00;13,00;24,00;27,00;7,00;15,00
2021-02-21;10,00;0,00;0,00;0,00;20,00;0,00;0,00;0,00;0,00;0,00;7,00;0,00;0,00;5,00;0,00;0,00;0,00;0,00;0,00;32,50;0,00;0,00;0,00;14,00;0,00;6,00;0,00;0,00;10,00;5,00;0,00;57,50;12,50;7,50;0,00;7,00;13,00;0,00;5,00;25,00;12,00;0,00;0,00
2021-02-28;8,00;0,00;0,00;0,00;0,00;0,00;0,00;12,00;5,00;6,00;0,00;14,00;14,00;0,00;0,00;10,00;0,00;0,00;9,00;38,86;0,00;0,00;0,00;20,00;14,00;0,00;0,00;16,00;22,40;4,80;0,00;50,00;6,00;0,00;0,00;9,00;0,00;0,00;23,00;18,00;5,00;0,00;0,00
2021-03-07;18,00;0,00;0,00;0,00;0,00;0,00;0,00;5,00;0,00;16,00;0,00;0,00;0,00;0,00;6,00;0,00;0,00;6,00;0,00;42,00;0,00;7,20;0,00;7,00;0,00;0,00;7,00;16,20;10,80;0,00;18,00;60,75;6,75;4,50;6,75;11,00;0,00;6,00;15,00;26,00;16,00;0,00;7,00
2021-03-14;18,00;0,00;0,00;0,00;8,00;0,00;0,00;0,00;0,00;0,00;0,00;5,00;0,00;0,00;4,00;0,00;0,00;0,00;0,00;22,80;7,20;12,00;0,00;17,00;0,00;0,00;8,00;0,00;16,20;9,00;7,20;60,75;6,75;0,00;9,00;21,00;0,00;0,00;17,00;25,00;14,00;0,00;7,00
2021-03-21;10,00;8,00;0,00;0,00;5,00;0,00;0,00;4,00;0,00;13,00;0,00;0,00;0,00;0,00;0,00;0,00;0,00;0,00;0,00;18,75;0,00;0,00;0,00;10,00;0,00;12,00;0,00;10,00;35,00;0,00;0,00;58,00;0,00;0,00;0,00;0,00;13,00;0,00;4,00;14,00;21,00;0,00;0,00
2021-03-28;10,00;0,00;0,00;0,00;0,00;4,00;4,00;0,00;0,00;0,00;0,00;0,00;0,00;0,00;0,00;0,00;13,00;0,00;0,00;7,50;0,00;11,25;5,00;11,00;0,00;17,00;0,00;5,00;16,67;6,67;0,00;60,00;0,00;0,00;0,00;11,00;0,00;7,00;9,00;15,00;12,00;5,00;5,00
2021-04-04;0,00;0,00;0,00;0,00;0,00;0,00;0,00;0,00;0,00;0,00;12,00;0,00;0,00;6,00;0,00;5,00;0,00;0,00;0,00;13,00;0,00;4,00;9,00;10,00;0,00;0,00;0,00;0,00;0,00;0,00;9,00;18,00;2,00;0,00;0,00;0,00;0,00;0,00;22,00;0,00;12,00;0,00;7,00
2021-04-11;11,00;7,00;0,00;0,00;0,00;0,00;0,00;0,00;4,00;0,00;0,00;0,00;0,00;0,00;0,00;0,00;8,00;0,00;5,00;14,67;6,11;9,78;9,78;15,00;15,00;0,00;0,00;7,33;14,67;7,33;0,00;57,20;4,40;0,00;0,00;0,00;0,00;5,00;11,00;11,00;5,00;0,00;4,00
2021-04-18;9,00;0,00;0,00;0,00;6,00;0,00;0,00;0,00;0,00;0,00;0,00;0,00;0,00;0,00;8,00;0,00;5,00;0,00;0,00;37,29;0,00;5,14;0,00;7,00;0,00;10,00;6,00;0,00;16,20;9,00;0,00;51,75;0,00;0,00;9,00;12,00;0,00;5,00;12,00;10,00;11,00;11,00;6,00
2021-04-25;4,00;0,00;0,00;0,00;0,00;0,00;0,00;0,00;9,00;0,00;7,00;0,00;0,00;0,00;0,00;0,00;0,00;0,00;9,00;21,33;0,00;0,00;6,67;13,00;0,00;0,00;0,00;0,00;22,00;0,00;0,00;28,00;6,00;6,00;6,00;0,00;0,00;0,00;25,00;12,00;16,00;0,00;6,00
2021-05-02;0,00;0,00;0,00;0,00;0,00;8,00;0,00;5,00;0,00;0,00;0,00;4,00;0,00;0,00;0,00;0,00;0,00;0,00;0,00;18,00;3,00;0,00;0,00;9,00;0,00;0,00;0,00;0,00;23,00;3,00;0,00;19,00;4,00;4,00;0,00;0,00;0,00;0,00;15,00;30,00;7,00;0,00;5,00
2021-05-09;15,00;0,00;0,00;8,00;0,00;0,00;0,00;0,00;0,00;0,00;10,00;0,00;0,00;0,00;0,00;4,00;6,00;11,00;6,00;12,50;6,25;7,50;11,25;12,00;0,00;0,00;9,00;5,00;16,67;5,00;6,67;53,57;4,29;0,00;6,43;0,00;9,00;0,00;8,00;21,00;9,00;0,00;0,00
2021-05-16;15,00;0,00;0,00;0,00;10,00;0,00;0,00;0,00;0,00;0,00;0,00;0,00;0,00;0,00;6,00;0,00;9,00;0,00;0,00;23,75;6,25;0,00;0,00;0,00;0,00;0,00;7,00;0,00;18,33;18,33;0,00;42,86;0,00;4,29;4,29;7,00;0,00;0,00;10,00;30,00;14,00;0,00;16,00
2021-05-23;15,00;0,00;0,00;0,00;0,00;21,00;0,00;0,00;6,00;11,00;6,00;8,00;0,00;0,00;10,00;12,00;0,00;0,00;0,00;20,00;0,00;10,00;8,75;14,00;0,00;0,00;10,00;0,00;22,50;0,00;0,00;70,00;0,00;5,00;15,00;17,00;0,00;5,00;13,00;29,00;0,00;0,00;11,00
2021-05-30;19,00;0,00;0,00;0,00;0,00;0,00;0,00;7,00;0,00;0,00;0,00;0,00;12,00;0,00;4,00;0,00;5,00;0,00;0,00;32,06;0,00;4,75;11,88;20,00;0,00;0,00;7,00;20,73;29,36;0,00;0,00;59,38;4,75;7,13;0,00;11,00;5,00;17,00;21,00;10,00;7,00;0,00;12,00
2021-06-06;17,00;0,00;0,00;0,00;0,00;6,00;0,00;0,00;14,00;0,00;0,00;0,00;0,00;0,00;0,00;0,00;0,00;0,00;0,00;19,43;4,86;4,86;0,00;9,00;10,00;0,00;0,00;0,00;52,89;7,56;11,33;99,57;7,29;4,86;0,00;7,00;7,00;0,00;12,00;0,00;30,00;0,00;15,00
2021-06-13;16,00;0,00;0,00;0,00;0,00;6,00;0,00;8,00;0,00;12,00;6,00;8,00;0,00;0,00;4,00;12,00;5,00;0,00;0,00;23,38;0,00;4,92;4,92;16,00;0,00;0,00;12,00;8,89;53,33;7,11;5,33;59,43;0,00;6,86;9,14;0,00;7,00;0,00;21,00;18,00;6,00;16,00;9,00
2021-06-20;31,00;0,00;0,00;0,00;0,00;0,00;0,00;0,00;0,00;5,00;0,00;0,00;0,00;0,00;10,00;0,00;12,00;0,00;0,00;34,72;0,00;14,88;0,00;16,00;0,00;0,00;0,00;15,50;58,56;0,00;5,17;97,43;15,50;0,00;11,07;9,00;0,00;0,00;0,00;38,00;8,00;0,00;5,00
2021-06-27;32,00;0,00;0,00;0,00;5,00;0,00;0,00;0,00;0,00;0,00;0,00;0,00;0,00;7,00;0,00;0,00;0,00;0,00;0,00;51,69;12,31;0,00;8,62;21,00;7,00;14,00;9,00;14,22;55,11;0,00;17,78;96,00;13,71;0,00;9,14;8,00;5,00;0,00;17,00;43,00;0,00;5,00;12,00
2021-07-04;29,00;0,00;0,00;0,00;0,00;0,00;0,00;0,00;0,00;0,00;6,00;0,00;0,00;0,00;0,00;0,00;0,00;0,00;0,00;35,30;6,30;8,83;5,04;30,00;7,00;0,00;0,00;12,69;54,38;5,44;5,44;113,77;11,15;8,92;4,46;21,00;7,00;0,00;12,00;45,00;0,00;0,00;0,00
2021-07-11;16,00;0,00;0,00;0,00;0,00;0,00;23,00;0,00;0,00;5,00;11,00;0,00;0,00;0,00;0,00;0,00;0,00;7,00;0,00;51,69;16,00;0,00;8,62;24,00;0,00;6,00;0,00;10,67;62,22;19,56;10,67;91,43;11,43;0,00;0,00;12,00;0,00;0,00;44,00;33,00;10,00;0,00;16,00
2021-07-18;15,00;0,00;0,00;0,00;0,00;0,00;0,00;6,00;0,00;0,00;0,00;6,00;0,00;0,00;0,00;0,00;0,00;0,00;0,00;40,00;5,00;10,00;7,50;8,00;7,00;0,00;5,00;5,63;95,63;0,00;0,00;102,86;0,00;0,00;6,43;18,00;0,00;0,00;17,00;40,00;9,00;0,00;10,00
2021-07-25;20,00;0,00;0,00;11,00;0,00;0,00;0,00;0,00;0,00;0,00;8,00;8,00;0,00;0,00;6,00;0,00;0,00;0,00;0,00;28,75;0,00;8,75;0,00;14,00;0,00;0,00;5,00;16,36;92,73;16,36;10,91;100,00;11,11;6,67;6,67;0,00;0,00;0,00;26,00;22,00;5,00;0,00;15,00
2021-08-01;50,00;0,00;0,00;0,00;14,00;0,00;0,00;0,00;0,00;0,00;0,00;5,00;12,00;0,00;7,00;0,00;0,00;0,00;0,00;35,37;12,20;0,00;6,10;32,00;0,00;0,00;0,00;10,71;50,00;10,71;5,36;118,18;0,00;18,18;0,00;15,00;7,00;12,00;10,00;29,00;9,00;17,00;0,00
2021-08-08;26,00;0,00;0,00;0,00;0,00;0,00;0,00;7,00;0,00;5,00;8,00;6,00;0,00;0,00;0,00;0,00;7,00;0,00;0,00;34,67;0,00;11,14;6,19;7,00;0,00;0,00;14,00;0,00;65,87;12,13;0,00;82,33;0,00;0,00;0,00;10,00;0,00;0,00;14,00;32,00;0,00;7,00;0,00
2021-08-15;20,00;0,00;0,00;0,00;0,00;7,00;0,00;0,00;15,00;0,00;0,00;0,00;0,00;17,00;10,00;0,00;0,00;0,00;0,00;30,00;15,00;16,25;7,50;28,00;0,00;0,00;0,00;7,27;85,45;9,09;0,00;115,56;4,44;6,67;0,00;16,00;0,00;0,00;15,00;31,00;9,00;5,00;11,00
2021-08-22;15,00;0,00;0,00;0,00;6,00;0,00;0,00;0,00;0,00;7,00;0,00;0,00;0,00;7,00;0,00;0,00;0,00;0,00;0,00;40,00;6,25;0,00;8,75;11,00;0,00;5,00;0,00;0,00;39,38;11,25;5,63;81,43;10,71;0,00;6,43;7,00;0,00;0,00;9,00;37,00;6,00;0,00;13,00
2021-08-29;18,00;0,00;0,00;0,00;0,00;0,00;0,00;0,00;0,00;0,00;0,00;5,00;0,00;0,00;0,00;0,00;11,00;0,00;0,00;32,40;10,80;9,60;0,00;0,00;0,00;5,00;0,00;0,00;59,40;0,00;0,00;103,50;22,50;4,50;0,00;11,00;0,00;5,00;10,00;21,00;0,00;0,00;12,00
2021-09-05;20,00;0,00;0,00;0,00;0,00;0,00;5,00;0,00;0,00;0,00;0,00;0,00;0,00;0,00;0,00;0,00;0,00;0,00;0,00;56,25;0,00;6,25;0,00;8,00;0,00;0,00;0,00;23,64;43,64;7,27;0,00;75,56;4,44;13,33;0,00;8,00;30,00;0,00;0,00;23,00;6,00;16,00;9,00
2021-09-12;26,00;0,00;0,00;0,00;0,00;0,00;0,00;0,00;6,00;6,00;0,00;0,00;0,00;0,00;0,00;5,00;0,00;0,00;0,00;12,38;4,95;7,43;0,00;14,00;0,00;7,00;0,00;8,67;52,00;0,00;8,67;91,00;10,83;0,00;6,50;12,00;0,00;0,00;14,00;30,00;0,00;0,00;6,00
2021-09-19;10,00;0,00;0,00;0,00;16,00;0,00;0,00;5,00;0,00;0,00;0,00;0,00;0,00;0,00;0,00;0,00;0,00;0,00;5,00;33,75;0,00;0,00;0,00;11,00;0,00;8,00;0,00;8,33;25,00;16,67;0,00;67,50;0,00;27,50;5,00;0,00;0,00;5,00;19,00;34,00;0,00;0,00;10,00
2021-09-26;36,00;0,00;0,00;0,00;0,00;0,00;0,00;0,00;0,00;5,00;0,00;9,00;0,00;0,00;12,00;0,00;0,00;0,00;0,00;11,17;6,21;19,86;4,97;5,00;14,00;0,00;0,00;5,40;50,40;0,00;0,00;90,00;6,75;29,25;13,50;0,00;0,00;0,00;13,00;33,00;0,00;5,00;0,00
2021-10-03;26,00;0,00;0,00;0,00;0,00;0,00;0,00;0,00;15,00;0,00;6,00;8,00;0,00;0,00;0,00;0,00;8,00;0,00;0,00;44,57;9,90;11,14;0,00;8,00;0,00;0,00;16,00;0,00;45,07;17,33;0,00;78,00;13,00;10,83;0,00;13,00;0,00;0,00;11,00;31,00;0,00;0,00;6,00
2021-10-10;23,00;0,00;0,00;0,00;0,00;0,00;0,00;0,00;0,00;0,00;0,00;6,00;5,00;0,00;6,00;6,00;0,00;0,00;0,00;37,06;11,50;0,00;0,00;5,00;0,00;0,00;16,00;0,00;35,38;0,00;0,00;66,70;9,20;13,80;0,00;9,00;0,00;8,00;17,00;41,00;6,00;0,00;9,00
2021-10-17;28,00;0,00;0,00;0,00;0,00;16,00;6,00;7,00;0,00;0,00;0,00;0,00;0,00;0,00;0,00;0,00;0,00;0,00;0,00;26,78;9,74;8,52;6,09;7,00;0,00;0,00;0,00;8,75;29,75;0,00;0,00;74,67;16,33;11,67;4,67;0,00;14,00;0,00;9,00;34,00;0,00;0,00;9,00
2021-10-24;15,00;0,00;0,00;0,00;0,00;0,00;15,00;0,00;0,00;0,00;0,00;7,00;0,00;6,00;0,00;0,00;8,00;0,00;0,00;28,85;0,00;0,00;16,15;8,00;0,00;0,00;7,00;0,00;28,33;11,67;5,00;57,86;12,86;15,00;0,00;12,00;0,00;6,00;12,00;31,00;13,00;0,00;12,00
2021-10-31;21,00;0,00;0,00;9,00;0,00;0,00;0,00;7,00;0,00;0,00;0,00;0,00;0,00;0,00;0,00;0,00;0,00;0,00;0,00;25,94;0,00;0,00;9,88;15,00;0,00;7,00;0,00;0,00;24,50;24,50;8,75;60,67;0,00;11,67;4,67;7,00;11,00;0,00;0,00;23,00;6,00;0,00;10,00
2021-11-07;7,00;0,00;0,00;0,00;0,00;9,00;0,00;0,00;0,00;0,00;0,00;0,00;0,00;0,00;0,00;0,00;0,00;0,00;0,00;24,50;0,00;10,50;0,00;16,00;0,00;0,00;0,00;0,00;26,25;0,00;5,25;53,67;14,00;11,67;0,00;5,00;0,00;0,00;7,00;23,00;5,00;0,00;0,00
2021-11-14;20,00;0,00;0,00;0,00;0,00;0,00;0,00;6,00;0,00;0,00;12,00;5,00;0,00;0,00;0,00;0,00;0,00;0,00;5,00;43,75;0,00;7,50;11,25;19,00;0,00;0,00;0,00;20,00;23,64;5,45;0,00;53,33;4,44;13,33;4,44;7,00;10,00;0,00;0,00;17,00;9,00;0,00;0,00
2021-11-21;16,00;0,00;0,00;0,00;10,00;0,00;0,00;0,00;5,00;0,00;5,00;7,00;0,00;0,00;9,00;0,00;0,00;0,00;7,00;22,15;0,00;11,08;3,69;0,00;0,00;0,00;0,00;8,89;7,11;0,00;12,44;59,43;4,57;9,14;0,00;0,00;0,00;0,00;12,00;27,00;0,00;0,00;0,00
2021-11-28;20,00;0,00;0,00;0,00;0,00;0,00;0,00;0,00;0,00;10,00;0,00;9,00;0,00;9,00;0,00;0,00;8,00;0,00;0,00;10,00;8,75;18,75;8,75;6,00;0,00;0,00;0,00;9,09;14,55;0,00;0,00;44,44;6,67;6,67;6,67;16,00;9,00;6,00;14,00;28,00;0,00;0,00;10,00
2021-12-05;26,00;0,00;0,00;0,00;0,00;0,00;0,00;0,00;0,00;0,00;0,00;0,00;0,00;0,00;0,00;0,00;0,00;0,00;6,00;13,62;4,95;9,90;0,00;9,00;0,00;0,00;0,00;0,00;13,87;0,00;0,00;49,64;7,09;7,09;7,09;7,00;0,00;0,00;5,00;32,00;5,00;0,00;5,00
2021-12-12;25,00;5,00;0,00;0,00;0,00;8,00;0,00;0,00;0,00;0,00;0,00;0,00;0,00;0,00;0,00;5,00;0,00;0,00;0,00;26,19;9,52;8,33;0,00;13,00;8,00;7,00;0,00;8,93;10,71;5,36;0,00;34,09;0,00;0,00;0,00;7,00;7,00;0,00;12,00;24,00;0,00;0,00;0,00
2021-12-19;12,00;0,00;0,00;0,00;0,00;0,00;0,00;0,00;17,00;0,00;0,00;0,00;9,00;0,00;0,00;0,00;0,00;0,00;0,00;26,40;0,00;0,00;4,80;6,00;0,00;0,00;0,00;0,00;6,86;6,86;0,00;28,80;14,40;16,80;31,20;6,00;8,00;0,00;9,00;18,00;0,00;11,00;5,00
2021-12-26;30,00;0,00;0,00;0,00;0,00;0,00;0,00;0,00;0,00;0,00;0,00;0,00;0,00;0,00;0,00;0,00;0,00;0,00;0,00;25,20;0,00;19,20;0,00;15,00;0,00;0,00;5,00;5,29;19,41;10,59;0,00;62,31;11,54;30,00;0,00;11,00;0,00;0,00;5,00;39,00;0,00;0,00;7,00
2022-01-02;48,00;5,00;0,00;7,00;0,00;0,00;0,00;9,00;0,00;0,00;0,00;0,00;0,00;0,00;0,00;9,00;0,00;0,00;0,00;30,77;12,31;8,62;0,00;11,00;0,00;0,00;0,00;7,11;53,33;12,44;10,67;82,29;0,00;11,43;4,57;0,00;0,00;0,00;5,00;31,00;11,00;0,00;9,00
2022-01-09;10,00;0,00;0,00;10,00;0,00;0,00;6,00;0,00;0,00;8,00;0,00;0,00;16,00;0,00;5,00;6,00;0,00;0,00;0,00;33,75;0,00;7,50;6,25;18,00;0,00;0,00;0,00;0,00;26,67;0,00;0,00;92,50;7,50;25,00;12,50;0,00;0,00;0,00;8,00;23,00;0,00;0,00;0,00
2022-01-16;17,00;9,00;0,00;0,00;0,00;0,00;0,00;0,00;0,00;0,00;0,00;0,00;0,00;0,00;0,00;5,00;0,00;0,00;0,00;47,36;0,00;0,00;0,00;0,00;0,00;0,00;0,00;5,10;20,40;0,00;0,00;61,63;19,13;0,00;8,50;9,00;0,00;9,00;6,00;32,00;11,00;0,00;0,00
2022-01-23;27,00;0,00;0,00;0,00;0,00;0,00;0,00;0,00;0,00;0,00;0,00;15,00;4,00;0,00;0,00;0,00;6,00;0,00;8,00;56,45;6,14;7,36;9,82;0,00;0,00;0,00;0,00;9,00;34,20;25,20;0,00;72,00;18,00;31,50;9,00;15,00;0,00;0,00;6,00;25,00;8,00;4,00;0,00
2022-01-30;32,00;0,00;0,00;0,00;0,00;0,00;0,00;0,00;0,00;0,00;0,00;0,00;0,00;7,00;0,00;0,00;0,00;0,00;0,00;46,77;8,62;0,00;8,62;12,00;0,00;19,00;0,00;7,11;44,44;8,89;12,44;96,00;18,29;22,86;13,71;10,00;8,00;0,00;25,00;34,00;0,00;8,00;12,00
2022-02-06;38,00;0,00;0,00;0,00;0,00;0,00;0,00;0,00;0,00;0,00;7,00;14,00;0,00;0,00;0,00;0,00;0,00;0,00;0,00;57,00;0,00;13,93;0,00;18,00;7,00;7,00;10,00;12,67;72,38;0,00;5,43;114,00;21,38;19,00;19,00;16,00;0,00;7,00;13,00;57,00;6,00;0,00;0,00
2022-02-13;52,00;0,00;0,00;0,00;0,00;0,00;0,00;0,00;0,00;0,00;0,00;8,00;0,00;0,00;0,00;0,00;5,00;7,00;0,00;55,71;7,43;7,43;0,00;0,00;0,00;0,00;0,00;8,97;53,79;12,55;0,00;126,61;6,78;15,83;0,00;30,00;0,00;0,00;14,00;49,00;8,00;0,00;4,00
2022-02-20;45,00;0,00;0,00;0,00;0,00;4,00;4,00;3,00;0,00;11,00;5,00;14,00;0,00;0,00;0,00;0,00;0,00;0,00;5,00;77,50;0,00;12,50;7,50;13,00;0,00;0,00;5,00;0,00;68,40;7,20;0,00;182,25;13,50;24,75;11,25;19,00;4,00;0,00;31,00;45,00;4,00;0,00;14,00
2022-02-27;45,00;5,00;0,00;0,00;0,00;0,00;0,00;4,00;0,00;0,00;0,00;13,00;0,00;0,00;0,00;0,00;0,00;0,00;0,00;55,95;0,00;9,73;7,30;18,00;0,00;5,00;0,00;0,00;43,20;9,00;0,00;110,25;18,00;20,25;11,25;35,00;25,00;0,00;19,00;46,00;4,00;0,00;20,00
2022-03-06;57,00;0,00;0,00;0,00;8,00;0,00;0,00;0,00;0,00;0,00;0,00;0,00;4,00;0,00;0,00;6,00;0,00;0,00;0,00;55,76;12,39;21,07;0,00;17,00;0,00;8,00;0,00;5,34;53,44;12,47;5,34;88,92;20,52;34,20;15,96;29,00;0,00;0,00;14,00;24,00;10,00;0,00;6,00
2022-03-13;41,00;0,00;0,00;0,00;0,00;0,00;9,00;0,00;0,00;8,00;5,00;0,00;4,00;6,00;4,00;0,00;0,00;0,00;0,00;79,52;9,94;18,64;16,15;10,00;6,00;6,00;0,00;0,00;87,35;10,70;14,26;159,44;13,67;38,72;13,67;14,00;5,00;16,00;16,00;46,00;9,00;4,00;0,00
2022-03-20;64,00;0,00;0,00;0,00;0,00;0,00;0,00;7,00;0,00;0,00;0,00;7,00;0,00;0,00;0,00;4,00;4,00;10,00;0,00;72,62;4,92;13,54;4,92;6,00;0,00;6,00;6,00;10,67;87,11;10,67;14,22;150,86;13,71;38,86;11,43;26,00;6,00;4,00;20,00;58,00;10,00;0,00;4,00
2022-03-27;51,00;0,00;0,00;0,00;0,00;0,00;3,00;0,00;0,00;7,00;0,00;9,00;0,00;0,00;4,00;0,00;8,00;0,00;5,00;88,64;7,29;15,79;3,64;23,00;0,00;0,00;0,00;7,03;80,90;5,28;0,00;155,22;15,52;44,35;8,87;19,00;0,00;4,00;25,00;53,00;5,00;0,00;8,00
2022-04-03;53,00;5,00;0,00;0,00;0,00;0,00;5,00;3,00;4,00;0,00;5,00;0,00;0,00;0,00;5,00;0,00;5,00;0,00;6,00;73,95;8,63;9,86;9,86;11,00;9,00;4,00;5,00;17,67;67,13;12,37;5,30;163,61;18,43;29,96;16,13;17,00;8,00;0,00;28,00;48,00;22,00;3,00;15,00
2022-04-10;62,00;0,00;0,00;0,00;0,00;0,00;0,00;8,00;0,00;0,00;7,00;0,00;0,00;0,00;0,00;0,00;7,00;0,00;0,00;91,76;11,16;17,36;9,92;9,00;0,00;0,00;5,00;15,94;74,40;12,40;5,31;174,52;32,15;34,44;9,19;23,00;0,00;0,00;26,00;68,00;18,00;0,00;9,00
2022-04-17;56,00;0,00;0,00;0,00;0,00;0,00;0,00;0,00;0,00;0,00;0,00;9,00;0,00;0,00;5,00;0,00;5,00;0,00;0,00;92,52;7,30;4,87;9,74;11,00;3,00;7,00;0,00;10,84;108,39;10,84;5,42;176,96;17,92;44,80;17,92;35,00;6,00;0,00;20,00;65,00;5,00;0,00;14,00
2022-04-24;60,00;0,00;0,00;0,00;0,00;9,00;0,00;6,00;7,00;5,00;0,00;7,00;0,00;0,00;12,00;0,00;0,00;0,00;0,00;80,82;11,02;25,71;14,69;22,00;0,00;7,00;11,00;19,41;98,82;12,35;0,00;205,38;25,38;32,31;9,23;9,00;0,00;0,00;16,00;68,00;36,00;0,00;4,00
2022-05-01;88,00;7,00;0,00;0,00;0,00;0,00;0,00;0,00;0,00;4,00;0,00;0,00;0,00;0,00;0,00;0,00;0,00;0,00;0,00;92,96;7,44;13,63;0,00;18,00;0,00;6,00;0,00;8,98;120,33;7,18;0,00;231,58;18,53;34,74;16,21;46,00;5,00;7,00;31,00;69,00;12,00;0,00;14,00
2022-05-08;82,00;0,00;0,00;4,00;0,00;5,00;0,00;9,00;0,00;0,00;0,00;12,00;4,00;0,00;0,00;4,00;9,00;7,00;0,00;105,61;11,18;18,64;11,18;13,00;4,00;0,00;0,00;17,83;110,52;5,35;0,00;200,44;13,67;18,22;20,50;16,00;4,00;0,00;31,00;82,00;9,00;0,00;21,00
2022-05-15;70,00;0,00;0,00;0,00;0,00;0,00;0,00;0,00;7,00;0,00;0,00;10,00;0,00;0,00;0,00;0,00;0,00;0,00;0,00;81,05;18,42;14,74;13,51;21,00;0,00;4,00;0,00;17,95;109,49;19,74;5,38;189,00;30,33;18,67;9,33;27,00;12,00;0,00;15,00;68,00;18,00;11,00;21,00
2022-05-22;69,00;0,00;0,00;0,00;0,00;0,00;0,00;0,00;6,00;0,00;0,00;27,00;0,00;0,00;0,00;6,00;0,00;6,00;0,00;85,02;28,34;18,48;7,39;22,00;0,00;7,00;0,00;19,46;113,23;23,00;0,00;186,30;13,80;25,30;13,80;30,00;6,00;0,00;12,00;59,00;6,00;0,00;7,00
2022-05-29;100,00;0,00;0,00;7,00;0,00;0,00;0,00;9,00;0,00;0,00;5,00;17,00;0,00;0,00;7,00;0,00;0,00;0,00;0,00;75,31;9,88;25,93;11,11;21,00;4,00;0,00;7,00;21,43;103,57;14,29;7,14;170,45;18,18;29,55;6,82;26,00;0,00;7,00;23,00;85,00;10,00;0,00;14,00
2022-06-05;67,00;0,00;0,00;0,00;0,00;0,00;0,00;0,00;5,00;7,00;0,00;9,00;0,00;0,00;0,00;0,00;7,00;8,00;8,00;94,30;13,65;35,98;6,20;7,00;0,00;0,00;0,00;10,86;117,70;16,30;3,62;201,00;32,34;32,34;20,79;40,00;6,00;12,00;28,00;63,00;7,00;0,00;4,00
2022-06-12;82,00;8,00;0,00;0,00;0,00;0,00;0,00;10,00;0,00;0,00;0,00;19,00;5,00;0,00;0,00;12,00;4,00;10,00;0,00;95,46;11,01;19,58;17,13;16,00;0,00;0,00;10,00;21,39;135,48;10,70;7,13;207,28;38,72;36,44;25,06;32,00;9,00;24,00;32,00;68,00;18,00;0,00;15,00
2022-06-19;74,00;0,00;0,00;0,00;0,00;11,00;7,00;8,00;0,00;0,00;0,00;6,00;4,00;0,00;0,00;0,00;19,00;0,00;0,00;99,90;8,63;13,57;18,50;29,00;11,00;8,00;0,00;19,38;116,29;15,86;0,00;206,30;24,67;29,15;0,00;30,00;6,00;4,00;31,00;78,00;0,00;0,00;5,00
2022-06-26;77,00;0,00;0,00;0,00;10,00;0,00;10,00;15,00;0,00;0,00;4,00;15,00;0,00;0,00;0,00;10,00;0,00;0,00;0,00;100,22;9,78;18,33;15,89;11,00;5,00;0,00;0,00;25,07;130,72;26,86;7,16;178,91;22,65;27,18;6,79;38,00;6,00;0,00;17,00;80,00;12,00;6,00;20,00
2022-07-03;86,00;0,00;0,00;0,00;0,00;0,00;5,00;0,00;0,00;0,00;5,00;5,00;8,00;0,00;0,00;6,00;9,00;0,00;0,00;122,86;0,00;31,94;7,37;39,00;0,00;13,00;0,00;17,92;132,58;21,50;10,75;165,21;15,84;20,37;13,58;29,00;0,00;8,00;23,00;94,00;15,00;0,00;8,00
2022-07-10;61,00;0,00;0,00;0,00;0,00;0,00;5,00;5,00;0,00;0,00;5,00;40,00;0,00;0,00;7,00;5,00;0,00;0,00;0,00;104,57;8,71;18,67;0,00;27,00;10,00;5,00;0,00;12,56;111,24;32,29;5,38;189,78;18,07;24,85;0,00;39,00;6,00;5,00;24,00;84,00;8,00;0,00;10,00
2022-07-17;65,00;0,00;0,00;11,00;0,00;6,00;0,00;0,00;5,00;8,00;0,00;8,00;5,00;0,00;0,00;0,00;0,00;0,00;0,00;107,92;6,13;12,26;7,36;28,00;8,00;6,00;0,00;28,89;162,50;16,25;0,00;192,68;4,64;44,11;4,64;42,00;7,00;6,00;22,00;66,00;17,00;0,00;18,00
2022-07-24;77,00;6,00;0,00;9,00;5,00;0,00;0,00;0,00;0,00;0,00;0,00;6,00;0,00;0,00;9,00;0,00;14,00;0,00;0,00;80,67;11,00;25,67;8,56;39,00;0,00;0,00;0,00;21,49;130,72;14,33;0,00;183,44;13,59;11,32;9,06;24,00;0,00;10,00;21,00;86,00;15,00;0,00;23,00
2022-07-31;37,00;0,00;0,00;0,00;0,00;0,00;0,00;0,00;7,00;0,00;8,00;9,00;16,00;0,00;0,00;0,00;6,00;0,00;0,00;78,93;4,93;35,77;13,57;27,00;7,00;10,00;0,00;12,33;140,95;5,29;0,00;203,50;20,81;13,88;18,50;33,00;8,00;8,00;17,00;92,00;13,00;4,00;19,00
2022-08-07;68,00;0,00;0,00;0,00;0,00;0,00;24,00;0,00;0,00;10,00;0,00;13,00;0,00;0,00;0,00;0,00;4,00;0,00;6,00;82,84;7,42;12,36;6,18;21,00;6,00;10,00;6,00;16,11;125,26;7,16;0,00;151,87;22,67;18,13;15,87;34,00;23,00;0,00;30,00;56,00;12,00;0,00;8,00
2022-08-14;74,00;0,00;0,00;4,00;0,00;9,00;8,00;0,00;0,00;0,00;7,00;9,00;0,00;0,00;0,00;0,00;0,00;0,00;0,00;91,27;4,93;11,10;12,33;9,00;11,00;15,00;0,00;17,62;176,19;15,86;5,29;224,24;8,97;26,91;17,94;25,00;16,00;6,00;23,00;84,00;18,00;0,00;9,00
2022-08-21;69,00;0,00;0,00;0,00;0,00;0,00;0,00;0,00;8,00;0,00;12,00;0,00;7,00;11,00;0,00;0,00;0,00;0,00;0,00;83,79;9,86;9,86;0,00;9,00;0,00;15,00;0,00;14,15;113,23;23,00;0,00;174,80;13,80;23,00;18,40;26,00;0,00;4,00;25,00;55,00;9,00;0,00;14,00
2022-08-28;72,00;0,00;0,00;0,00;8,00;0,00;0,00;6,00;7,00;0,00;0,00;0,00;0,00;0,00;9,00;0,00;10,00;0,00;0,00;106,76;7,45;6,21;0,00;34,00;15,00;0,00;0,00;10,80;100,80;16,20;0,00;155,61;6,97;30,19;6,97;26,00;0,00;13,00;19,00;74,00;12,00;4,00;4,00
2022-09-04;44,00;0,00;0,00;0,00;0,00;0,00;0,00;0,00;7,00;0,00;15,00;9,00;0,00;0,00;0,00;0,00;9,00;0,00;0,00;101,44;0,00;22,00;13,44;24,00;6,00;0,00;0,00;24,64;72,16;14,08;10,56;162,80;13,20;19,80;4,40;12,00;0,00;12,00;22,00;63,00;12,00;0,00;0,00
2022-09-11;56,00;0,00;0,00;0,00;0,00;7,00;6,00;0,00;0,00;4,00;0,00;22,00;7,00;0,00;8,00;0,00;4,00;0,00;4,00;80,35;14,61;25,57;7,30;13,00;0,00;7,00;0,00;14,00;68,25;0,00;0,00;141,12;15,68;22,40;11,20;16,00;5,00;0,00;23,00;41,00;10,00;4,00;9,00
2022-09-18;41,00;0,00;0,00;0,00;0,00;0,00;0,00;0,00;0,00;0,00;6,00;17,00;13,00;0,00;0,00;0,00;6,00;0,00;0,00;51,85;7,24;13,26;9,65;0,00;0,00;4,00;0,00;8,91;85,57;16,04;0,00;159,44;29,61;20,50;15,94;20,00;6,00;5,00;33,00;68,00;0,00;0,00;11,00
2022-09-25;30,00;0,00;0,00;20,00;0,00;0,00;0,00;0,00;0,00;0,00;6,00;0,00;0,00;0,00;0,00;0,00;0,00;7,00;0,00;57,50;6,25;6,25;8,75;16,00;0,00;15,00;7,00;5,29;65,29;8,82;5,29;136,15;16,15;39,23;13,85;17,00;6,00;4,00;23,00;53,00;12,00;5,00;6,00
2022-10-02;44,00;0,00;0,00;0,00;0,00;4,00;6,00;0,00;0,00;0,00;0,00;5,00;0,00;0,00;0,00;0,00;5,00;11,00;0,00;45,22;0,00;4,89;11,00;16,00;9,00;8,00;0,00;0,00;52,80;0,00;0,00;113,47;0,00;27,79;11,58;17,00;13,00;0,00;22,00;42,00;0,00;0,00;14,00
2022-10-09;42,00;7,00;0,00;0,00;0,00;0,00;0,00;14,00;0,00;0,00;0,00;6,00;0,00;0,00;6,00;0,00;0,00;7,00;0,00;46,94;0,00;16,06;11,12;0,00;0,00;6,00;13,00;5,48;47,48;5,48;0,00;98,00;16,33;46,67;30,33;25,00;10,00;0,00;19,00;59,00;9,00;0,00;7,00
2022-10-16;36,00;0,00;0,00;0,00;0,00;6,00;0,00;0,00;0,00;0,00;0,00;8,00;0,00;7,00;0,00;7,00;0,00;0,00;0,00;47,17;6,21;12,41;8,69;16,00;6,00;13,00;0,00;10,80;54,00;7,20;0,00;94,50;11,25;24,75;22,50;22,00;0,00;0,00;17,00;47,00;0,00;15,00;9,00
2022-10-23;16,00;8,00;0,00;0,00;0,00;0,00;0,00;0,00;0,00;0,00;0,00;0,00;0,00;0,00;0,00;8,00;0,00;4,00;0,00;30,77;8,62;19,69;9,85;11,00;0,00;0,00;0,00;0,00;35,56;7,11;8,89;96,00;0,00;13,71;22,86;21,00;5,00;0,00;10,00;46,00;17,00;0,00;12,00
2022-10-30;25,00;0,00;0,00;0,00;0,00;0,00;0,00;0,00;0,00;6,00;0,00;7,00;0,00;0,00;0,00;0,00;0,00;0,00;14,00;46,25;0,00;11,25;0,00;17,00;9,00;20,00;0,00;7,14;41,07;0,00;5,36;95,45;11,36;20,45;25,00;16,00;12,00;0,00;0,00;35,00;9,00;0,00;4,00
2022-11-06;30,00;0,00;0,00;0,00;0,00;0,00;0,00;0,00;0,00;0,00;0,00;4,00;0,00;7,00;28,00;13,00;5,00;0,00;17,00;37,50;0,00;21,25;5,00;16,00;0,00;0,00;7,00;14,12;40,59;15,88;3,53;78,46;11,54;11,54;6,92;16,00;10,00;7,00;11,00;41,00;11,00;14,00;9,00
2022-11-13;21,00;0,00;0,00;0,00;0,00;0,00;4,00;0,00;0,00;0,00;6,00;0,00;0,00;0,00;0,00;0,00;7,00;0,00;0,00;29,65;7,41;6,18;4,94;7,00;0,00;0,00;0,00;0,00;22,75;14,00;0,00;72,33;0,00;25,67;23,33;4,00;20,00;9,00;21,00;16,00;0,00;0,00;14,00
2022-11-20;30,00;0,00;0,00;0,00;0,00;0,00;0,00;0,00;0,00;0,00;0,00;9,00;0,00;0,00;0,00;0,00;5,00;0,00;0,00;38,40;0,00;10,80;18,00;14,00;0,00;0,00;10,00;8,82;0,00;3,53;0,00;76,15;11,54;9,23;4,62;17,00;8,00;0,00;20,00;24,00;0,00;0,00;9,00
2022-11-27;23,00;0,00;0,00;0,00;0,00;0,00;8,00;6,00;0,00;0,00;13,00;0,00;0,00;0,00;0,00;0,00;0,00;0,00;0,00;39,95;0,00;0,00;18,16;11,00;0,00;6,00;0,00;0,00;35,38;7,08;0,00;85,10;16,10;23,00;11,50;12,00;7,00;0,00;0,00;37,00;10,00;0,00;13,00
2022-12-04;34,00;0,00;0,00;5,00;0,00;0,00;0,00;5,00;0,00;0,00;0,00;7,00;10,00;0,00;0,00;0,00;0,00;6,00;0,00;36,52;0,00;11,33;0,00;9,00;0,00;0,00;0,00;16,11;28,63;0,00;0,00;56,67;6,80;15,87;13,60;8,00;4,00;0,00;0,00;39,00;9,00;0,00;0,00
2022-12-11;40,00;0,00;0,00;4,00;0,00;0,00;0,00;0,00;0,00;0,00;0,00;0,00;0,00;0,00;0,00;0,00;10,00;0,00;9,00;38,79;13,33;8,48;4,85;0,00;0,00;11,00;0,00;0,00;29,57;8,70;0,00;46,67;17,78;8,89;11,11;12,00;20,00;15,00;6,00;35,00;0,00;0,00;7,00
2022-12-18;20,00;0,00;0,00;0,00;12,00;0,00;0,00;0,00;0,00;0,00;8,00;0,00;6,00;0,00;0,00;0,00;0,00;9,00;0,00;34,12;7,06;16,47;9,41;8,00;0,00;15,00;0,00;10,91;41,82;18,18;0,00;46,67;8,89;11,11;6,67;13,00;13,00;0,00;14,00;32,00;11,00;0,00;18,00
2022-12-25;40,00;0,00;0,00;23,00;0,00;0,00;0,00;8,00;9,00;0,00;0,00;0,00;0,00;0,00;0,00;0,00;0,00;10,00;0,00;59,39;9,70;6,06;6,06;10,00;0,00;0,00;10,00;10,91;58,18;16,36;9,09;106,67;13,33;40,00;15,56;18,00;0,00;0,00;14,00;42,00;0,00;0,00;27,00
2023-01-01;42,00;8,00;0,00;0,00;0,00;0,00;0,00;0,00;6,00;0,00;6,00;11,00;0,00;5,00;0,00;0,00;0,00;0,00;0,00;91,41;21,00;0,00;8,65;11,00;7,00;7,00;0,00;5,48;69,39;9,13;0,00;140,00;21,00;46,67;28,00;15,00;0,00;8,00;22,00;62,00;10,00;6,00;12,00
2023-01-08;60,00;0,00;0,00;0,00;4,00;0,00;0,00;5,00;0,00;5,00;13,00;9,00;0,00;0,00;5,00;4,00;10,00;5,00;0,00;85,71;15,92;12,24;0,00;7,00;6,00;5,00;0,00;10,59;61,76;0,00;0,00;150,00;25,38;41,54;25,38;25,00;10,00;17,00;22,00;62,00;13,00;5,00;14,00
2023-01-15;61,00;0,00;0,00;0,00;0,00;16,00;0,00;0,00;0,00;0,00;0,00;10,00;0,00;0,00;0,00;0,00;4,00;0,00;0,00;82,16;9,96;16,18;7,47;4,00;0,00;8,00;0,00;8,97;68,18;23,32;0,00;142,33;31,63;38,41;22,59;24,00;8,00;0,00;19,00;39,00;6,00;0,00;9,00
2023-01-22;64,00;0,00;0,00;0,00;5,00;0,00;0,00;0,00;8,00;0,00;0,00;7,00;12,00;0,00;4,00;0,00;6,00;0,00;0,00;92,31;6,15;18,46;3,69;17,00;0,00;14,00;0,00;8,89;55,11;10,67;0,00;153,14;6,86;38,86;20,57;13,00;17,00;15,00;28,00;44,00;14,00;0,00;22,00
2023-01-29;58,00;0,00;0,00;0,00;11,00;0,00;0,00;0,00;0,00;0,00;6,00;11,00;0,00;0,00;0,00;0,00;14,00;0,00;0,00;82,68;6,17;11,11;9,87;16,00;0,00;10,00;0,00;12,30;56,24;7,03;7,03;194,88;11,60;37,12;27,84;13,00;0,00;0,00;25,00;65,00;8,00;4,00;17,00
2023-02-05;75,00;0,00;0,00;0,00;0,00;0,00;0,00;7,00;0,00;0,00;0,00;15,00;0,00;9,00;0,00;18,00;15,00;0,00;0,00;99,59;12,30;19,67;25,82;11,00;0,00;10,00;7,00;7,14;75,00;5,36;7,14;179,55;22,73;40,91;29,55;21,00;4,00;0,00;12,00;56,00;10,00;0,00;19,00
2023-02-12;64,00;0,00;0,00;0,00;5,00;0,00;0,00;0,00;0,00;15,00;8,00;24,00;6,00;0,00;0,00;0,00;4,00;0,00;0,00;62,77;6,15;28,31;0,00;16,00;0,00;19,00;0,00;5,33;55,11;8,89;0,00;166,86;25,14;29,71;16,00;24,00;10,00;0,00;15,00;47,00;15,00;0,00;10,00
2023-02-19;68,00;0,00;0,00;0,00;7,00;0,00;0,00;6,00;0,00;0,00;0,00;21,00;0,00;0,00;0,00;0,00;9,00;0,00;11,00;72,95;9,89;13,60;4,95;7,00;0,00;4,00;7,00;8,95;46,53;14,32;0,00;154,13;20,40;43,07;20,40;20,00;6,00;0,00;35,00;72,00;5,00;6,00;13,00
2023-02-26;74,00;0,00;0,00;0,00;0,00;0,00;0,00;4,00;0,00;11,00;0,00;11,00;0,00;0,00;17,00;0,00;0,00;0,00;0,00;98,67;0,00;8,63;0,00;8,00;0,00;0,00;0,00;12,63;64,98;0,00;5,41;136,44;16,19;32,38;32,38;28,00;0,00;6,00;19,00;68,00;0,00;0,00;5,00
2023-03-05;81,00;0,00;0,00;0,00;0,00;5,00;6,00;0,00;0,00;0,00;4,00;22,00;0,00;0,00;0,00;0,00;8,00;0,00;0,00;106,77;0,00;18,41;6,14;16,00;11,00;16,00;0,00;5,40;66,60;5,40;0,00;166,50;18,00;24,75;18,00;15,00;0,00;4,00;25,00;71,00;10,00;0,00;28,00
2023-03-12;64,00;0,00;0,00;0,00;0,00;0,00;0,00;0,00;0,00;0,00;0,00;24,00;0,00;0,00;0,00;4,00;4,00;0,00;0,00;94,77;13,54;20,92;11,08;12,00;0,00;0,00;0,00;17,78;46,22;12,44;3,56;137,14;11,43;32,00;13,71;17,00;0,00;0,00;28,00;72,00;11,00;5,00;16,00
2023-03-19;72,00;0,00;0,00;0,00;0,00;0,00;12,00;0,00;4,00;0,00;0,00;24,00;6,00;0,00;0,00;10,00;9,00;0,00;0,00;108,61;9,76;24,41;0,00;22,00;11,00;12,00;0,00;12,29;61,46;0,00;0,00;148,50;20,25;54,00;33,75;33,00;11,00;6,00;34,00;56,00;14,00;5,00;17,00
2023-03-26;59,00;0,00;0,00;0,00;0,00;0,00;0,00;0,00;0,00;0,00;0,00;18,00;0,00;0,00;0,00;0,00;15,00;0,00;0,00;93,42;12,29;22,13;7,38;17,00;7,00;5,00;0,00;16,09;60,79;0,00;3,58;140,69;18,15;22,69;18,15;24,00;12,00;5,00;25,00;69,00;10,00;0,00;17,00
2023-04-02;70,00;4,00;0,00;5,00;0,00;0,00;0,00;4,00;5,00;0,00;0,00;9,00;0,00;0,00;0,00;0,00;9,00;0,00;11,00;105,61;14,74;25,79;7,37;10,00;0,00;10,00;0,00;12,56;55,64;16,15;17,95;151,29;15,81;40,65;11,29;19,00;0,00;12,00;19,00;68,00;0,00;0,00;18,00
2023-04-09;73,00;0,00;0,00;0,00;0,00;6,00;0,00;0,00;11,00;0,00;0,00;4,00;0,00;0,00;7,00;0,00;4,00;7,00;0,00;104,63;10,95;15,82;7,30;10,00;6,00;17,00;0,00;16,02;67,66;8,90;0,00;134,59;11,41;27,38;18,25;32,00;0,00;0,00;16,00;72,00;0,00;0,00;0,00
2023-04-16;66,00;9,00;0,00;6,00;0,00;8,00;0,00;5,00;10,00;0,00;0,00;16,00;0,00;0,00;0,00;0,00;0,00;0,00;0,00;90,44;15,89;9,78;7,33;14,00;0,00;13,00;0,00;3,57;74,92;3,57;0,00;172,97;20,48;45,52;13,66;28,00;6,00;0,00;28,00;69,00;12,00;0,00;12,00
2023-04-23;77,00;0,00;0,00;7,00;0,00;0,00;0,00;5,00;8,00;9,00;0,00;16,00;0,00;7,00;8,00;4,00;0,00;0,00;6,00;98,11;12,42;19,87;8,69;0,00;13,00;11,00;0,00;10,74;89,53;3,58;5,37;165,32;20,38;33,97;13,59;31,00;7,00;14,00;32,00;70,00;0,00;0,00;20,00
2023-04-30;65,00;4,00;0,00;0,00;0,00;0,00;0,00;9,00;0,00;0,00;0,00;3,00;0,00;0,00;0,00;0,00;0,00;7,00;0,00;91,98;13,49;18,40;13,49;26,00;0,00;10,00;0,00;10,83;88,47;21,67;0,00;201,96;16,25;39,46;20,89;23,00;10,00;0,00;35,00;55,00;21,00;0,00;4,00
2023-05-07;72,00;0,00;0,00;0,00;0,00;0,00;7,00;0,00;0,00;0,00;0,00;9,00;0,00;0,00;0,00;0,00;0,00;0,00;0,00;100,55;21,10;14,90;14,90;18,00;8,00;5,00;4,00;5,40;95,40;9,00;9,00;185,81;18,58;23,23;9,29;24,00;30,00;0,00;11,00;85,00;8,00;0,00;8,00
2023-05-14;72,00;0,00;0,00;0,00;0,00;0,00;5,00;6,00;0,00;9,00;8,00;8,00;0,00;0,00;11,00;0,00;4,00;0,00;0,00;104,95;13,42;24,41;0,00;28,00;4,00;12,00;0,00;7,20;79,20;12,60;0,00;155,25;18,00;40,50;11,25;26,00;9,00;6,00;28,00;54,00;8,00;0,00;14,00
2023-05-21;86,00;0,00;0,00;0,00;0,00;0,00;4,00;0,00;0,00;10,00;0,00;13,00;0,00;6,00;0,00;0,00;0,00;0,00;0,00;110,57;19,66;20,89;8,60;17,00;0,00;4,00;0,00;19,71;121,83;14,33;10,75;172,00;18,11;38,47;0,00;30,00;7,00;0,00;37,00;64,00;12,00;0,00;9,00
2023-05-28;77,00;0,00;0,00;0,00;0,00;0,00;11,00;0,00;0,00;7,00;5,00;14,00;0,00;0,00;4,00;0,00;0,00;0,00;0,00;86,78;20,78;23,22;8,56;20,00;10,00;0,00;0,00;17,91;96,70;7,16;5,37;142,68;13,59;29,44;0,00;26,00;5,00;10,00;36,00;47,00;13,00;0,00;6,00
2023-06-04;76,00;0,00;0,00;0,00;0,00;4,00;0,00;0,00;0,00;6,00;0,00;19,00;8,00;7,00;0,00;0,00;0,00;4,00;0,00;89,48;22,06;23,29;9,81;23,00;0,00;5,00;0,00;30,05;77,77;15,91;0,00;186,55;9,21;39,15;9,21;18,00;11,00;0,00;27,00;76,00;8,00;0,00;11,00
2023-06-11;44,00;0,00;0,00;0,00;10,00;0,00;0,00;0,00;0,00;7,00;0,00;0,00;0,00;0,00;0,00;17,00;0,00;0,00;0,00;81,89;9,78;13,44;0,00;28,00;18,00;9,00;8,00;14,08;102,08;5,28;0,00;220,00;25,47;46,32;13,89;18,00;0,00;6,00;30,00;79,00;0,00;0,00;0,00
