Semaine;Chamonix (FR);Barèges (FR);La Mongie (FR);Peyragudes (FR);Sestriere (IT);Gstaad (CH);Font Romeu (FR);St Lary (FR);Garmisch (DE);Schladming (AT);Grand Bornand (FR);Brixental (AT);Val d Isère (FR);Megève (FR);Kitzbuhel (AT);Vars (FR);Serre Chevalier (FR);Samoëns (FR);Valloire (FR);Méribel (FR);Val Cenis (FR);Courchevel (FR);Mayrhofen (AT);Val Gardena (IT);Morzine (FR);Châtel (FR);St Moritz (DE);Les Gets (FR);Flachau (AT);La Clusaz (FR);Verbier (CH);Zillertal (AT);Avoriaz (FR);La Plagne (FR);Sankt Anton (AT);Zermatt (CH);Tignes (FR);Les Arcs (FR);Saalbach (AT);Les Ménuires (FR);Val Thorens (FR);Alpe d Huez (FR);Les Deux Alpes (FR);Ischgl (AT)
2020-01-05;50,00;0,00;13,04;0,00;0,00;23,00;0,00;0,00;0,00;21,00;0,00;13,00;17,00;19,00;0,00;0,00;0,00;0,00;0,00;0,00;0,00;13,16;19,74;0,00;20,51;0,00;30,77;0,00;0,00;0,00;0,00;0,00;22,00;0,00;33,00;61,00;0,00;0,00;0,00;0,00;62,00;0,00;0,00;0,00
2020-01-12;54,00;0,00;0,00;0,00;0,00;0,00;0,00;0,00;0,00;0,00;0,00;20,00;30,00;16,00;0,00;0,00;0,00;0,00;0,00;24,00;23,71;131,71;0,00;0,00;0,00;0,00;0,00;0,00;0,00;0,00;29,00;0,00;0,00;0,00;24,00;36,00;0,00;20,00;0,00;0,00;0,00;0,00;0,00;0,00
2020-01-19;70,00;0,00;0,00;0,00;0,00;0,00;0,00;0,00;0,00;15,00;0,00;0,00;26,00;0,00;0,00;0,00;0,00;17,00;0,00;14,00;0,00;18,49;14,53;0,00;0,00;0,00;49,64;0,00;0,00;0,00;16,00;16,00;0,00;0,00;35,00;74,00;0,00;0,00;0,00;25,00;22,00;25,00;0,00;14,00
2020-01-26;32,00;34,13;0,00;0,00;0,00;0,00;0,00;19,00;0,00;15,00;0,00;0,00;0,00;0,00;0,00;13,00;0,00;0,00;0,00;16,00;32,00;29,44;0,00;0,00;0,00;0,00;29,54;17,23;0,00;0,00;0,00;0,00;0,00;0,00;21,00;76,00;0,00;26,00;20,00;0,00;17,00;0,00;12,00;14,00
2020-02-02;51,00;37,98;0,00;0,00;0,00;0,00;0,00;14,00;0,00;0,00;0,00;0,00;0,00;0,00;0,00;0,00;0,00;0,00;0,00;0,00;14,38;0,00;18,31;11,77;0,00;53,49;13,68;0,00;0,00;17,00;0,00;0,00;14,00;28,00;30,00;42,00;0,00;0,00;45,00;0,00;0,00;0,00;0,00;0,00
2020-02-09;76,00;0,00;0,00;0,00;0,00;0,00;0,00;31,00;0,00;15,00;0,00;0,00;0,00;0,00;0,00;0,00;0,00;0,00;0,00;0,00;0,00;0,00;0,00;15,72;0,00;0,00;26,60;0,00;0,00;20,00;36,00;0,00;0,00;0,00;16,00;51,00;23,00;14,00;37,00;0,00;39,00;0,00;0,00;0,00
2020-02-16;45,00;0,00;0,00;0,00;0,00;0,00;0,00;0,00;0,00;0,00;0,00;0,00;41,00;0,00;0,00;0,00;0,00;0,00;0,00;0,00;0,00;17,21;0,00;0,00;14,14;0,00;41,14;11,57;57,00;22,00;0,00;0,00;0,00;0,00;0,00;42,00;0,00;0,00;21,00;0,00;0,00;0,00;0,00;0,00
2020-02-23;64,00;0,00;0,00;0,00;0,00;0,00;0,00;0,00;0,00;0,00;0,00;42,00;0,00;0,00;0,00;14,00;13,00;0,00;0,00;23,00;0,00;0,00;13,06;0,00;34,56;0,00;33,28;0,00;29,00;0,00;0,00;0,00;20,00;21,00;18,00;17,00;0,00;15,00;15,00;0,00;0,00;0,00;0,00;0,00
2020-03-01;20,00;36,84;32,63;0,00;0,00;0,00;0,00;0,00;0,00;0,00;0,00;0,00;0,00;0,00;0,00;0,00;0,00;15,00;0,00;12,00;0,00;0,00;0,00;0,00;11,25;0,00;27,50;0,00;0,00;0,00;19,00;0,00;0,00;0,00;13,00;47,00;26,00;11,00;28,00;0,00;12,00;0,00;13,00;0,00
2020-03-08;23,00;0,00;0,00;0,00;0,00;18,00;0,00;0,00;0,00;17,00;0,00;0,00;0,00;0,00;19,00;41,00;0,00;0,00;0,00;72,00;0,00;0,00;0,00;0,00;0,00;0,00;25,56;20,44;0,00;15,00;0,00;0,00;0,00;26,00;0,00;0,00;0,00;0,00;25,00;36,00;0,00;44,00;0,00;39,00
2020-03-15;0,00;19,00;13,00;0,00;24,00;0,00;13,00;0,00;0,00;20,00;0,00;0,00;11,00;0,00;0,00;0,00;11,00;0,00;13,00;0,00;0,00;0,00;0,00;0,00;0,00;0,00;15,00;19,00;11,00;20,00;0,00;40,00;0,00;12,00;0,00;19,00;0,00;0,00;16,00;0,00;24,00;0,00;11,00;0,00
2020-03-22;0,00;0,00;0,00;0,00;0,00;0,00;0,00;0,00;60,00;0,00;0,00;0,00;16,00;0,00;0,00;0,00;0,00;0,00;0,00;0,00;0,00;0,00;0,00;0,00;21,00;0,00;0,00;0,00;17,00;0,00;21,00;67,00;11,00;14,00;20,00;14,00;0,00;0,00;0,00;14,00;0,00;16,00;14,00;30,00
2020-03-29;16,00;10,67;14,93;0,00;10,00;0,00;0,00;0,00;27,00;0,00;16,00;0,00;0,00;0,00;0,00;0,00;0,00;0,00;11,00;0,00;0,00;23,38;0,00;11,08;0,00;9,85;0,00;0,00;0,00;0,00;0,00;0,00;0,00;0,00;0,00;15,00;0,00;18,00;0,00;0,00;0,00;26,00;15,00;0,00
2020-04-05;21,00;12,16;0,00;0,00;0,00;0,00;0,00;0,00;0,00;0,00;0,00;0,00;0,00;0,00;0,00;28,00;0,00;0,00;0,00;0,00;0,00;10,50;0,00;0,00;0,00;0,00;0,00;0,00;0,00;0,00;0,00;0,00;0,00;0,00;0,00;18,00;0,00;0,00;32,00;0,00;0,00;23,00;0,00;18,00
2020-04-12;0,00;0,00;0,00;0,00;0,00;0,00;0,00;0,00;0,00;0,00;0,00;0,00;0,00;11,00;0,00;0,00;22,00;0,00;0,00;0,00;35,00;0,00;0,00;0,00;0,00;16,00;14,00;0,00;0,00;0,00;0,00;45,00;21,00;24,00;0,00;21,00;31,00;10,00;25,00;0,00;0,00;38,00;0,00;14,00
2020-04-19;27,00;0,00;0,00;0,00;0,00;22,00;21,00;0,00;11,00;0,00;0,00;0,00;0,00;11,00;0,00;0,00;0,00;0,00;0,00;0,00;0,00;0,00;0,00;0,00;24,43;0,00;32,14;0,00;0,00;0,00;0,00;0,00;0,00;0,00;32,00;47,00;0,00;0,00;0,00;13,00;0,00;0,00;0,00;29,00
2020-04-26;30,00;0,00;0,00;15,56;0,00;0,00;0,00;0,00;0,00;0,00;26,00;0,00;0,00;0,00;0,00;11,00;14,00;14,00;0,00;0,00;10,43;0,00;0,00;0,00;0,00;0,00;17,50;11,25;0,00;0,00;0,00;0,00;0,00;0,00;13,00;33,00;10,00;0,00;25,00;0,00;17,00;35,00;0,00;0,00
2020-05-03;16,00;0,00;0,00;0,00;0,00;0,00;0,00;0,00;0,00;0,00;19,00;24,00;64,00;0,00;10,00;0,00;0,00;0,00;0,00;0,00;0,00;14,67;14,67;0,00;0,00;0,00;16,00;0,00;0,00;0,00;0,00;0,00;0,00;0,00;0,00;0,00;0,00;0,00;18,00;0,00;0,00;11,00;0,00;11,00
2020-05-10;0,00;0,00;0,00;0,00;0,00;0,00;0,00;0,00;0,00;0,00;0,00;0,00;0,00;0,00;0,00;0,00;0,00;0,00;0,00;0,00;0,00;11,00;0,00;0,00;32,00;0,00;18,00;11,00;32,00;0,00;38,00;15,00;0,00;0,00;0,00;45,00;17,00;0,00;0,00;0,00;0,00;62,00;0,00;22,00
2020-05-17;0,00;0,00;0,00;0,00;0,00;0,00;0,00;0,00;0,00;0,00;0,00;0,00;0,00;0,00;27,00;0,00;0,00;0,00;0,00;0,00;0,00;0,00;0,00;0,00;9,00;10,00;24,00;0,00;17,00;0,00;0,00;0,00;0,00;0,00;14,00;41,00;19,00;26,00;0,00;0,00;0,00;0,00;0,00;0,00
2020-05-24;0,00;0,00;0,00;0,00;0,00;0,00;0,00;0,00;0,00;0,00;0,00;0,00;0,00;0,00;0,00;0,00;0,00;0,00;0,00;0,00;0,00;11,00;0,00;0,00;0,00;10,00;12,00;0,00;0,00;21,00;0,00;0,00;18,00;0,00;19,00;43,00;0,00;22,00;0,00;0,00;0,00;0,00;0,00;42,00
2020-05-31;28,00;0,00;0,00;0,00;19,00;0,00;0,00;0,00;14,00;0,00;0,00;0,00;0,00;0,00;15,00;0,00;0,00;0,00;0,00;0,00;0,00;0,00;12,00;0,00;15,27;0,00;0,00;0,00;0,00;13,00;18,00;0,00;21,00;0,00;0,00;22,00;0,00;18,00;0,00;0,00;0,00;0,00;0,00;0,00
2020-06-07;23,00;0,00;0,00;0,00;21,00;0,00;0,00;0,00;0,00;14,00;35,00;0,00;0,00;0,00;0,00;0,00;0,00;0,00;0,00;41,00;0,00;0,00;0,00;16,24;0,00;0,00;0,00;0,00;0,00;0,00;0,00;25,00;19,00;0,00;0,00;0,00;0,00;0,00;0,00;0,00;0,00;0,00;0,00;0,00
2020-06-14;13,00;0,00;0,00;0,00;0,00;0,00;0,00;0,00;0,00;0,00;0,00;0,00;14,00;0,00;0,00;0,00;0,00;0,00;11,00;13,00;0,00;0,00;0,00;0,00;0,00;0,00;41,36;18,91;0,00;0,00;0,00;0,00;12,00;0,00;24,00;25,00;0,00;0,00;11,00;0,00;0,00;0,00;0,00;0,00
2020-06-21;21,00;28,74;0,00;0,00;0,00;0,00;0,00;0,00;0,00;0,00;18,00;18,00;0,00;0,00;15,00;0,00;0,00;0,00;0,00;0,00;13,13;0,00;0,00;0,00;19,76;0,00;0,00;0,00;0,00;0,00;0,00;0,00;0,00;0,00;0,00;18,00;0,00;14,00;0,00;0,00;0,00;0,00;0,00;0,00
2020-06-28;18,00;0,00;0,00;25,88;0,00;17,00;0,00;0,00;19,00;0,00;0,00;0,00;0,00;0,00;0,00;32,00;13,00;0,00;12,00;0,00;27,00;11,57;0,00;0,00;0,00;11,57;0,00;28,29;0,00;0,00;0,00;0,00;0,00;0,00;0,00;37,00;0,00;0,00;0,00;0,00;19,00;0,00;0,00;11,00
2020-07-05;14,00;0,00;0,00;12,92;0,00;0,00;0,00;0,00;0,00;0,00;0,00;0,00;0,00;0,00;0,00;0,00;0,00;16,00;0,00;0,00;0,00;0,00;0,00;14,00;0,00;0,00;20,36;0,00;59,00;0,00;22,00;27,00;26,00;0,00;28,00;14,00;0,00;0,00;22,00;0,00;0,00;0,00;0,00;29,00
2020-07-12;21,00;0,00;0,00;53,05;0,00;0,00;24,00;0,00;0,00;0,00;0,00;29,00;56,00;20,00;22,00;28,00;0,00;44,00;0,00;0,00;0,00;13,13;17,06;0,00;0,00;0,00;0,00;39,38;0,00;30,00;24,00;0,00;11,00;18,00;20,00;30,00;14,00;14,00;49,00;23,00;0,00;0,00;0,00;15,00
2020-07-19;0,00;0,00;0,00;0,00;0,00;0,00;15,00;0,00;0,00;0,00;25,00;24,00;0,00;0,00;0,00;0,00;0,00;0,00;0,00;0,00;0,00;0,00;0,00;0,00;16,00;0,00;0,00;0,00;0,00;0,00;38,00;0,00;21,00;0,00;0,00;52,00;18,00;0,00;0,00;0,00;0,00;0,00;32,00;17,00
2020-07-26;16,00;16,00;0,00;0,00;22,00;13,00;0,00;0,00;0,00;0,00;0,00;0,00;0,00;0,00;0,00;29,00;25,00;0,00;0,00;0,00;0,00;0,00;20,00;0,00;17,23;0,00;0,00;14,77;0,00;0,00;21,00;17,00;19,00;0,00;0,00;0,00;0,00;0,00;0,00;0,00;0,00;17,00;0,00;29,00
2020-08-02;28,00;16,15;0,00;0,00;0,00;0,00;0,00;47,00;0,00;0,00;18,00;35,00;32,00;0,00;33,00;0,00;0,00;0,00;15,00;0,00;14,00;0,00;0,00;14,00;22,91;68,73;12,73;0,00;0,00;0,00;0,00;0,00;0,00;0,00;0,00;36,00;21,00;0,00;0,00;0,00;18,00;0,00;23,00;0,00
2020-08-09;37,00;0,00;0,00;0,00;0,00;0,00;0,00;0,00;29,00;0,00;0,00;0,00;28,00;0,00;0,00;0,00;0,00;0,00;0,00;0,00;0,00;0,00;13,21;0,00;0,00;0,00;14,03;0,00;16,00;0,00;0,00;18,00;0,00;0,00;14,00;0,00;0,00;0,00;57,00;0,00;0,00;0,00;0,00;0,00
2020-08-16;23,00;0,00;0,00;0,00;32,00;0,00;0,00;0,00;0,00;32,00;0,00;0,00;0,00;0,00;0,00;21,00;0,00;0,00;33,00;28,00;0,00;0,00;0,00;0,00;0,00;0,00;0,00;0,00;0,00;0,00;27,00;12,00;26,00;17,00;0,00;18,00;0,00;20,00;53,00;0,00;0,00;0,00;36,00;0,00
2020-08-23;24,00;0,00;0,00;0,00;0,00;0,00;0,00;20,00;24,00;21,00;0,00;0,00;22,00;28,00;0,00;0,00;0,00;0,00;13,00;19,00;0,00;0,00;0,00;0,00;0,00;0,00;17,68;29,05;0,00;0,00;20,00;13,00;0,00;0,00;0,00;56,00;0,00;0,00;19,00;0,00;15,00;0,00;0,00;0,00
2020-08-30;50,00;0,00;75,00;0,00;0,00;0,00;0,00;0,00;0,00;0,00;0,00;0,00;0,00;12,00;11,00;0,00;20,00;20,00;0,00;0,00;11,84;13,16;0,00;0,00;16,25;0,00;0,00;0,00;14,00;0,00;0,00;0,00;0,00;0,00;12,00;29,00;23,00;0,00;0,00;0,00;29,00;0,00;0,00;39,00
2020-09-06;25,00;0,00;11,96;0,00;0,00;0,00;0,00;0,00;0,00;0,00;32,00;0,00;0,00;0,00;0,00;0,00;0,00;0,00;13,00;0,00;0,00;18,42;0,00;0,00;12,50;0,00;21,25;0,00;0,00;0,00;37,00;0,00;16,00;13,00;0,00;15,00;0,00;0,00;15,00;21,00;0,00;13,00;0,00;0,00
2020-09-13;0,00;17,00;0,00;16,00;0,00;0,00;0,00;0,00;0,00;0,00;0,00;13,00;0,00;0,00;0,00;0,00;0,00;15,00;27,00;0,00;17,00;0,00;0,00;0,00;0,00;0,00;0,00;0,00;0,00;0,00;0,00;0,00;11,00;0,00;0,00;0,00;0,00;0,00;23,00;0,00;30,00;0,00;19,00;0,00
2020-09-20;47,00;0,00;0,00;0,00;0,00;0,00;0,00;0,00;0,00;85,00;0,00;0,00;0,00;14,00;41,00;0,00;0,00;0,00;0,00;0,00;0,00;13,06;18,28;0,00;0,00;47,00;17,78;0,00;0,00;0,00;17,00;0,00;0,00;0,00;0,00;20,00;0,00;0,00;15,00;15,00;0,00;0,00;0,00;0,00
2020-09-27;0,00;0,00;13,00;0,00;0,00;0,00;0,00;15,00;0,00;29,00;0,00;0,00;0,00;22,00;0,00;0,00;0,00;28,00;0,00;20,00;0,00;23,00;21,00;0,00;0,00;0,00;14,00;28,00;0,00;0,00;0,00;0,00;0,00;0,00;0,00;0,00;0,00;0,00;26,00;0,00;0,00;0,00;0,00;0,00
2020-10-04;30,00;40,00;0,00;0,00;0,00;0,00;20,00;0,00;0,00;0,00;0,00;0,00;0,00;35,00;0,00;0,00;0,00;0,00;0,00;0,00;13,04;0,00;0,00;0,00;0,00;0,00;20,00;0,00;0,00;0,00;0,00;0,00;0,00;0,00;22,00;0,00;0,00;0,00;0,00;0,00;0,00;0,00;0,00;21,00
2020-10-11;69,00;0,00;26,95;0,00;0,00;0,00;0,00;0,00;0,00;0,00;0,00;0,00;0,00;14,00;0,00;0,00;0,00;0,00;0,00;0,00;37,75;0,00;19,53;15,62;0,00;0,00;22,58;15,05;15,00;0,00;51,00;87,00;0,00;0,00;15,00;0,00;45,00;0,00;0,00;27,00;14,00;0,00;0,00;0,00
2020-10-18;19,00;0,00;0,00;41,17;0,00;0,00;0,00;0,00;0,00;0,00;0,00;0,00;0,00;0,00;0,00;43,00;0,00;12,00;0,00;0,00;0,00;0,00;0,00;12,67;0,00;0,00;0,00;0,00;0,00;32,00;0,00;0,00;0,00;0,00;0,00;53,00;55,00;0,00;0,00;70,00;0,00;0,00;0,00;0,00
2020-10-25;0,00;0,00;0,00;0,00;0,00;0,00;43,00;0,00;39,00;55,00;45,00;0,00;0,00;0,00;0,00;0,00;0,00;0,00;0,00;0,00;0,00;0,00;0,00;0,00;0,00;0,00;0,00;0,00;0,00;0,00;25,00;0,00;0,00;21,00;0,00;42,00;15,00;0,00;46,00;23,00;0,00;26,00;0,00;16,00
2020-11-01;0,00;0,00;0,00;0,00;18,00;0,00;0,00;0,00;0,00;0,00;0,00;0,00;0,00;32,00;0,00;0,00;13,00;0,00;0,00;0,00;29,00;0,00;0,00;0,00;0,00;0,00;0,00;0,00;0,00;0,00;0,00;16,00;19,00;0,00;24,00;24,00;0,00;11,00;0,00;19,00;18,00;0,00;0,00;0,00
2020-11-08;29,00;34,37;0,00;107,41;0,00;0,00;0,00;0,00;0,00;0,00;0,00;0,00;21,00;0,00;0,00;0,00;0,00;0,00;0,00;35,00;0,00;0,00;46,65;0,00;0,00;30,26;0,00;0,00;0,00;0,00;0,00;0,00;0,00;0,00;40,00;0,00;23,00;0,00;0,00;0,00;18,00;0,00;0,00;0,00
2020-11-15;0,00;0,00;13,00;0,00;0,00;0,00;0,00;25,00;0,00;0,00;0,00;0,00;0,00;0,00;29,00;0,00;0,00;0,00;0,00;0,00;0,00;16,00;0,00;9,00;0,00;0,00;66,00;0,00;0,00;0,00;0,00;0,00;0,00;0,00;0,00;0,00;20,00;0,00;23,00;0,00;0,00;12,00;0,00;35,00
2020-11-22;45,00;0,00;0,00;34,29;0,00;13,00;39,00;0,00;0,00;0,00;0,00;24,00;0,00;39,00;0,00;0,00;0,00;0,00;0,00;0,00;0,00;45,00;0,00;0,00;0,00;0,00;53,75;0,00;15,00;21,00;0,00;0,00;14,00;0,00;0,00;16,00;0,00;0,00;0,00;31,00;0,00;0,00;0,00;0,00
2020-11-29;14,00;0,00;0,00;0,00;0,00;23,00;20,00;27,00;22,00;0,00;0,00;0,00;16,00;0,00;0,00;0,00;0,00;0,00;19,00;0,00;0,00;0,00;0,00;0,00;20,36;14,00;0,00;0,00;0,00;0,00;16,00;0,00;16,00;20,00;0,00;35,00;0,00;29,00;0,00;0,00;0,00;22,00;0,00;18,00
2020-12-06;27,00;37,80;0,00;0,00;81,00;0,00;0,00;0,00;22,00;0,00;17,00;0,00;21,00;0,00;0,00;0,00;0,00;0,00;34,00;0,00;0,00;0,00;0,00;16,71;0,00;0,00;28,29;16,71;0,00;0,00;13,00;18,00;0,00;0,00;0,00;17,00;0,00;0,00;46,00;14,00;28,00;0,00;0,00;0,00
2020-12-13;0,00;0,00;12,00;11,00;0,00;0,00;0,00;14,00;0,00;0,00;0,00;0,00;0,00;0,00;15,00;23,00;15,00;0,00;0,00;0,00;0,00;0,00;0,00;13,00;0,00;21,00;29,00;0,00;0,00;0,00;0,00;24,00;12,00;0,00;0,00;19,00;0,00;37,00;34,00;31,00;92,00;30,00;0,00;0,00
2020-12-20;45,00;0,00;0,00;0,00;24,00;0,00;0,00;0,00;0,00;0,00;23,00;0,00;0,00;0,00;0,00;0,00;0,00;22,00;0,00;0,00;0,00;0,00;0,00;0,00;0,00;0,00;18,75;0,00;0,00;0,00;0,00;0,00;0,00;0,00;0,00;22,00;0,00;0,00;17,00;0,00;0,00;0,00;20,00;13,00
2020-12-27;60,00;13,93;0,00;30,00;0,00;0,00;17,00;0,00;0,00;0,00;0,00;0,00;0,00;34,00;0,00;0,00;0,00;0,00;0,00;0,00;0,00;16,96;0,00;0,00;17,50;0,00;13,75;0,00;0,00;0,00;0,00;0,00;0,00;0,00;0,00;41,00;0,00;0,00;41,00;0,00;0,00;0,00;15,00;0,00
2021-01-03;28,00;0,00;0,00;11,85;0,00;0,00;0,00;0,00;0,00;21,00;0,00;17,00;0,00;0,00;0,00;22,00;0,00;0,00;0,00;0,00;0,00;0,00;0,00;0,00;0,00;0,00;0,00;0,00;0,00;0,00;11,00;0,00;0,00;0,00;0,00;17,00;0,00;0,00;0,00;31,00;21,00;0,00;0,00;0,00
2021-01-10;24,00;0,00;0,00;0,00;0,00;0,00;0,00;0,00;29,00;0,00;30,00;0,00;0,00;0,00;0,00;0,00;21,00;23,00;0,00;0,00;12,63;18,95;31,58;0,00;26,53;0,00;32,84;0,00;26,00;0,00;0,00;0,00;13,00;0,00;0,00;17,00;0,00;30,00;0,00;0,00;18,00;0,00;0,00;19,00
2021-01-17;21,00;0,00;0,00;0,00;23,00;15,00;27,00;0,00;0,00;29,00;0,00;0,00;12,00;0,00;0,00;0,00;0,00;0,00;0,00;0,00;0,00;0,00;30,19;0,00;0,00;0,00;12,35;0,00;36,00;0,00;0,00;0,00;0,00;0,00;0,00;15,00;20,00;0,00;12,00;0,00;0,00;13,00;0,00;0,00
2021-01-24;0,00;0,00;12,00;0,00;0,00;15,00;0,00;0,00;0,00;17,00;0,00;0,00;0,00;25,00;0,00;0,00;0,00;0,00;15,00;0,00;0,00;26,00;0,00;0,00;0,00;27,00;24,00;0,00;0,00;0,00;25,00;54,00;13,00;26,00;0,00;31,00;28,00;23,00;0,00;0,00;0,00;36,00;0,00;18,00
2021-01-31;0,00;28,00;0,00;11,00;37,00;20,00;0,00;0,00;0,00;0,00;0,00;0,00;0,00;0,00;0,00;29,00;40,00;19,00;0,00;20,00;0,00;26,00;0,00;0,00;9,00;0,00;15,00;0,00;0,00;29,00;12,00;17,00;13,00;0,00;0,00;30,00;0,00;0,00;0,00;0,00;67,00;17,00;0,00;0,00
2021-02-07;0,00;0,00;0,00;0,00;0,00;0,00;0,00;0,00;0,00;19,00;0,00;0,00;0,00;13,00;0,00;0,00;0,00;0,00;0,00;0,00;0,00;0,00;0,00;0,00;14,00;0,00;18,00;0,00;0,00;0,00;27,00;15,00;13,00;0,00;37,00;37,00;0,00;12,00;0,00;0,00;0,00;12,00;22,00;0,00
2021-02-14;22,00;0,00;0,00;0,00;0,00;0,00;0,00;0,00;0,00;16,00;0,00;17,00;26,00;0,00;0,00;0,00;26,00;0,00;0,00;0,00;19,41;22,00;14,24;0,00;0,00;0,00;13,44;0,00;13,00;0,00;41,00;0,00;0,00;17,00;0,00;49,00;0,00;0,00;0,00;0,00;0,00;0,00;0,00;0,00
2021-02-21;24,00;0,00;0,00;0,00;45,00;0,00;0,00;0,00;14,00;0,00;0,00;0,00;0,00;40,00;33,00;0,00;0,00;0,00;0,00;0,00;0,00;41,33;0,00;0,00;0,00;15,16;24,00;0,00;0,00;0,00;16,00;28,00;0,00;0,00;20,00;15,00;16,00;0,00;0,00;0,00;0,00;0,00;27,00;0,00
2021-02-28;0,00;0,00;0,00;0,00;0,00;0,00;20,00;0,00;0,00;0,00;0,00;0,00;0,00;48,00;0,00;0,00;44,00;0,00;0,00;20,00;0,00;0,00;0,00;0,00;0,00;0,00;11,00;0,00;33,00;0,00;0,00;0,00;0,00;22,00;0,00;17,00;21,00;0,00;0,00;0,00;0,00;0,00;0,00;15,00
2021-03-07;18,00;42,35;0,00;0,00;0,00;0,00;0,00;15,00;0,00;0,00;0,00;0,00;0,00;31,00;0,00;0,00;0,00;0,00;25,00;0,00;0,00;0,00;0,00;0,00;0,00;27,00;19,29;0,00;0,00;0,00;0,00;0,00;18,00;0,00;0,00;0,00;0,00;0,00;16,00;0,00;0,00;0,00;0,00;0,00
2021-03-14;0,00;0,00;0,00;0,00;0,00;0,00;0,00;16,00;0,00;14,00;0,00;0,00;0,00;0,00;0,00;0,00;0,00;0,00;0,00;0,00;0,00;11,00;0,00;0,00;0,00;20,00;0,00;10,00;0,00;0,00;0,00;0,00;19,00;0,00;0,00;22,00;0,00;0,00;0,00;0,00;0,00;0,00;0,00;0,00
2021-03-21;0,00;0,00;0,00;0,00;0,00;0,00;21,00;0,00;0,00;0,00;0,00;0,00;15,00;0,00;22,00;0,00;0,00;26,00;0,00;0,00;0,00;16,00;18,00;0,00;0,00;0,00;14,00;0,00;0,00;0,00;0,00;0,00;0,00;0,00;0,00;0,00;0,00;0,00;0,00;0,00;24,00;0,00;20,00;0,00
2021-03-28;14,00;0,00;0,00;0,00;14,00;20,00;14,00;14,00;13,00;12,00;0,00;0,00;0,00;28,00;0,00;0,00;0,00;0,00;0,00;0,00;16,55;0,00;0,00;0,00;0,00;0,00;0,00;0,00;0,00;0,00;0,00;0,00;0,00;27,00;0,00;0,00;0,00;0,00;0,00;0,00;0,00;0,00;0,00;0,00
2021-04-04;24,00;0,00;29,45;38,18;0,00;0,00;0,00;0,00;0,00;0,00;14,00;0,00;0,00;0,00;0,00;0,00;0,00;0,00;20,00;0,00;0,00;0,00;0,00;0,00;0,00;0,00;36,63;0,00;0,00;0,00;0,00;0,00;0,00;0,00;27,00;34,00;0,00;0,00;0,00;0,00;0,00;12,00;0,00;0,00
2021-04-11;18,00;0,00;0,00;0,00;39,00;0,00;0,00;0,00;0,00;0,00;0,00;15,00;35,00;0,00;0,00;20,00;0,00;29,00;0,00;0,00;14,14;0,00;0,00;0,00;0,00;0,00;0,00;0,00;50,00;0,00;0,00;0,00;0,00;23,00;26,00;0,00;0,00;0,00;0,00;0,00;13,00;0,00;0,00;0,00
2021-04-18;33,00;0,00;0,00;0,00;0,00;0,00;0,00;0,00;24,00;0,00;0,00;0,00;16,00;0,00;12,00;17,00;0,00;0,00;14,00;0,00;17,16;0,00;0,00;0,00;29,19;0,00;0,00;0,00;0,00;23,00;34,00;0,00;0,00;0,00;0,00;19,00;0,00;0,00;0,00;0,00;0,00;0,00;0,00;0,00
2021-04-25;17,00;0,00;40,80;0,00;47,00;0,00;27,00;23,00;0,00;0,00;0,00;0,00;13,00;0,00;0,00;0,00;0,00;0,00;0,00;0,00;0,00;0,00;0,00;0,00;0,00;0,00;0,00;0,00;18,00;0,00;0,00;15,00;0,00;0,00;0,00;26,00;0,00;0,00;0,00;17,00;25,00;0,00;0,00;0,00
2021-05-02;60,00;0,00;0,00;0,00;0,00;0,00;0,00;18,00;0,00;0,00;26,00;0,00;17,00;0,00;0,00;0,00;0,00;0,00;0,00;16,00;0,00;0,00;0,00;16,96;0,00;0,00;0,00;0,00;0,00;0,00;13,00;0,00;13,00;0,00;0,00;0,00;0,00;0,00;0,00;26,00;0,00;0,00;0,00;0,00
2021-05-09;0,00;0,00;0,00;0,00;0,00;0,00;0,00;0,00;0,00;0,00;0,00;12,00;0,00;0,00;0,00;0,00;0,00;0,00;30,00;0,00;0,00;0,00;0,00;0,00;0,00;0,00;0,00;0,00;0,00;0,00;0,00;0,00;25,00;0,00;0,00;0,00;0,00;0,00;57,00;0,00;0,00;0,00;0,00;0,00
2021-05-16;0,00;0,00;0,00;0,00;0,00;0,00;0,00;0,00;0,00;17,00;13,00;0,00;0,00;0,00;0,00;24,00;0,00;0,00;0,00;15,00;18,00;0,00;12,00;0,00;0,00;0,00;13,00;0,00;0,00;0,00;0,00;19,00;21,00;0,00;0,00;45,00;18,00;18,00;19,00;0,00;0,00;0,00;0,00;16,00
2021-05-23;0,00;47,00;0,00;0,00;0,00;0,00;16,00;25,00;0,00;0,00;0,00;0,00;0,00;0,00;16,00;0,00;0,00;0,00;0,00;0,00;0,00;0,00;0,00;0,00;0,00;0,00;0,00;10,00;0,00;38,00;0,00;0,00;19,00;0,00;0,00;14,00;0,00;0,00;0,00;0,00;0,00;0,00;0,00;0,00
2021-05-30;0,00;36,00;0,00;0,00;0,00;0,00;0,00;0,00;0,00;0,00;0,00;0,00;0,00;0,00;0,00;35,00;0,00;0,00;0,00;0,00;0,00;0,00;0,00;0,00;24,00;0,00;0,00;0,00;0,00;0,00;0,00;0,00;0,00;0,00;0,00;0,00;0,00;33,00;0,00;16,00;0,00;25,00;24,00;0,00
2021-06-06;97,00;0,00;0,00;0,00;0,00;0,00;0,00;0,00;0,00;0,00;0,00;0,00;0,00;0,00;17,00;0,00;0,00;0,00;0,00;0,00;0,00;0,00;0,00;0,00;0,00;34,01;15,12;0,00;0,00;0,00;0,00;12,00;0,00;13,00;0,00;16,00;0,00;0,00;0,00;13,00;16,00;0,00;0,00;0,00
2021-06-13;32,00;0,00;0,00;0,00;0,00;0,00;0,00;0,00;0,00;0,00;43,00;0,00;15,00;22,00;0,00;0,00;28,00;0,00;13,00;0,00;0,00;0,00;0,00;0,00;0,00;16,64;0,00;0,00;0,00;0,00;0,00;20,00;0,00;0,00;0,00;0,00;0,00;66,00;0,00;0,00;0,00;0,00;0,00;0,00
2021-06-20;0,00;0,00;0,00;0,00;0,00;0,00;0,00;0,00;15,00;0,00;26,00;0,00;0,00;0,00;0,00;14,00;0,00;0,00;0,00;0,00;11,00;0,00;0,00;0,00;0,00;0,00;0,00;0,00;0,00;17,00;0,00;0,00;0,00;0,00;0,00;0,00;0,00;0,00;24,00;0,00;0,00;0,00;0,00;19,00
2021-06-27;33,00;0,00;0,00;0,00;0,00;0,00;0,00;29,00;0,00;0,00;15,00;0,00;0,00;0,00;0,00;0,00;0,00;0,00;0,00;0,00;0,00;15,23;0,00;0,00;0,00;0,00;41,88;35,54;0,00;0,00;0,00;0,00;22,00;0,00;14,00;21,00;0,00;0,00;18,00;0,00;0,00;15,00;0,00;0,00
2021-07-04;0,00;0,00;0,00;0,00;17,00;0,00;0,00;0,00;0,00;0,00;0,00;16,00;35,00;16,00;0,00;0,00;0,00;0,00;0,00;0,00;0,00;0,00;0,00;0,00;0,00;15,00;0,00;0,00;0,00;0,00;0,00;0,00;0,00;30,00;0,00;28,00;0,00;0,00;0,00;0,00;0,00;0,00;0,00;0,00
2021-07-11;54,00;0,00;35,27;0,00;0,00;19,00;0,00;0,00;0,00;0,00;0,00;68,00;0,00;0,00;0,00;0,00;0,00;15,00;13,00;0,00;0,00;0,00;0,00;0,00;24,43;0,00;0,00;0,00;13,00;0,00;0,00;43,00;21,00;0,00;34,00;0,00;0,00;21,00;0,00;0,00;0,00;15,00;0,00;0,00
2021-07-18;30,00;0,00;22,22;0,00;0,00;0,00;0,00;0,00;0,00;0,00;16,00;16,00;0,00;16,00;0,00;0,00;32,00;0,00;0,00;18,00;16,96;0,00;0,00;0,00;0,00;0,00;0,00;0,00;0,00;0,00;15,00;0,00;0,00;0,00;0,00;25,00;0,00;0,00;28,00;15,00;0,00;0,00;0,00;0,00
2021-07-25;60,00;0,00;19,64;17,45;0,00;0,00;0,00;0,00;0,00;15,00;28,00;0,00;0,00;22,00;21,00;0,00;25,00;0,00;0,00;0,00;0,00;24,78;0,00;0,00;27,50;0,00;0,00;0,00;0,00;18,00;0,00;0,00;0,00;22,00;37,00;69,00;0,00;79,00;34,00;0,00;0,00;0,00;0,00;33,00
2021-08-01;29,00;0,00;0,00;0,00;0,00;0,00;0,00;0,00;0,00;0,00;19,00;0,00;0,00;0,00;0,00;0,00;0,00;16,00;0,00;0,00;0,00;0,00;0,00;0,00;0,00;0,00;0,00;0,00;0,00;0,00;14,00;34,00;0,00;0,00;13,00;15,00;0,00;24,00;0,00;0,00;0,00;26,00;0,00;13,00
2021-08-08;35,00;15,31;0,00;0,00;0,00;0,00;0,00;14,00;16,00;0,00;0,00;0,00;0,00;27,00;39,00;0,00;0,00;17,00;0,00;0,00;0,00;0,00;0,00;0,00;0,00;0,00;30,00;15,00;0,00;15,00;0,00;0,00;0,00;0,00;31,00;32,00;0,00;22,00;0,00;0,00;0,00;0,00;0,00;0,00
2021-08-15;44,00;0,00;0,00;0,00;0,00;0,00;0,00;0,00;0,00;30,00;0,00;0,00;13,00;0,00;0,00;0,00;22,00;0,00;0,00;0,00;0,00;0,00;0,00;0,00;0,00;0,00;18,86;21,37;0,00;0,00;0,00;21,00;0,00;0,00;0,00;0,00;0,00;0,00;82,00;0,00;0,00;13,00;0,00;20,00
2021-08-22;0,00;0,00;0,00;0,00;20,00;0,00;0,00;20,00;0,00;0,00;46,00;22,00;0,00;0,00;0,00;0,00;0,00;0,00;33,00;0,00;0,00;0,00;19,00;0,00;17,00;0,00;0,00;13,00;0,00;19,00;0,00;0,00;0,00;0,00;0,00;25,00;0,00;0,00;0,00;0,00;0,00;0,00;31,00;0,00
2021-08-29;20,00;0,00;0,00;0,00;0,00;0,00;0,00;0,00;0,00;0,00;0,00;0,00;0,00;22,00;0,00;0,00;43,00;0,00;0,00;0,00;0,00;0,00;0,00;0,00;0,00;0,00;0,00;21,33;0,00;48,00;0,00;18,00;0,00;0,00;0,00;25,00;0,00;25,00;0,00;0,00;0,00;0,00;0,00;38,00
2021-09-05;25,00;0,00;26,09;0,00;0,00;0,00;0,00;0,00;0,00;0,00;0,00;0,00;0,00;0,00;0,00;0,00;0,00;14,00;0,00;0,00;0,00;22,37;18,42;0,00;0,00;13,75;28,75;0,00;33,00;23,00;14,00;0,00;0,00;0,00;0,00;0,00;0,00;0,00;0,00;0,00;16,00;55,00;0,00;0,00
2021-09-12;0,00;0,00;0,00;0,00;0,00;0,00;59,00;0,00;13,00;18,00;0,00;0,00;0,00;0,00;0,00;39,00;0,00;0,00;0,00;0,00;0,00;30,00;0,00;0,00;0,00;0,00;23,00;19,00;31,00;20,00;0,00;0,00;0,00;0,00;0,00;0,00;16,00;0,00;0,00;0,00;0,00;0,00;0,00;32,00
2021-09-19;40,00;0,00;0,00;0,00;15,00;0,00;0,00;0,00;0,00;0,00;0,00;0,00;0,00;0,00;0,00;0,00;0,00;0,00;0,00;0,00;0,00;29,68;0,00;16,77;16,25;0,00;0,00;0,00;0,00;0,00;35,00;0,00;42,00;34,00;0,00;26,00;17,00;50,00;0,00;0,00;0,00;0,00;0,00;0,00
2021-09-26;26,00;0,00;0,00;0,00;0,00;36,00;22,00;0,00;0,00;0,00;0,00;0,00;58,00;0,00;0,00;0,00;44,00;0,00;0,00;22,00;0,00;0,00;0,00;0,00;0,00;0,00;37,70;0,00;0,00;0,00;0,00;0,00;0,00;0,00;0,00;52,00;13,00;0,00;54,00;0,00;0,00;19,00;16,00;0,00
2021-10-03;53,00;0,00;44,35;0,00;0,00;0,00;0,00;0,00;0,00;0,00;0,00;0,00;62,00;15,00;0,00;45,00;0,00;0,00;0,00;0,00;0,00;0,00;0,00;0,00;0,00;0,00;0,00;0,00;0,00;0,00;0,00;0,00;17,00;22,00;19,00;29,00;0,00;0,00;0,00;0,00;0,00;14,00;0,00;0,00
2021-10-10;14,00;0,00;0,00;0,00;0,00;32,00;0,00;0,00;0,00;0,00;0,00;0,00;17,00;18,00;0,00;0,00;0,00;0,00;0,00;25,00;0,00;26,73;49,64;0,00;0,00;0,00;14,00;0,00;0,00;0,00;63,00;0,00;0,00;16,00;0,00;32,00;0,00;0,00;0,00;0,00;0,00;26,00;0,00;20,00
2021-10-17;79,00;0,00;0,00;0,00;0,00;0,00;0,00;20,00;0,00;0,00;0,00;0,00;0,00;0,00;15,00;21,00;0,00;24,00;0,00;48,00;0,00;0,00;0,00;22,38;0,00;0,00;0,00;0,00;14,00;17,00;21,00;0,00;0,00;17,00;0,00;42,00;0,00;0,00;0,00;0,00;0,00;0,00;0,00;0,00
2021-10-24;33,00;0,00;14,30;0,00;0,00;0,00;0,00;0,00;0,00;0,00;19,00;0,00;51,00;0,00;0,00;16,00;0,00;0,00;30,00;0,00;0,00;14,52;0,00;0,00;0,00;35,54;0,00;33,00;0,00;0,00;0,00;20,00;13,00;28,00;0,00;0,00;57,00;0,00;0,00;13,00;44,00;0,00;18,00;0,00
2021-10-31;0,00;0,00;0,00;0,00;0,00;0,00;0,00;0,00;0,00;0,00;0,00;0,00;43,00;0,00;37,00;0,00;0,00;0,00;26,00;24,00;0,00;28,00;0,00;50,00;0,00;0,00;100,00;14,00;0,00;0,00;17,00;0,00;17,00;0,00;0,00;52,00;0,00;0,00;0,00;0,00;0,00;0,00;30,00;15,00
2021-11-07;27,00;0,00;0,00;0,00;0,00;0,00;13,00;19,00;0,00;0,00;0,00;0,00;0,00;0,00;0,00;0,00;0,00;0,00;0,00;29,00;0,00;0,00;0,00;12,86;0,00;0,00;0,00;0,00;0,00;0,00;14,00;0,00;46,00;0,00;0,00;19,00;0,00;19,00;0,00;0,00;0,00;17,00;0,00;0,00
2021-11-14;32,00;0,00;0,00;37,52;0,00;35,00;0,00;28,00;17,00;0,00;0,00;0,00;37,00;0,00;0,00;0,00;0,00;22,00;0,00;0,00;28,16;0,00;19,20;26,88;0,00;0,00;29,44;0,00;0,00;0,00;0,00;0,00;0,00;0,00;0,00;20,00;0,00;0,00;17,00;0,00;0,00;0,00;0,00;0,00
2021-11-21;43,00;0,00;0,00;0,00;42,00;0,00;0,00;0,00;12,00;0,00;0,00;0,00;0,00;0,00;0,00;0,00;0,00;0,00;0,00;0,00;0,00;0,00;0,00;0,00;0,00;0,00;20,24;0,00;16,00;20,00;0,00;0,00;46,00;0,00;0,00;45,00;0,00;0,00;0,00;0,00;0,00;22,00;0,00;0,00
2021-11-28;44,00;0,00;0,00;0,00;0,00;0,00;0,00;0,00;0,00;0,00;0,00;0,00;0,00;0,00;0,00;24,00;0,00;33,00;0,00;0,00;0,00;46,59;0,00;0,00;0,00;18,86;26,40;0,00;0,00;0,00;37,00;0,00;19,00;0,00;23,00;0,00;0,00;0,00;0,00;0,00;18,00;0,00;0,00;16,00
2021-12-05;0,00;0,00;0,00;0,00;0,00;0,00;0,00;0,00;15,00;20,00;0,00;0,00;0,00;0,00;0,00;13,00;13,00;0,00;0,00;0,00;0,00;0,00;0,00;18,00;0,00;0,00;28,00;0,00;0,00;0,00;0,00;0,00;0,00;0,00;0,00;27,00;0,00;0,00;27,00;0,00;0,00;31,00;0,00;0,00
2021-12-12;33,00;0,00;0,00;0,00;0,00;0,00;19,00;0,00;0,00;0,00;24,00;0,00;0,00;0,00;0,00;15,00;0,00;0,00;0,00;0,00;56,76;0,00;0,00;0,00;0,00;0,00;0,00;13,96;0,00;0,00;27,00;0,00;0,00;0,00;0,00;37,00;40,00;0,00;0,00;0,00;0,00;13,00;0,00;0,00
2021-12-19;17,00;0,00;0,00;0,00;0,00;0,00;0,00;0,00;14,00;16,00;0,00;0,00;21,00;0,00;0,00;0,00;0,00;18,00;0,00;0,00;0,00;0,00;0,00;0,00;0,00;0,00;0,00;0,00;0,00;0,00;17,00;0,00;0,00;0,00;0,00;0,00;0,00;18,00;0,00;31,00;0,00;0,00;0,00;0,00
2021-12-26;66,00;0,00;0,00;0,00;13,00;0,00;0,00;0,00;0,00;0,00;0,00;0,00;26,00;0,00;0,00;14,00;0,00;17,00;0,00;0,00;0,00;0,00;0,00;0,00;0,00;0,00;15,23;0,00;0,00;0,00;15,00;0,00;0,00;0,00;0,00;82,00;15,00;25,00;0,00;0,00;13,00;29,00;0,00;0,00
2022-01-02;0,00;0,00;0,00;0,00;0,00;0,00;0,00;0,00;0,00;15,00;0,00;0,00;0,00;0,00;28,00;54,00;0,00;25,00;0,00;0,00;11,00;12,00;0,00;12,00;0,00;0,00;21,00;0,00;0,00;0,00;0,00;0,00;50,00;0,00;0,00;36,00;74,00;0,00;0,00;0,00;0,00;0,00;0,00;15,00
2022-01-09;37,00;0,00;15,24;62,03;0,00;0,00;0,00;0,00;26,00;0,00;0,00;17,00;23,00;0,00;24,00;0,00;0,00;15,00;0,00;0,00;0,00;15,86;0,00;0,00;0,00;0,00;0,00;0,00;0,00;0,00;0,00;0,00;0,00;0,00;0,00;19,00;0,00;0,00;18,00;0,00;15,00;0,00;0,00;33,00
2022-01-16;65,00;0,00;0,00;0,00;26,00;0,00;13,00;16,00;14,00;0,00;0,00;0,00;0,00;0,00;0,00;0,00;0,00;21,00;0,00;0,00;0,00;0,00;0,00;20,80;16,57;29,31;45,88;0,00;21,00;0,00;27,00;0,00;0,00;0,00;0,00;30,00;25,00;36,00;0,00;0,00;0,00;0,00;0,00;30,00
2022-01-23;59,00;0,00;18,57;0,00;36,00;0,00;0,00;0,00;0,00;0,00;0,00;0,00;15,00;40,00;24,00;0,00;19,00;0,00;0,00;0,00;0,00;0,00;0,00;32,78;0,00;0,00;43,61;0,00;0,00;18,00;20,00;0,00;0,00;0,00;0,00;30,00;0,00;0,00;0,00;0,00;0,00;0,00;0,00;0,00
2022-01-30;56,00;0,00;0,00;0,00;0,00;0,00;0,00;0,00;0,00;0,00;0,00;37,00;60,00;18,00;0,00;17,00;22,00;33,00;0,00;0,00;0,00;0,00;0,00;33,86;0,00;0,00;0,00;15,27;18,00;0,00;12,00;24,00;0,00;15,00;0,00;33,00;46,00;0,00;0,00;0,00;56,00;0,00;0,00;20,00
2022-02-06;51,00;0,00;0,00;0,00;16,00;0,00;0,00;0,00;0,00;15,00;0,00;0,00;0,00;0,00;0,00;0,00;18,00;32,00;13,00;0,00;0,00;0,00;0,00;0,00;26,78;0,00;25,50;0,00;0,00;0,00;14,00;0,00;0,00;0,00;47,00;25,00;0,00;20,00;20,00;0,00;0,00;0,00;0,00;0,00
2022-02-13;46,00;15,33;0,00;0,00;0,00;0,00;0,00;0,00;0,00;16,00;0,00;0,00;0,00;0,00;10,00;0,00;0,00;10,00;0,00;28,00;0,00;13,14;0,00;0,00;30,67;10,22;33,22;0,00;0,00;17,00;15,00;0,00;43,00;17,00;26,00;50,00;0,00;0,00;0,00;15,00;34,00;0,00;0,00;0,00
2022-02-20;20,00;0,00;0,00;22,22;0,00;0,00;0,00;83,00;0,00;0,00;0,00;0,00;0,00;15,00;24,00;0,00;0,00;0,00;0,00;12,00;22,67;61,33;0,00;0,00;0,00;0,00;0,00;0,00;13,00;0,00;11,00;0,00;0,00;0,00;35,00;16,00;0,00;0,00;0,00;11,00;0,00;0,00;17,00;0,00
2022-02-27;58,00;0,00;0,00;0,00;0,00;0,00;21,00;0,00;0,00;0,00;0,00;0,00;0,00;0,00;28,00;0,00;24,00;0,00;0,00;0,00;0,00;18,04;10,31;0,00;0,00;0,00;36,57;0,00;0,00;0,00;35,00;0,00;0,00;0,00;12,00;50,00;0,00;0,00;0,00;0,00;23,00;24,00;0,00;0,00
2022-03-06;68,00;0,00;0,00;0,00;20,00;25,00;12,00;0,00;0,00;0,00;0,00;0,00;10,00;25,00;0,00;0,00;0,00;0,00;0,00;0,00;0,00;0,00;0,00;0,00;0,00;0,00;42,81;0,00;0,00;17,00;27,00;12,00;50,00;0,00;17,00;42,00;42,00;32,00;0,00;12,00;0,00;0,00;0,00;0,00
2022-03-13;52,00;0,00;0,00;0,00;0,00;0,00;0,00;0,00;28,00;0,00;0,00;0,00;0,00;0,00;20,00;13,00;0,00;0,00;0,00;12,00;11,70;0,00;0,00;0,00;13,95;0,00;24,10;0,00;10,00;0,00;13,00;0,00;0,00;0,00;0,00;48,00;0,00;0,00;0,00;0,00;0,00;0,00;0,00;15,00
2022-03-20;57,00;28,50;0,00;0,00;0,00;0,00;11,00;0,00;12,00;0,00;0,00;14,00;0,00;17,00;15,00;16,00;14,00;0,00;0,00;11,00;0,00;0,00;0,00;0,00;0,00;25,33;0,00;0,00;0,00;0,00;0,00;13,00;12,00;0,00;0,00;47,00;47,00;0,00;0,00;0,00;0,00;20,00;0,00;0,00
2022-03-27;33,00;0,00;0,00;0,00;0,00;0,00;0,00;0,00;0,00;26,00;0,00;0,00;0,00;21,00;0,00;0,00;23,00;0,00;0,00;0,00;0,00;9,24;17,16;0,00;0,00;15,23;12,69;0,00;22,00;0,00;15,00;0,00;0,00;0,00;0,00;23,00;18,00;0,00;0,00;0,00;0,00;0,00;0,00;0,00
2022-04-03;51,00;0,00;0,00;11,09;0,00;0,00;0,00;0,00;18,00;0,00;0,00;25,00;18,00;0,00;0,00;0,00;0,00;0,00;0,00;0,00;0,00;0,00;0,00;0,00;0,00;0,00;19,13;0,00;0,00;0,00;0,00;0,00;11,00;0,00;0,00;17,00;0,00;0,00;0,00;0,00;0,00;10,00;10,00;21,00
2022-04-10;33,00;0,00;22,00;0,00;0,00;0,00;0,00;0,00;0,00;0,00;0,00;0,00;46,00;0,00;23,00;0,00;0,00;15,00;0,00;0,00;19,80;0,00;14,52;0,00;12,69;0,00;34,27;0,00;0,00;0,00;16,00;0,00;0,00;11,00;0,00;0,00;0,00;0,00;0,00;28,00;0,00;0,00;0,00;0,00
2022-04-17;43,00;0,00;12,13;0,00;0,00;17,00;0,00;0,00;0,00;15,00;15,00;0,00;15,00;0,00;0,00;0,00;0,00;0,00;0,00;0,00;0,00;0,00;11,73;0,00;0,00;0,00;0,00;0,00;0,00;19,00;0,00;0,00;28,00;0,00;0,00;25,00;36,00;0,00;0,00;0,00;0,00;29,00;0,00;18,00
2022-04-24;36,00;0,00;0,00;26,18;10,00;0,00;19,00;12,00;0,00;0,00;24,00;0,00;0,00;0,00;0,00;0,00;17,00;0,00;0,00;24,00;0,00;22,67;24,00;0,00;0,00;15,43;0,00;0,00;0,00;0,00;0,00;0,00;0,00;0,00;0,00;40,00;0,00;0,00;0,00;0,00;0,00;0,00;0,00;15,00
2022-05-01;46,00;0,00;0,00;0,00;0,00;0,00;0,00;25,00;0,00;13,00;0,00;0,00;12,00;0,00;23,00;0,00;0,00;0,00;26,00;0,00;0,00;10,51;0,00;0,00;0,00;20,44;0,00;0,00;0,00;0,00;24,00;11,00;0,00;0,00;0,00;17,00;0,00;0,00;12,00;0,00;0,00;0,00;0,00;0,00
2022-05-08;0,00;0,00;0,00;0,00;24,00;0,00;0,00;0,00;0,00;0,00;0,00;0,00;0,00;0,00;14,00;26,00;0,00;0,00;0,00;25,00;18,00;0,00;0,00;0,00;11,00;0,00;0,00;0,00;0,00;0,00;0,00;0,00;0,00;13,00;12,00;30,00;0,00;18,00;17,00;0,00;0,00;0,00;0,00;0,00
2022-05-15;60,00;0,00;12,86;0,00;0,00;0,00;11,00;0,00;0,00;0,00;0,00;0,00;0,00;34,00;0,00;0,00;0,00;0,00;0,00;0,00;0,00;0,00;0,00;0,00;0,00;0,00;17,50;0,00;0,00;0,00;13,00;12,00;0,00;0,00;12,00;0,00;0,00;0,00;0,00;0,00;11,00;0,00;0,00;11,00
2022-05-22;23,00;0,00;0,00;0,00;0,00;0,00;21,00;0,00;0,00;0,00;0,00;0,00;46,00;0,00;27,00;0,00;0,00;0,00;0,00;0,00;0,00;0,00;16,24;0,00;12,78;0,00;14,06;0,00;0,00;0,00;0,00;46,00;0,00;0,00;0,00;0,00;0,00;0,00;0,00;0,00;0,00;0,00;0,00;20,00
2022-05-29;11,00;12,10;0,00;0,00;0,00;0,00;0,00;0,00;19,00;0,00;0,00;0,00;0,00;0,00;0,00;12,00;0,00;0,00;12,00;33,00;24,75;13,75;0,00;0,00;0,00;0,00;17,11;0,00;0,00;0,00;0,00;0,00;0,00;0,00;18,00;53,00;0,00;0,00;0,00;0,00;0,00;39,00;12,00;0,00
2022-06-05;44,00;0,00;24,20;13,20;17,00;0,00;0,00;15,00;0,00;0,00;0,00;0,00;0,00;0,00;0,00;0,00;0,00;0,00;0,00;0,00;0,00;0,00;0,00;0,00;27,66;13,83;20,11;0,00;0,00;61,00;0,00;0,00;0,00;0,00;0,00;0,00;0,00;0,00;0,00;0,00;0,00;0,00;0,00;0,00
2022-06-12;60,00;13,93;0,00;0,00;0,00;0,00;0,00;0,00;0,00;0,00;19,00;0,00;11,00;0,00;23,00;0,00;0,00;0,00;0,00;0,00;0,00;0,00;24,78;0,00;43,75;0,00;0,00;0,00;0,00;0,00;0,00;0,00;0,00;0,00;19,00;34,00;0,00;0,00;26,00;13,00;0,00;0,00;0,00;0,00
2022-06-19;23,00;0,00;35,05;27,38;0,00;0,00;0,00;0,00;0,00;0,00;14,00;19,00;0,00;0,00;41,00;0,00;14,00;31,00;0,00;0,00;0,00;18,94;58,18;0,00;0,00;0,00;24,28;21,72;0,00;0,00;75,00;29,00;0,00;0,00;0,00;54,00;0,00;0,00;0,00;0,00;0,00;0,00;0,00;0,00
2022-06-26;54,00;0,00;0,00;21,60;0,00;0,00;0,00;0,00;0,00;0,00;0,00;20,00;0,00;0,00;0,00;68,00;0,00;14,00;0,00;0,00;0,00;17,12;0,00;0,00;0,00;20,09;40,19;15,07;0,00;0,00;0,00;0,00;19,00;0,00;0,00;40,00;0,00;0,00;0,00;0,00;0,00;0,00;0,00;0,00
2022-07-03;37,00;0,00;0,00;0,00;30,00;13,00;0,00;0,00;0,00;0,00;0,00;0,00;0,00;0,00;0,00;0,00;0,00;0,00;40,00;0,00;29,07;0,00;0,00;0,00;0,00;0,00;0,00;0,00;0,00;0,00;0,00;0,00;33,00;0,00;0,00;0,00;0,00;0,00;19,00;0,00;0,00;30,00;20,00;0,00
2022-07-10;31,00;0,00;15,50;0,00;13,00;19,00;0,00;0,00;16,00;0,00;0,00;0,00;0,00;0,00;0,00;0,00;0,00;0,00;0,00;0,00;0,00;18,87;0,00;13,48;0,00;0,00;0,00;0,00;0,00;22,00;0,00;0,00;0,00;0,00;0,00;40,00;0,00;39,00;0,00;0,00;0,00;26,00;0,00;0,00
2022-07-17;47,00;0,00;0,00;0,00;14,00;0,00;15,00;0,00;0,00;0,00;0,00;18,00;0,00;0,00;0,00;0,00;0,00;0,00;0,00;0,00;24,81;0,00;0,00;31,33;19,05;0,00;19,05;0,00;24,00;0,00;0,00;0,00;0,00;0,00;0,00;54,00;0,00;0,00;0,00;0,00;0,00;38,00;0,00;0,00
2022-07-24;22,00;23,10;0,00;18,70;32,00;0,00;0,00;0,00;0,00;14,00;29,00;0,00;0,00;0,00;30,00;0,00;15,00;0,00;0,00;0,00;0,00;0,00;0,00;0,00;0,00;0,00;42,71;0,00;19,00;0,00;0,00;0,00;0,00;0,00;15,00;46,00;0,00;0,00;0,00;23,00;19,00;16,00;0,00;0,00
2022-07-31;16,00;0,00;0,00;0,00;0,00;0,00;0,00;18,00;20,00;0,00;0,00;0,00;0,00;0,00;16,00;16,00;0,00;0,00;0,00;0,00;20,00;0,00;0,00;16,00;0,00;17,23;0,00;19,69;0,00;0,00;19,00;0,00;0,00;24,00;0,00;28,00;15,00;0,00;13,00;0,00;0,00;44,00;0,00;0,00
2022-08-07;51,00;0,00;0,00;28,21;0,00;0,00;0,00;0,00;0,00;0,00;0,00;0,00;0,00;0,00;0,00;0,00;0,00;0,00;0,00;0,00;0,00;0,00;0,00;0,00;0,00;30,60;25,50;0,00;0,00;0,00;0,00;0,00;0,00;0,00;0,00;54,00;0,00;0,00;0,00;0,00;0,00;12,00;0,00;0,00
2022-08-14;77,00;0,00;0,00;0,00;0,00;23,00;0,00;0,00;0,00;35,00;0,00;0,00;25,00;0,00;0,00;0,00;35,00;0,00;0,00;0,00;0,00;0,00;0,00;0,00;0,00;0,00;39,13;0,00;0,00;0,00;24,00;0,00;0,00;0,00;0,00;0,00;0,00;30,00;0,00;25,00;0,00;28,00;0,00;0,00
2022-08-21;55,00;0,00;14,30;15,40;0,00;0,00;16,00;0,00;0,00;0,00;0,00;0,00;0,00;0,00;12,00;0,00;0,00;0,00;34,00;22,00;0,00;0,00;0,00;0,00;0,00;0,00;0,00;74,19;22,00;43,00;0,00;0,00;0,00;0,00;0,00;37,00;0,00;0,00;20,00;0,00;13,00;0,00;31,00;0,00
2022-08-28;59,00;0,00;0,00;0,00;0,00;0,00;14,00;0,00;0,00;0,00;0,00;19,00;0,00;0,00;0,00;0,00;0,00;0,00;0,00;0,00;0,00;18,36;14,42;0,00;0,00;0,00;0,00;11,54;0,00;0,00;36,00;0,00;0,00;0,00;0,00;24,00;0,00;0,00;0,00;0,00;0,00;13,00;0,00;0,00
2022-09-04;43,00;0,00;0,00;0,00;14,00;28,00;0,00;0,00;0,00;0,00;0,00;0,00;0,00;0,00;0,00;0,00;0,00;0,00;0,00;0,00;0,00;0,00;0,00;11,73;0,00;0,00;0,00;0,00;0,00;0,00;47,00;0,00;0,00;14,00;0,00;23,00;13,00;0,00;48,00;22,00;0,00;21,00;0,00;0,00
2022-09-11;20,00;0,00;24,21;0,00;0,00;0,00;23,00;11,00;34,00;0,00;0,00;18,00;0,00;0,00;0,00;0,00;0,00;0,00;0,00;0,00;0,00;0,00;0,00;0,00;0,00;11,25;0,00;0,00;0,00;0,00;0,00;0,00;18,00;0,00;0,00;42,00;0,00;0,00;0,00;0,00;0,00;0,00;0,00;0,00
2022-09-18;28,00;21,54;0,00;0,00;0,00;0,00;0,00;44,00;0,00;0,00;12,00;0,00;12,00;0,00;0,00;35,00;0,00;0,00;0,00;0,00;0,00;40,73;0,00;0,00;0,00;0,00;31,82;24,18;0,00;0,00;0,00;0,00;0,00;0,00;0,00;69,00;0,00;0,00;0,00;0,00;0,00;0,00;0,00;0,00
2022-09-25;37,00;0,00;14,15;0,00;0,00;0,00;0,00;0,00;0,00;0,00;48,00;0,00;36,00;0,00;0,00;0,00;0,00;15,00;0,00;14,00;0,00;0,00;40,96;0,00;0,00;11,48;15,31;0,00;0,00;0,00;0,00;0,00;0,00;0,00;0,00;38,00;0,00;0,00;0,00;0,00;23,00;0,00;16,00;0,00
2022-10-02;33,00;0,00;0,00;0,00;0,00;0,00;0,00;0,00;14,00;0,00;17,00;0,00;0,00;0,00;0,00;16,00;0,00;0,00;0,00;0,00;0,00;0,00;0,00;0,00;0,00;0,00;20,31;0,00;0,00;0,00;14,00;0,00;0,00;0,00;0,00;0,00;0,00;0,00;0,00;0,00;32,00;11,00;0,00;0,00
2022-10-09;48,00;12,00;0,00;0,00;0,00;13,00;38,00;0,00;33,00;0,00;0,00;0,00;0,00;0,00;0,00;0,00;22,00;33,00;0,00;0,00;0,00;0,00;0,00;0,00;32,84;0,00;24,00;0,00;0,00;0,00;0,00;0,00;0,00;50,00;0,00;33,00;0,00;44,00;0,00;0,00;0,00;0,00;0,00;0,00
2022-10-16;70,00;0,00;0,00;21,54;0,00;0,00;0,00;0,00;0,00;0,00;0,00;15,00;0,00;0,00;13,00;0,00;0,00;0,00;0,00;0,00;0,00;29,81;0,00;0,00;0,00;0,00;0,00;12,50;0,00;0,00;0,00;0,00;34,00;0,00;0,00;49,00;0,00;0,00;0,00;0,00;27,00;0,00;0,00;0,00
2022-10-23;22,00;0,00;0,00;16,50;0,00;13,00;0,00;0,00;0,00;15,00;0,00;0,00;0,00;0,00;21,00;12,00;0,00;50,00;15,00;0,00;0,00;0,00;0,00;0,00;0,00;0,00;0,00;0,00;23,00;0,00;0,00;0,00;31,00;0,00;16,00;0,00;0,00;0,00;25,00;12,00;23,00;0,00;62,00;32,00
2022-10-30;63,00;0,00;31,50;24,98;0,00;39,00;0,00;0,00;17,00;12,00;0,00;0,00;0,00;0,00;24,00;0,00;0,00;19,00;0,00;30,00;0,00;0,00;0,00;0,00;0,00;0,00;0,00;32,76;0,00;0,00;0,00;0,00;0,00;0,00;19,00;40,00;0,00;22,00;0,00;0,00;16,00;0,00;0,00;0,00
2022-11-06;32,00;0,00;0,00;0,00;0,00;0,00;0,00;0,00;0,00;15,00;0,00;0,00;21,00;0,00;17,00;43,00;0,00;11,00;0,00;0,00;0,00;0,00;0,00;24,32;0,00;43,08;13,54;12,31;0,00;0,00;12,00;0,00;19,00;15,00;23,00;53,00;0,00;0,00;29,00;0,00;0,00;0,00;11,00;32,00
2022-11-13;0,00;0,00;0,00;0,00;0,00;12,00;29,00;0,00;0,00;0,00;0,00;32,00;20,00;0,00;0,00;0,00;17,00;0,00;0,00;0,00;12,00;0,00;15,00;0,00;0,00;0,00;18,00;0,00;0,00;19,00;17,00;26,00;0,00;0,00;0,00;52,00;0,00;0,00;0,00;0,00;0,00;20,00;0,00;0,00
2022-11-20;34,00;10,97;0,00;0,00;0,00;0,00;0,00;0,00;10,00;0,00;0,00;0,00;0,00;16,00;0,00;14,00;0,00;0,00;0,00;0,00;17,00;0,00;14,38;0,00;23,93;0,00;0,00;0,00;0,00;0,00;12,00;0,00;0,00;0,00;0,00;35,00;0,00;0,00;0,00;11,00;0,00;0,00;0,00;21,00
2022-11-27;15,00;0,00;0,00;0,00;0,00;0,00;0,00;0,00;0,00;0,00;0,00;0,00;29,00;0,00;0,00;0,00;0,00;0,00;0,00;24,00;0,00;0,00;0,00;0,00;30,00;0,00;52,50;0,00;0,00;0,00;20,00;12,00;38,00;0,00;16,00;21,00;0,00;0,00;32,00;0,00;0,00;0,00;13,00;0,00
2022-12-04;55,00;20,49;0,00;0,00;0,00;0,00;0,00;0,00;23,00;0,00;0,00;14,00;0,00;20,00;14,00;0,00;11,00;18,00;0,00;0,00;0,00;14,40;18,33;0,00;0,00;0,00;12,79;19,19;17,00;0,00;36,00;0,00;13,00;0,00;0,00;36,00;0,00;0,00;0,00;0,00;14,00;20,00;0,00;0,00
2022-12-11;0,00;0,00;14,00;0,00;22,00;0,00;0,00;0,00;0,00;0,00;0,00;0,00;0,00;0,00;0,00;0,00;0,00;0,00;0,00;0,00;0,00;0,00;0,00;0,00;0,00;15,00;22,00;0,00;0,00;0,00;0,00;0,00;0,00;0,00;0,00;24,00;18,00;32,00;0,00;0,00;25,00;19,00;0,00;0,00
2022-12-18;90,00;0,00;0,00;0,00;0,00;0,00;0,00;20,00;0,00;27,00;26,00;0,00;15,00;21,00;0,00;16,00;0,00;0,00;0,00;0,00;31,30;0,00;0,00;0,00;0,00;0,00;34,23;0,00;0,00;0,00;21,00;0,00;0,00;0,00;30,00;52,00;0,00;0,00;0,00;0,00;30,00;33,00;0,00;0,00
2022-12-25;48,00;0,00;0,00;0,00;33,00;13,00;12,00;24,00;0,00;19,00;0,00;0,00;0,00;26,00;0,00;13,00;0,00;0,00;0,00;0,00;0,00;0,00;48,00;0,00;13,89;0,00;18,95;0,00;0,00;0,00;31,00;0,00;0,00;0,00;22,00;43,00;13,00;0,00;0,00;18,00;0,00;0,00;15,00;0,00
2023-01-01;63,00;0,00;0,00;0,00;0,00;26,00;13,00;0,00;0,00;0,00;0,00;0,00;0,00;0,00;0,00;0,00;11,00;15,00;0,00;0,00;0,00;0,00;0,00;0,00;0,00;0,00;25,71;0,00;0,00;18,00;30,00;0,00;14,00;0,00;25,00;77,00;11,00;0,00;0,00;0,00;26,00;19,00;12,00;0,00
2023-01-08;74,00;0,00;0,00;0,00;19,00;0,00;0,00;18,00;0,00;0,00;0,00;0,00;0,00;36,00;0,00;0,00;0,00;13,00;12,00;0,00;0,00;27,26;0,00;0,00;0,00;0,00;27,59;0,00;0,00;23,00;0,00;39,00;0,00;0,00;31,00;58,00;0,00;17,00;0,00;0,00;0,00;0,00;0,00;0,00
2023-01-15;93,00;0,00;0,00;0,00;21,00;0,00;0,00;0,00;0,00;0,00;0,00;0,00;0,00;11,00;17,00;0,00;16,00;0,00;0,00;19,00;30,13;18,34;0,00;0,00;0,00;0,00;21,66;0,00;0,00;0,00;29,00;0,00;0,00;0,00;36,00;50,00;17,00;23,00;0,00;0,00;15,00;19,00;0,00;0,00
2023-01-22;100,00;0,00;0,00;0,00;0,00;0,00;32,00;0,00;0,00;0,00;0,00;50,00;0,00;0,00;56,00;0,00;0,00;14,00;0,00;0,00;50,00;11,84;0,00;0,00;0,00;0,00;11,39;0,00;0,00;23,00;12,00;0,00;0,00;0,00;44,00;32,00;20,00;0,00;0,00;0,00;0,00;23,00;0,00;33,00
2023-01-29;46,00;0,00;0,00;0,00;0,00;18,00;11,00;0,00;0,00;0,00;0,00;35,00;0,00;0,00;0,00;0,00;27,00;0,00;0,00;23,00;13,14;15,77;0,00;0,00;11,50;0,00;30,67;0,00;0,00;0,00;0,00;0,00;0,00;0,00;18,00;37,00;0,00;0,00;0,00;11,00;0,00;0,00;0,00;0,00
2023-02-05;55,00;0,00;29,12;0,00;0,00;0,00;16,00;0,00;15,00;0,00;0,00;0,00;53,00;23,00;0,00;13,00;0,00;0,00;13,00;28,00;0,00;0,00;0,00;0,00;0,00;0,00;43,75;17,50;0,00;0,00;0,00;12,00;0,00;0,00;34,00;41,00;0,00;0,00;0,00;13,00;30,00;0,00;19,00;0,00
2023-02-12;95,00;0,00;0,00;0,00;0,00;11,00;0,00;0,00;0,00;0,00;0,00;0,00;0,00;0,00;0,00;0,00;0,00;0,00;0,00;0,00;0,00;20,82;0,00;0,00;51,93;0,00;20,27;0,00;0,00;0,00;0,00;0,00;0,00;0,00;39,00;0,00;16,00;58,00;0,00;16,00;17,00;0,00;0,00;12,00
2023-02-19;45,00;0,00;0,00;0,00;0,00;0,00;0,00;0,00;0,00;13,00;0,00;0,00;15,00;0,00;0,00;18,00;0,00;0,00;0,00;0,00;33,43;0,00;0,00;15,43;12,50;0,00;27,50;0,00;0,00;0,00;0,00;0,00;23,00;0,00;0,00;35,00;0,00;0,00;0,00;0,00;42,00;25,00;16,00;0,00
2023-02-26;42,00;0,00;0,00;0,00;0,00;0,00;14,00;13,00;0,00;0,00;0,00;13,00;17,00;0,00;0,00;0,00;0,00;0,00;0,00;0,00;0,00;0,00;0,00;39,38;0,00;0,00;12,73;21,64;0,00;0,00;23,00;0,00;30,00;0,00;24,00;44,00;0,00;0,00;19,00;0,00;16,00;0,00;0,00;0,00
2023-03-05;74,00;0,00;0,00;11,97;0,00;0,00;0,00;0,00;0,00;0,00;27,00;0,00;24,00;0,00;0,00;0,00;0,00;0,00;0,00;0,00;0,00;12,98;0,00;0,00;15,05;17,56;16,31;0,00;0,00;0,00;0,00;0,00;0,00;21,00;12,00;55,00;64,00;14,00;53,00;0,00;20,00;0,00;0,00;37,00
2023-03-12;36,00;0,00;0,00;0,00;0,00;46,00;0,00;0,00;22,00;0,00;0,00;0,00;0,00;0,00;0,00;0,00;38,00;0,00;23,00;0,00;0,00;19,29;0,00;0,00;0,00;0,00;36,00;0,00;0,00;0,00;0,00;14,00;11,00;0,00;23,00;56,00;0,00;0,00;0,00;0,00;0,00;35,00;0,00;0,00
2023-03-19;75,00;18,48;0,00;0,00;15,00;22,00;0,00;0,00;11,00;0,00;0,00;0,00;0,00;0,00;13,00;11,00;0,00;0,00;12,00;26,00;0,00;0,00;21,05;0,00;0,00;0,00;0,00;0,00;13,00;14,00;17,00;21,00;28,00;0,00;0,00;40,00;22,00;0,00;30,00;0,00;0,00;34,00;15,00;0,00
2023-03-26;48,00;0,00;0,00;12,00;0,00;0,00;0,00;0,00;0,00;0,00;0,00;17,00;0,00;0,00;14,00;0,00;0,00;12,00;0,00;0,00;0,00;0,00;0,00;0,00;0,00;10,11;16,42;13,89;22,00;11,00;0,00;0,00;0,00;45,00;21,00;44,00;0,00;18,00;17,00;0,00;0,00;0,00;0,00;0,00
2023-04-02;59,00;0,00;21,85;0,00;0,00;17,00;0,00;0,00;0,00;0,00;0,00;0,00;0,00;0,00;0,00;18,00;0,00;0,00;0,00;0,00;0,00;13,11;0,00;0,00;0,00;0,00;20,52;0,00;0,00;0,00;44,00;0,00;34,00;16,00;0,00;38,00;0,00;0,00;0,00;0,00;0,00;0,00;0,00;11,00
2023-04-09;23,00;0,00;0,00;0,00;0,00;0,00;14,00;11,00;0,00;0,00;12,00;0,00;17,00;0,00;44,00;0,00;0,00;43,00;0,00;0,00;0,00;0,00;0,00;0,00;0,00;26,63;16,95;0,00;0,00;0,00;13,00;0,00;0,00;50,00;0,00;0,00;22,00;0,00;0,00;28,00;0,00;0,00;0,00;0,00
2023-04-16;33,00;0,00;0,00;0,00;0,00;0,00;0,00;44,00;0,00;0,00;0,00;0,00;0,00;0,00;0,00;0,00;0,00;0,00;0,00;0,00;13,20;0,00;15,84;0,00;0,00;0,00;0,00;0,00;0,00;0,00;0,00;0,00;0,00;0,00;0,00;53,00;15,00;0,00;0,00;0,00;0,00;0,00;0,00;0,00
2023-04-23;11,00;0,00;0,00;0,00;0,00;0,00;23,00;11,00;0,00;0,00;0,00;61,00;0,00;0,00;41,00;0,00;0,00;0,00;25,00;0,00;11,00;0,00;0,00;0,00;0,00;0,00;17,88;0,00;0,00;0,00;0,00;0,00;29,00;0,00;12,00;30,00;0,00;16,00;11,00;0,00;0,00;26,00;0,00;19,00
2023-04-30;59,00;0,00;0,00;0,00;0,00;0,00;0,00;14,00;16,00;0,00;0,00;23,00;0,00;0,00;0,00;0,00;0,00;14,00;0,00;0,00;0,00;10,49;10,49;0,00;0,00;26,36;11,30;16,32;11,00;0,00;11,00;0,00;0,00;0,00;0,00;0,00;18,00;0,00;0,00;0,00;0,00;0,00;0,00;0,00
2023-05-07;35,00;16,41;0,00;0,00;0,00;0,00;0,00;0,00;0,00;31,00;31,00;0,00;30,00;0,00;0,00;0,00;0,00;0,00;0,00;0,00;0,00;0,00;0,00;0,00;0,00;13,75;0,00;0,00;0,00;0,00;44,00;0,00;0,00;0,00;0,00;31,00;0,00;0,00;0,00;0,00;0,00;0,00;0,00;0,00
2023-05-14;26,00;0,00;0,00;17,33;0,00;11,00;0,00;0,00;0,00;0,00;0,00;0,00;0,00;0,00;0,00;13,00;0,00;0,00;0,00;0,00;0,00;0,00;0,00;0,00;0,00;0,00;19,81;0,00;0,00;0,00;12,00;0,00;14,00;27,00;0,00;65,00;0,00;33,00;0,00;16,00;0,00;0,00;0,00;0,00
2023-05-21;69,00;28,03;12,94;0,00;0,00;0,00;0,00;0,00;25,00;0,00;0,00;0,00;0,00;0,00;19,00;0,00;0,00;0,00;0,00;0,00;0,00;0,00;0,00;0,00;0,00;13,80;30,11;12,55;0,00;0,00;0,00;0,00;0,00;29,00;0,00;29,00;0,00;0,00;0,00;0,00;13,00;0,00;0,00;0,00
2023-05-28;51,00;0,00;0,00;24,96;32,00;0,00;0,00;0,00;0,00;41,00;0,00;0,00;11,00;0,00;33,00;0,00;0,00;0,00;13,00;16,00;0,00;0,00;0,00;20,92;0,00;0,00;0,00;0,00;0,00;19,00;17,00;0,00;0,00;0,00;0,00;17,00;0,00;0,00;0,00;0,00;26,00;0,00;0,00;0,00
2023-06-04;28,00;0,00;0,00;0,00;0,00;0,00;22,00;0,00;15,00;0,00;0,00;0,00;0,00;0,00;21,00;0,00;24,00;0,00;0,00;0,00;0,00;11,45;19,09;15,27;0,00;0,00;15,27;15,27;0,00;20,00;0,00;0,00;0,00;0,00;0,00;0,00;14,00;20,00;0,00;0,00;0,00;0,00;0,00;0,00
2023-06-11;43,00;31,97;0,00;109,15;0,00;0,00;0,00;0,00;0,00;0,00;0,00;0,00;0,00;0,00;0,00;0,00;0,00;0,00;42,00;0,00;0,00;0,00;0,00;0,00;16,44;0,00;22,76;0,00;0,00;0,00;0,00;0,00;29,00;0,00;28,00;25,00;0,00;0,00;0,00;0,00;0,00;0,00;0,00;0,00
