Semaine;Nice (FR);Monaco (MC);Dijon (FR);Aix en Provence (FR);Toulouse (FR);Montpellier (FR);Nantes (FR);Avignon (FR);Bordeaux (FR);Tours (FR);Hamburg (DE);Marseille (FR);München (DE);Stockholm (SE);Copenhagen (DK);Athens (GR);Dublin (IE);Lyon (FR);Frankfurt am Main (DE);Budapest (HU);Venezia (IT);Wien (AT);Strasbourg (FR);Prague (CZ);Berlin (DE);Milano (IT);stanbul (TR);Roma (IT);Lille (FR);Madrid (ES);Lisbon (PT);Paris (FR);London (GB);Amsterdam (NL);Barcelona (ES)
2020-01-05;70,00;17,00;5,00;0,00;16,00;6,00;7,00;8,00;39,00;47,00;37,00;42,00;66,00;42,00;35,00;129,23;242,31;51,15;102,31;95,00;185,00;70,00;25,00;145,00;105,00;90,00;190,00;396,67;0,00;233,33;186,67;571,67;781,67;140,00;315,00
2020-01-12;46,00;30,00;0,00;0,00;13,00;14,00;12,00;5,00;26,00;39,00;34,00;39,00;77,00;50,00;45,00;148,82;238,12;16,24;132,59;97,11;311,78;61,33;30,67;143,11;122,67;86,89;194,22;414,00;0,00;207,00;184,00;621,00;793,50;184,00;310,50
2020-01-19;45,00;18,00;24,00;24,00;8,00;5,00;18,00;14,00;29,00;52,00;49,00;37,00;71,00;50,00;39,00;193,24;201,18;21,18;100,59;110,00;245,00;85,00;20,00;140,00;90,00;95,00;205,00;382,50;22,50;157,50;202,50;596,25;798,75;191,25;315,00
2020-01-26;72,00;16,00;4,00;0,00;18,00;0,00;13,00;0,00;20,00;49,00;24,00;44,00;56,00;33,00;34,00;128,00;157,33;26,67;88,00;108,00;205,71;66,86;15,43;124,80;67,20;67,20;187,20;336,00;12,00;168,00;168,00;540,00;696,00;144,00;276,00
2020-02-02;58,00;12,00;7,00;0,00;13,00;12,00;9,00;11,00;32,00;36,00;31,00;40,00;54,00;36,00;41,00;143,62;198,86;35,90;69,05;110,73;216,18;63,27;15,82;116,00;87,00;82,17;280,33;309,33;0,00;444,67;135,33;533,60;719,20;150,80;278,40
2020-02-09;44,00;16,00;0,00;7,00;10,00;14,00;7,00;0,00;32,00;42,00;11,00;37,00;57,00;37,00;50,00;173,25;203,50;41,25;110,00;78,22;220,00;34,22;19,56;107,56;78,22;83,11;185,78;374,00;11,00;198,00;154,00;506,00;781,00;154,00;297,00
2020-02-16;66,00;23,00;11,00;15,00;14,00;0,00;13,00;0,00;26,00;32,00;31,00;29,00;55,00;14,00;39,00;162,25;258,50;27,50;90,75;96,46;238,62;91,38;20,31;150,86;89,57;94,29;198,00;396,00;11,00;176,00;176,00;539,00;792,00;165,00;319,00
2020-02-23;39,00;10,00;0,00;0,00;5,00;15,00;6,00;5,00;60,00;23,00;35,00;31,00;64,00;30,00;47,00;150,43;208,93;33,43;75,21;97,50;234,00;53,63;19,50;131,63;82,88;102,38;185,25;312,00;19,50;156,00;136,50;637,00;845,00;169,00;299,00
2020-03-01;45,00;27,00;0,00;0,00;5,00;0,00;9,00;0,00;29,00;37,00;18,00;35,00;72,00;32,00;32,00;105,88;156,18;29,12;87,35;120,00;195,00;55,00;30,00;140,00;100,00;90,00;180,00;270,00;11,25;157,50;90,00;483,75;675,00;112,50;213,75
2020-03-08;30,00;6,00;8,00;0,00;16,00;10,00;13,00;0,00;23,00;7,00;22,00;23,00;45,00;29,00;52,00;98,18;188,18;24,55;98,18;75,00;175,00;55,00;25,00;105,00;80,00;130,00;170,00;420,00;15,00;270,00;120,00;430,00;570,00;110,00;160,00
2020-03-15;14,00;11,00;9,00;0,00;6,00;6,00;20,00;13,00;10,00;0,00;23,00;23,00;58,00;22,00;19,00;56,00;168,00;14,00;112,00;46,67;466,67;37,33;18,67;65,33;79,33;74,67;144,67;112,00;14,00;98,00;56,00;448,00;588,00;98,00;154,00
2020-03-22;7,00;17,00;0,00;0,00;13,00;0,00;0,00;0,00;14,00;11,00;14,00;10,00;54,00;35,00;23,00;35,00;93,33;0,00;35,00;70,00;336,00;42,00;21,00;70,00;63,00;84,00;175,00;98,00;0,00;84,00;28,00;140,00;182,00;42,00;56,00
2020-03-29;0,00;4,00;4,00;0,00;9,00;6,00;0,00;9,00;17,00;17,00;0,00;13,00;25,00;15,00;10,00;17,00;37,00;3,00;17,00;6,00;30,00;6,00;0,00;10,00;10,00;6,00;23,00;6,00;0,50;4,00;2,00;16,00;21,00;5,00;8,00
2020-04-05;11,00;7,00;0,00;0,00;9,00;3,00;0,00;17,00;21,00;12,00;29,00;10,00;39,00;19,00;21,00;66,00;85,25;8,25;41,25;44,00;148,50;16,50;16,50;55,00;44,00;33,00;99,00;132,00;11,00;88,00;44,00;209,00;220,00;44,00;77,00
2020-04-12;18,00;10,00;5,00;0,00;0,00;0,00;0,00;0,00;12,00;8,00;13,00;10,00;30,00;22,00;6,00;46,29;79,71;12,86;28,29;40,50;99,00;18,00;13,50;54,00;54,00;58,50;81,00;90,00;9,00;54,00;36,00;135,00;162,00;36,00;54,00
2020-04-19;10,00;14,00;11,00;0,00;0,00;4,00;4,00;0,00;10,00;22,00;20,00;4,00;16,00;24,00;17,00;60,00;57,50;15,00;30,00;40,00;135,00;30,00;10,00;55,00;50,00;40,00;90,00;100,00;10,00;80,00;20,00;150,00;210,00;50,00;60,00
2020-04-26;23,00;8,00;0,00;0,00;12,00;12,00;6,00;0,00;17,00;7,00;0,00;12,00;18,00;20,00;14,00;51,11;63,89;5,11;30,67;41,40;115,00;18,40;9,20;46,00;36,80;41,40;87,40;115,00;0,00;92,00;46,00;184,00;230,00;46,00;103,50
2020-05-03;10,00;0,00;0,00;7,00;18,00;0,00;5,00;0,00;11,00;15,00;17,00;12,00;28,00;25,00;16,00;60,00;62,50;7,50;27,50;35,00;120,00;25,00;5,00;65,00;35,00;40,00;120,00;100,00;0,00;80,00;40,00;170,00;240,00;40,00;90,00
2020-05-10;12,00;13,00;8,00;6,00;12,00;9,00;0,00;0,00;7,00;6,00;16,00;15,00;28,00;17,00;30,00;43,20;69,60;21,60;36,00;72,00;114,00;36,00;12,00;44,00;48,00;36,00;80,00;60,00;0,00;36,00;24,00;216,00;276,00;60,00;96,00
2020-05-17;23,00;19,00;0,00;0,00;12,00;5,00;0,00;0,00;5,00;10,00;7,00;16,00;23,00;33,00;21,00;89,13;80,50;8,63;25,88;28,75;120,75;28,75;5,75;55,20;36,80;32,20;96,60;138,00;0,00;92,00;23,00;195,50;287,50;34,50;80,50
2020-05-24;17,00;12,00;0,00;0,00;12,00;10,00;9,00;0,00;11,00;10,00;25,00;17,00;6,00;33,00;29,00;51,00;70,83;11,33;51,00;56,67;90,67;17,00;11,33;42,50;38,25;25,50;76,50;85,00;17,00;51,00;17,00;110,50;178,50;34,00;59,50
2020-05-31;20,00;8,00;0,00;4,00;0,00;8,00;0,00;7,00;22,00;21,00;8,00;7,00;29,00;23,00;21,00;60,00;105,71;8,57;51,43;50,00;85,00;15,00;0,00;60,00;50,00;45,00;90,00;120,00;10,00;80,00;40,00;170,00;230,00;40,00;80,00
2020-06-07;16,00;18,00;0,00;0,00;0,00;16,00;5,00;0,00;7,00;0,00;14,00;16,00;17,00;21,00;10,00;61,33;80,00;8,00;58,67;48,00;90,67;21,33;10,67;42,67;58,67;42,67;80,00;80,00;0,00;32,00;16,00;320,00;352,00;64,00;112,00
2020-06-14;32,00;14,00;6,00;0,00;12,00;5,00;0,00;10,00;0,00;0,00;22,00;21,00;29,00;20,00;36,00;82,67;66,67;18,67;45,33;48,00;96,00;42,67;16,00;64,00;54,86;32,00;100,57;224,00;0,00;96,00;32,00;213,33;245,33;53,33;96,00
2020-06-21;28,00;17,00;6,00;0,00;15,00;0,00;0,00;0,00;11,00;12,00;21,00;20,00;23,00;14,00;11,00;81,20;61,60;8,40;47,60;32,67;84,00;4,67;0,00;42,00;37,33;46,67;107,33;168,00;0,00;112,00;56,00;252,00;322,00;56,00;126,00
2020-06-28;34,00;21,00;0,00;0,00;9,00;4,00;4,00;9,00;8,00;5,00;21,00;21,00;27,00;20,00;19,00;70,62;91,54;10,46;49,69;48,57;68,00;24,29;9,71;72,86;53,43;38,86;87,43;170,00;17,00;102,00;68,00;192,67;317,33;56,67;68,00
2020-07-05;15,00;8,00;0,00;5,00;6,00;0,00;10,00;6,00;10,00;15,00;19,00;18,00;13,00;28,00;14,00;93,00;126,00;15,00;48,00;65,00;120,00;25,00;15,00;50,00;50,00;45,00;130,00;75,00;7,50;60,00;30,00;285,00;360,00;75,00;120,00
2020-07-12;9,00;14,00;0,00;13,00;6,00;6,00;50,00;0,00;7,00;11,00;0,00;13,00;13,00;0,00;19,00;66,00;111,00;30,00;63,00;31,50;81,00;22,50;13,50;54,00;40,50;31,50;126,00;90,00;18,00;54,00;36,00;153,00;216,00;54,00;90,00
2020-07-19;12,00;7,00;11,00;6,00;8,00;0,00;32,00;0,00;4,00;20,00;14,00;16,00;27,00;9,00;12,00;52,80;88,80;12,00;38,40;54,00;138,00;12,00;12,00;36,00;36,00;36,00;92,00;72,00;0,00;36,00;24,00;216,00;288,00;60,00;72,00
2020-07-26;24,00;7,00;0,00;0,00;11,00;15,00;19,00;11,00;18,00;24,00;16,00;12,00;28,00;25,00;18,00;69,33;74,67;18,67;45,33;33,60;96,00;19,20;9,60;62,40;52,80;52,80;120,00;168,00;0,00;96,00;48,00;192,00;312,00;72,00;108,00
2020-08-02;11,00;11,00;16,00;4,00;0,00;20,00;0,00;0,00;7,00;15,00;0,00;11,00;10,00;33,00;23,00;55,00;99,00;13,75;38,50;60,50;121,00;22,00;11,00;66,00;38,50;55,00;148,50;132,00;11,00;44,00;44,00;209,00;297,00;44,00;77,00
2020-08-09;13,00;25,00;0,00;8,00;11,00;7,00;13,00;7,00;13,00;17,00;22,00;24,00;26,00;46,00;31,00;67,60;96,20;10,40;44,20;78,00;110,50;45,50;19,50;60,67;47,67;47,67;104,00;91,00;6,50;52,00;13,00;260,00;351,00;65,00;143,00
2020-08-16;29,00;12,00;0,00;5,00;9,00;0,00;6,00;8,00;14,00;9,00;26,00;10,00;33,00;30,00;28,00;76,45;105,45;10,55;55,36;53,17;96,67;29,00;24,17;58,00;62,83;58,00;106,33;203,00;14,50;87,00;58,00;183,67;270,67;67,67;87,00
2020-08-23;14,00;5,00;6,00;0,00;0,00;0,00;11,00;17,00;10,00;17,00;27,00;25,00;32,00;29,00;30,00;53,20;92,40;19,60;25,20;46,67;102,67;23,33;4,67;56,00;56,00;56,00;121,33;84,00;7,00;42,00;14,00;280,00;420,00;70,00;112,00
2020-08-30;14,00;11,00;0,00;0,00;0,00;0,00;10,00;5,00;38,00;0,00;22,00;8,00;33,00;11,00;34,00;70,00;67,20;5,60;28,00;42,00;74,67;23,33;0,00;65,33;51,33;46,67;107,33;84,00;7,00;56,00;14,00;210,00;364,00;84,00;112,00
2020-09-06;29,00;15,00;0,00;0,00;5,00;11,00;0,00;0,00;21,00;14,00;12,00;6,00;30,00;42,00;30,00;84,36;87,00;7,91;39,55;38,67;96,67;24,17;9,67;67,67;53,17;38,67;207,83;145,00;14,50;116,00;58,00;174,00;280,33;58,00;67,67
2020-09-13;11,00;21,00;0,00;0,00;22,00;18,00;8,00;8,00;10,00;16,00;25,00;19,00;17,00;27,00;18,00;63,25;101,75;11,00;44,00;55,00;99,00;33,00;16,50;77,00;44,00;55,00;236,50;154,00;0,00;88,00;44,00;187,00;264,00;66,00;88,00
2020-09-20;7,00;11,00;0,00;0,00;0,00;12,00;11,00;0,00;13,00;10,00;21,00;11,00;23,00;23,00;32,00;44,33;70,00;9,33;39,67;35,00;91,00;28,00;28,00;77,00;98,00;56,00;182,00;70,00;0,00;42,00;28,00;112,00;182,00;42,00;63,00
2020-09-27;26,00;20,00;0,00;0,00;11,00;14,00;5,00;0,00;5,00;10,00;28,00;9,00;41,00;15,00;23,00;54,60;85,80;18,20;41,60;41,60;109,20;36,40;5,20;57,20;57,20;57,20;104,00;156,00;13,00;130,00;26,00;286,00;364,00;52,00;104,00
2020-10-04;19,00;11,00;4,00;0,00;7,00;0,00;0,00;11,00;8,00;7,00;30,00;9,00;24,00;21,00;22,00;62,43;70,57;16,29;51,57;33,25;71,25;23,75;14,25;47,50;47,50;33,25;133,00;76,00;9,50;76,00;19,00;171,00;285,00;38,00;66,50
2020-10-11;8,00;20,00;7,00;23,00;8,00;10,00;0,00;0,00;12,00;9,00;27,00;19,00;38,00;28,00;25,00;61,33;74,67;18,67;42,67;44,00;80,00;32,00;20,00;32,00;48,00;40,00;124,00;96,00;0,00;64,00;32,00;160,00;200,00;56,00;64,00
2020-10-18;23,00;6,00;0,00;0,00;7,00;9,00;12,00;0,00;24,00;12,00;9,00;16,00;23,00;30,00;21,00;48,56;86,89;17,89;38,33;41,40;69,00;23,00;0,00;59,80;50,60;50,60;96,60;115,00;0,00;92,00;46,00;218,50;299,00;46,00;92,00
2020-10-25;31,00;0,00;0,00;0,00;0,00;0,00;11,00;0,00;0,00;11,00;16,00;7,00;31,00;21,00;26,00;45,09;87,36;11,27;28,18;41,33;72,33;20,67;5,17;62,00;56,83;41,33;108,50;124,00;0,00;93,00;31,00;206,67;217,00;31,00;72,33
2020-11-01;16,00;6,00;0,00;7,00;12,00;0,00;0,00;0,00;12,00;11,00;24,00;26,00;17,00;18,00;18,00;29,33;64,00;10,67;24,00;32,00;64,00;69,33;16,00;48,00;58,67;32,00;106,67;48,00;0,00;48,00;32,00;272,00;368,00;48,00;96,00
2020-11-08;0,00;13,00;0,00;4,00;0,00;0,00;7,00;5,00;14,00;9,00;13,00;17,00;16,00;15,00;13,00;9,00;33,00;2,00;12,00;8,00;16,00;4,00;3,00;9,00;10,00;9,00;27,00;4,00;0,00;3,00;1,00;13,00;27,00;6,00;7,00
2020-11-15;15,00;14,00;6,00;8,00;5,00;6,00;5,00;0,00;0,00;12,00;19,00;11,00;31,00;23,00;15,00;42,50;80,00;0,00;35,00;35,00;80,00;25,00;0,00;60,00;35,00;35,00;130,00;90,00;0,00;45,00;15,00;255,00;435,00;60,00;120,00
2020-11-22;28,00;8,00;6,00;0,00;11,00;0,00;0,00;0,00;12,00;0,00;20,00;7,00;19,00;21,00;17,00;47,60;86,80;16,80;28,00;61,60;61,60;16,80;22,40;42,00;42,00;37,33;98,00;112,00;0,00;84,00;28,00;210,00;350,00;56,00;98,00
2020-11-29;17,00;0,00;7,00;0,00;0,00;0,00;6,00;0,00;8,00;7,00;22,00;10,00;27,00;13,00;21,00;51,00;79,33;17,00;45,33;56,67;68,00;22,67;5,67;51,00;29,75;29,75;93,50;85,00;8,50;51,00;34,00;127,50;212,50;42,50;59,50
2020-12-06;5,00;9,00;0,00;0,00;5,00;0,00;0,00;0,00;8,00;10,00;27,00;12,00;28,00;27,00;21,00;55,00;60,00;12,50;45,00;35,00;80,00;25,00;15,00;40,00;45,00;30,00;110,00;40,00;5,00;30,00;10,00;180,00;230,00;30,00;80,00
2020-12-13;20,00;9,00;0,00;0,00;11,00;9,00;0,00;0,00;17,00;6,00;18,00;14,00;19,00;37,00;26,00;37,50;70,00;22,50;25,00;25,00;75,00;25,00;5,00;55,00;45,00;40,00;120,00;80,00;0,00;60,00;20,00;140,00;250,00;50,00;50,00
2020-12-20;15,00;9,00;0,00;0,00;11,00;6,00;0,00;0,00;14,00;11,00;29,00;11,00;43,00;23,00;32,00;60,00;102,00;21,00;45,00;35,00;75,00;25,00;20,00;75,00;50,00;45,00;115,00;60,00;0,00;45,00;30,00;270,00;435,00;60,00;90,00
2020-12-27;14,00;15,00;0,00;0,00;6,00;0,00;0,00;0,00;8,00;11,00;22,00;12,00;49,00;22,00;17,00;61,60;98,00;0,00;42,00;51,33;70,00;18,67;0,00;93,33;51,33;42,00;102,67;70,00;7,00;56,00;28,00;238,00;350,00;42,00;112,00
2021-01-03;12,00;9,00;0,00;0,00;8,00;10,00;8,00;0,00;15,00;0,00;10,00;9,00;22,00;26,00;18,00;38,40;79,20;12,00;48,00;60,00;90,00;24,00;18,00;48,00;36,00;32,00;84,00;60,00;0,00;60,00;12,00;180,00;300,00;36,00;72,00
2021-01-10;17,00;9,00;6,00;6,00;0,00;0,00;8,00;0,00;4,00;8,00;0,00;0,00;26,00;33,00;15,00;56,67;62,33;14,17;39,67;56,67;90,67;28,33;11,33;62,33;73,67;51,00;130,33;85,00;8,50;136,00;17,00;272,00;391,00;68,00;136,00
2021-01-17;21,00;7,00;9,00;0,00;22,00;0,00;0,00;0,00;11,00;11,00;0,00;9,00;35,00;18,00;29,00;47,25;89,25;13,13;31,50;26,25;84,00;26,25;5,25;57,75;52,50;42,00;126,00;105,00;0,00;168,00;42,00;157,50;252,00;31,50;84,00
2021-01-24;16,00;16,00;0,00;0,00;0,00;0,00;0,00;4,00;10,00;18,00;17,00;5,00;24,00;21,00;24,00;18,67;82,67;13,33;48,00;37,33;85,33;5,33;0,00;74,67;37,33;42,67;128,00;64,00;8,00;48,00;16,00;224,00;304,00;64,00;144,00
2021-01-31;13,00;0,00;0,00;0,00;0,00;0,00;0,00;0,00;7,00;14,00;8,00;8,00;35,00;12,00;19,00;52,00;49,40;13,00;46,80;26,00;39,00;17,33;4,33;39,00;21,67;13,00;78,00;52,00;6,50;13,00;13,00;156,00;234,00;52,00;65,00
2021-02-07;13,00;6,00;0,00;0,00;0,00;9,00;13,00;0,00;9,00;10,00;15,00;0,00;28,00;26,00;12,00;31,20;54,60;18,20;41,60;39,00;97,50;26,00;0,00;39,00;26,00;30,33;86,67;52,00;0,00;39,00;13,00;156,00;234,00;52,00;52,00
2021-02-14;14,00;13,00;0,00;0,00;14,00;0,00;6,00;0,00;12,00;18,00;12,00;0,00;15,00;10,00;19,00;75,60;72,80;0,00;44,80;51,33;65,33;18,67;9,33;46,67;28,00;37,33;65,33;84,00;0,00;42,00;28,00;182,00;322,00;56,00;98,00
2021-02-21;5,00;16,00;0,00;0,00;14,00;0,00;12,00;0,00;5,00;24,00;12,00;0,00;6,00;13,00;9,00;32,50;60,00;12,50;35,00;35,00;75,00;15,00;10,00;40,00;45,00;25,00;100,00;50,00;10,00;30,00;10,00;160,00;180,00;40,00;50,00
2021-02-28;9,00;0,00;0,00;0,00;0,00;9,00;0,00;0,00;9,00;16,00;14,00;7,00;5,00;0,00;21,00;45,00;66,00;15,00;9,00;18,00;67,50;9,00;13,50;22,50;18,00;31,50;90,00;72,00;9,00;54,00;18,00;99,00;180,00;18,00;45,00
2021-03-07;20,00;12,00;0,00;17,00;0,00;5,00;0,00;6,00;6,00;15,00;8,00;6,00;32,00;54,00;10,00;60,00;62,86;5,71;34,29;35,00;65,00;15,00;15,00;45,00;30,00;45,00;105,00;80,00;0,00;60,00;20,00;170,00;220,00;40,00;60,00
2021-03-14;15,00;11,00;0,00;0,00;8,00;12,00;10,00;0,00;0,00;9,00;7,00;11,00;20,00;26,00;14,00;33,00;72,00;9,00;30,00;35,00;60,00;10,00;5,00;35,00;30,00;35,00;120,00;60,00;7,50;30,00;15,00;210,00;285,00;45,00;90,00
2021-03-21;8,00;11,00;0,00;0,00;7,00;0,00;0,00;0,00;6,00;10,00;9,00;9,00;13,00;19,00;14,00;66,67;64,00;13,33;16,00;16,00;64,00;12,00;12,00;36,00;20,00;28,00;80,00;64,00;8,00;32,00;16,00;112,00;152,00;40,00;48,00
2021-03-28;18,00;10,00;4,00;0,00;0,00;0,00;8,00;0,00;6,00;22,00;0,00;5,00;27,00;14,00;8,00;41,14;51,43;10,29;15,43;27,00;63,00;18,00;18,00;22,50;31,50;27,00;81,00;72,00;0,00;36,00;18,00;117,00;144,00;36,00;54,00
2021-04-04;6,00;0,00;8,00;0,00;6,00;9,00;0,00;8,00;0,00;10,00;0,00;24,00;23,00;6,00;11,00;45,00;33,00;0,00;15,00;24,00;60,00;18,00;6,00;36,00;24,00;12,00;108,00;36,00;0,00;24,00;12,00;168,00;204,00;24,00;72,00
2021-04-11;16,00;0,00;28,00;0,00;0,00;0,00;0,00;0,00;0,00;0,00;0,00;6,00;10,00;0,00;14,00;45,33;58,67;0,00;21,33;21,33;64,00;26,67;5,33;53,33;10,67;32,00;101,33;48,00;0,00;48,00;16,00;208,00;288,00;32,00;112,00
2021-04-18;7,00;13,00;0,00;0,00;6,00;0,00;0,00;0,00;6,00;13,00;5,00;0,00;15,00;7,00;13,00;58,33;42,00;9,33;30,33;56,00;70,00;21,00;0,00;24,50;10,50;17,50;73,50;56,00;0,00;42,00;14,00;84,00;140,00;21,00;42,00
2021-04-25;10,00;16,00;0,00;0,00;0,00;11,00;0,00;4,00;4,00;10,00;6,00;7,00;0,00;0,00;12,00;57,50;50,00;10,00;40,00;25,00;50,00;10,00;5,00;25,00;15,00;10,00;95,00;80,00;0,00;120,00;20,00;120,00;210,00;40,00;40,00
2021-05-02;16,00;15,00;0,00;15,00;0,00;8,00;0,00;0,00;5,00;10,00;7,00;14,00;0,00;0,00;0,00;56,00;58,67;0,00;26,67;26,67;64,00;16,00;5,33;42,67;16,00;21,33;117,33;64,00;0,00;512,00;16,00;192,00;272,00;48,00;96,00
2021-05-09;16,00;11,00;9,00;0,00;0,00;0,00;5,00;0,00;0,00;0,00;6,00;11,00;6,00;0,00;0,00;53,33;74,67;10,67;24,00;26,67;69,33;16,00;0,00;26,67;16,00;37,33;128,00;96,00;8,00;112,00;16,00;192,00;320,00;32,00;144,00
2021-05-16;8,00;19,00;0,00;0,00;10,00;5,00;0,00;0,00;11,00;16,00;0,00;6,00;20,00;0,00;10,00;61,33;61,33;5,33;24,00;24,00;64,00;12,00;8,00;32,00;20,00;28,00;88,00;48,00;8,00;32,00;16,00;104,00;168,00;16,00;40,00
2021-05-23;16,00;19,00;7,00;0,00;5,00;15,00;0,00;6,00;5,00;16,00;10,00;8,00;33,00;21,00;9,00;66,67;77,33;5,33;24,00;16,00;85,33;16,00;32,00;32,00;26,67;21,33;133,33;64,00;8,00;32,00;32,00;240,00;336,00;64,00;96,00
2021-05-30;20,00;7,00;0,00;6,00;0,00;6,00;0,00;0,00;6,00;22,00;7,00;21,00;8,00;17,00;0,00;71,43;71,43;0,00;40,00;35,00;80,00;15,00;15,00;25,00;30,00;30,00;100,00;80,00;0,00;40,00;20,00;180,00;200,00;40,00;60,00
2021-06-06;21,00;14,00;0,00;8,00;0,00;12,00;0,00;0,00;19,00;22,00;0,00;10,00;25,00;9,00;4,00;86,63;76,13;0,00;23,63;31,50;78,75;5,25;10,50;36,75;26,25;15,75;136,50;84,00;0,00;42,00;42,00;189,00;294,00;31,50;94,50
2021-06-13;7,00;11,00;0,00;0,00;7,00;7,00;19,00;0,00;13,00;17,00;6,00;11,00;10,00;0,00;21,00;60,67;60,67;7,00;32,67;154,00;126,00;21,00;7,00;56,00;35,00;28,00;189,00;84,00;0,00;42,00;28,00;140,00;203,00;35,00;49,00
2021-06-20;51,00;12,00;0,00;0,00;0,00;0,00;0,00;6,00;0,00;15,00;7,00;20,00;17,00;14,00;11,00;91,26;99,32;0,00;32,21;66,30;102,00;30,60;15,30;56,10;20,40;30,60;137,70;127,50;12,75;51,00;51,00;255,00;331,50;63,75;127,50
2021-06-27;26,00;0,00;0,00;8,00;0,00;0,00;0,00;6,00;8,00;12,00;0,00;25,00;13,00;16,00;0,00;106,60;52,00;0,00;52,00;83,20;57,20;26,00;15,60;36,40;15,60;20,80;161,20;156,00;0,00;52,00;52,00;247,00;325,00;52,00;91,00
2021-07-04;26,00;0,00;5,00;0,00;0,00;7,00;11,00;0,00;15,00;17,00;6,00;15,00;24,00;9,00;0,00;106,89;69,33;5,78;57,78;41,60;72,80;26,00;10,40;31,20;36,40;52,00;135,20;156,00;0,00;52,00;52,00;312,00;325,00;65,00;78,00
2021-07-11;19,00;12,00;0,00;15,00;9,00;5,00;13,00;0,00;18,00;40,00;16,00;10,00;8,00;20,00;17,00;86,86;81,43;10,86;48,86;71,25;99,75;19,00;28,50;52,25;28,50;33,25;114,00;133,00;0,00;38,00;38,00;228,00;294,50;47,50;76,00
2021-07-18;21,00;0,00;0,00;0,00;13,00;0,00;5,00;0,00;17,00;44,00;5,00;11,00;26,00;7,00;13,00;115,50;63,00;7,88;65,63;47,25;84,00;26,25;5,25;36,75;21,00;42,00;194,25;105,00;0,00;42,00;42,00;231,00;346,50;63,00;73,50
2021-07-25;21,00;0,00;0,00;0,00;0,00;0,00;7,00;5,00;8,00;23,00;0,00;13,00;0,00;11,00;21,00;84,00;78,75;10,50;47,25;63,00;78,75;15,75;10,50;52,50;10,50;15,75;126,00;126,00;0,00;63,00;42,00;262,50;325,50;42,00;94,50
2021-08-01;37,00;15,00;0,00;0,00;5,00;15,00;5,00;0,00;0,00;21,00;6,00;7,00;31,00;15,00;18,00;150,64;58,14;7,93;71,36;58,14;95,14;15,86;0,00;46,25;9,25;60,13;138,75;111,00;0,00;55,50;55,50;271,33;394,67;61,67;86,33
2021-08-08;28,00;16,00;0,00;5,00;7,00;8,00;6,00;0,00;11,00;26,00;8,00;12,00;20,00;6,00;8,00;117,09;81,45;15,27;84,00;32,67;84,00;18,67;4,67;28,00;28,00;46,67;154,00;196,00;14,00;84,00;56,00;392,00;406,00;70,00;140,00
2021-08-15;26,00;9,00;0,00;0,00;11,00;0,00;7,00;10,00;0,00;18,00;5,00;8,00;28,00;8,00;0,00;117,00;75,40;26,00;57,20;52,00;114,40;15,60;31,20;57,20;36,40;26,00;156,00;156,00;0,00;78,00;52,00;299,00;403,00;65,00;104,00
2021-08-22;16,00;25,00;0,00;5,00;36,00;0,00;5,00;10,00;9,00;14,00;13,00;27,00;15,00;9,00;8,00;98,67;80,00;24,00;74,67;37,33;80,00;48,00;16,00;53,33;37,33;42,67;176,00;96,00;0,00;48,00;64,00;336,00;512,00;96,00;96,00
2021-08-29;9,00;10,00;5,00;0,00;0,00;0,00;0,00;9,00;24,00;21,00;0,00;24,00;7,00;11,00;6,00;90,00;102,00;0,00;78,00;45,00;81,00;13,50;9,00;49,50;27,00;22,50;139,50;108,00;0,00;54,00;72,00;189,00;315,00;54,00;72,00
2021-09-05;19,00;0,00;9,00;0,00;0,00;6,00;5,00;13,00;25,00;19,00;19,00;13,00;23,00;10,00;8,00;89,57;92,29;8,14;48,86;38,00;99,75;14,25;4,75;47,50;19,00;38,00;142,50;95,00;0,00;57,00;57,00;199,50;323,00;47,50;57,00
2021-09-12;27,00;20,00;0,00;0,00;12,00;6,00;0,00;14,00;7,00;6,00;11,00;25,00;24,00;19,00;21,00;67,50;72,90;18,90;48,60;54,00;91,80;16,20;10,80;48,60;48,60;48,60;216,00;162,00;0,00;81,00;54,00;310,50;472,50;54,00;121,50
2021-09-19;18,00;20,00;0,00;0,00;6,00;7,00;12,00;0,00;13,00;15,00;12,00;10,00;22,00;8,00;9,00;77,14;92,57;10,29;66,86;48,00;90,00;30,00;12,00;54,00;22,50;40,50;130,50;108,00;0,00;54,00;54,00;207,00;333,00;36,00;90,00
2021-09-26;31,00;12,00;0,00;0,00;0,00;0,00;0,00;0,00;13,00;31,00;12,00;11,00;26,00;16,00;18,00;59,42;87,83;15,50;59,42;20,67;103,33;20,67;20,67;51,67;56,83;36,17;165,33;186,00;0,00;124,00;93,00;258,33;413,33;51,67;82,67
2021-10-03;23,00;0,00;0,00;5,00;5,00;0,00;18,00;7,00;22,00;7,00;0,00;14,00;27,00;0,00;11,00;92,00;92,00;8,63;54,63;34,50;97,75;23,00;0,00;32,20;27,60;32,20;151,80;138,00;11,50;46,00;92,00;287,50;414,00;34,50;103,50
2021-10-10;24,00;0,00;0,00;7,00;9,00;8,00;0,00;0,00;8,00;16,00;0,00;6,00;32,00;26,00;0,00;93,33;85,33;0,00;53,33;67,20;105,60;28,80;14,40;48,00;33,60;43,20;172,80;168,00;12,00;72,00;72,00;300,00;456,00;60,00;108,00
2021-10-17;31,00;16,00;0,00;0,00;13,00;5,00;0,00;0,00;11,00;17,00;7,00;15,00;20,00;23,00;0,00;53,55;104,27;14,09;36,64;56,83;87,83;36,17;0,00;51,67;41,33;31,00;160,17;217,00;31,00;93,00;93,00;279,00;403,00;51,67;103,33
2021-10-24;22,00;18,00;0,00;0,00;0,00;10,00;0,00;6,00;14,00;23,00;5,00;23,00;22,00;16,00;14,00;88,00;85,25;19,25;41,25;60,50;93,50;27,50;16,50;71,50;27,50;27,50;154,00;132,00;0,00;66,00;66,00;330,00;396,00;44,00;110,00
2021-10-31;20,00;0,00;0,00;0,00;11,00;16,00;0,00;6,00;8,00;13,00;8,00;13,00;33,00;11,00;11,00;80,00;108,57;11,43;60,00;35,00;95,00;30,00;10,00;55,00;35,00;45,00;155,00;140,00;10,00;60,00;60,00;310,00;390,00;70,00;80,00
2021-11-07;35,00;11,00;4,00;0,00;0,00;0,00;10,00;8,00;0,00;7,00;0,00;18,00;0,00;21,00;12,00;78,08;99,62;10,77;48,46;45,00;100,00;25,00;10,00;45,00;30,00;45,00;165,00;105,00;8,75;35,00;52,50;326,67;420,00;58,33;70,00
2021-11-14;10,00;9,00;0,00;0,00;0,00;0,00;9,00;0,00;18,00;11,00;4,00;16,00;16,00;0,00;14,00;75,00;100,00;10,00;37,50;45,00;100,00;20,00;10,00;55,00;15,00;35,00;160,00;100,00;0,00;60,00;80,00;230,00;330,00;50,00;90,00
2021-11-21;14,00;7,00;0,00;0,00;0,00;18,00;0,00;0,00;8,00;13,00;8,00;14,00;12,00;18,00;10,00;61,60;98,00;11,20;53,20;42,00;65,33;14,00;23,33;51,33;37,33;37,33;140,00;70,00;7,00;42,00;42,00;308,00;476,00;42,00;126,00
2021-11-28;16,00;8,00;0,00;0,00;5,00;0,00;0,00;0,00;16,00;6,00;22,00;21,00;20,00;21,00;15,00;58,67;85,33;13,33;56,00;42,67;58,67;21,33;0,00;32,00;48,00;37,33;202,67;64,00;0,00;32,00;16,00;304,00;528,00;80,00;80,00
2021-12-05;25,00;26,00;0,00;0,00;9,00;6,00;0,00;6,00;6,00;0,00;19,00;11,00;8,00;11,00;0,00;44,44;83,33;16,67;69,44;20,00;70,00;15,00;10,00;75,00;25,00;45,00;165,00;75,00;12,50;100,00;50,00;225,00;375,00;50,00;100,00
2021-12-12;24,00;14,00;0,00;0,00;4,00;9,00;10,00;0,00;5,00;10,00;14,00;0,00;17,00;0,00;12,00;61,33;69,33;10,67;53,33;33,60;52,80;24,00;0,00;28,80;48,00;33,60;153,60;120,00;0,00;96,00;48,00;204,00;324,00;36,00;60,00
2021-12-19;15,00;13,00;0,00;0,00;12,00;0,00;7,00;0,00;9,00;12,00;20,00;17,00;20,00;7,00;5,00;42,00;96,00;15,00;69,00;35,00;65,00;20,00;15,00;45,00;25,00;30,00;130,00;60,00;15,00;45,00;30,00;285,00;390,00;30,00;90,00
2021-12-26;15,00;25,00;5,00;0,00;8,00;5,00;8,00;7,00;8,00;20,00;11,00;12,00;11,00;25,00;0,00;47,50;57,50;15,00;55,00;50,00;95,00;20,00;0,00;45,00;35,00;45,00;140,00;90,00;15,00;45,00;30,00;315,00;435,00;90,00;75,00
2022-01-02;37,00;35,00;0,00;0,00;16,00;9,00;6,00;0,00;8,00;8,00;5,00;12,00;11,00;14,00;19,00;44,93;79,29;13,21;50,21;47,57;95,14;37,00;15,86;55,50;32,38;41,63;148,00;129,50;0,00;37,00;55,50;320,67;481,00;49,33;111,00
2022-01-09;26,00;14,00;0,00;0,00;9,00;6,00;0,00;0,00;0,00;7,00;12,00;0,00;16,00;30,00;13,00;59,80;93,60;15,60;44,20;36,40;78,00;20,80;10,40;57,20;46,80;46,80;161,20;156,00;26,00;78,00;104,00;273,00;455,00;52,00;104,00
2022-01-16;19,00;0,00;0,00;0,00;0,00;0,00;5,00;8,00;8,00;28,00;5,00;18,00;25,00;11,00;12,00;54,29;97,71;21,71;46,14;33,25;85,50;33,25;9,50;52,25;28,50;33,25;161,50;133,00;9,50;76,00;57,00;228,00;342,00;47,50;104,50
2022-01-23;23,00;22,00;5,00;0,00;13,00;6,00;8,00;0,00;23,00;7,00;12,00;13,00;34,00;5,00;13,00;117,88;126,50;0,00;63,25;74,75;103,50;23,00;28,75;50,60;32,20;55,20;202,40;184,00;0,00;69,00;115,00;264,50;425,50;46,00;103,50
2022-01-30;36,00;28,00;0,00;8,00;16,00;0,00;0,00;16,00;12,00;22,00;11,00;8,00;16,00;20,00;12,00;69,23;96,92;16,62;63,69;41,14;113,14;30,86;0,00;61,71;36,00;46,29;154,29;126,00;0,00;54,00;72,00;276,00;516,00;72,00;144,00
2022-02-06;39,00;0,00;0,00;0,00;16,00;14,00;21,00;0,00;21,00;11,00;18,00;25,00;39,00;0,00;29,00;109,20;127,40;26,00;57,20;63,38;126,75;19,50;19,50;53,63;43,88;73,13;190,13;175,50;0,00;97,50;136,50;390,00;611,00;65,00;195,00
2022-02-13;53,00;10,00;9,00;7,00;11,00;5,00;12,00;0,00;18,00;24,00;13,00;44,00;31,00;15,00;16,00;145,75;143,10;29,15;60,95;53,00;132,50;37,10;15,90;62,64;43,36;77,09;192,73;265,00;13,25;132,50;185,50;413,40;551,20;84,80;169,60
2022-02-20;44,00;9,00;0,00;0,00;19,00;4,00;9,00;11,00;24,00;21,00;19,00;37,00;26,00;17,00;29,00;143,00;170,50;13,75;79,75;107,56;161,33;34,22;19,56;68,44;53,78;83,11;205,33;286,00;11,00;132,00;154,00;451,00;638,00;88,00;231,00
2022-02-27;46,00;4,00;8,00;4,00;6,00;8,00;7,00;4,00;21,00;21,00;8,00;25,00;32,00;23,00;12,00;127,18;159,65;16,24;89,29;81,78;122,67;25,56;0,00;73,60;50,60;92,00;202,40;253,00;0,00;138,00;184,00;379,50;632,50;80,50;184,00
2022-03-06;47,00;25,00;7,00;7,00;11,00;8,00;9,00;12,00;22,00;25,00;15,00;37,00;28,00;6,00;24,00;127,18;212,88;24,88;71,88;83,56;146,22;36,56;20,89;61,10;56,40;70,50;183,30;282,00;23,50;117,50;188,00;517,00;693,25;94,00;246,75
2022-03-13;42,00;19,00;12,00;5,00;7,00;18,00;19,00;7,00;23,00;16,00;32,00;16,00;34,00;20,00;34,00;157,50;210,00;34,13;94,50;68,25;168,00;42,00;21,00;60,67;56,00;88,67;196,00;273,00;10,50;147,00;210,00;514,50;609,00;94,50;241,50
2022-03-20;65,00;19,00;0,00;5,00;21,00;0,00;7,00;10,00;20,00;34,00;18,00;42,00;29,00;19,00;15,00;176,04;195,00;32,50;65,00;65,00;170,00;40,00;15,00;90,00;60,00;110,00;225,00;303,33;10,83;108,33;195,00;541,67;628,33;108,33;270,83
2022-03-27;50,00;25,00;0,00;5,00;13,00;0,00;9,00;5,00;22,00;22,00;15,00;37,00;29,00;26,00;28,00;176,32;184,21;28,95;86,84;65,00;165,00;30,00;10,00;65,00;65,00;90,00;175,00;375,00;12,50;150,00;200,00;612,50;687,50;112,50;250,00
2022-04-03;49,00;21,00;0,00;6,00;20,00;25,00;3,00;6,00;29,00;24,00;19,00;22,00;28,00;14,00;18,00;144,28;220,50;46,28;89,83;73,50;200,90;39,20;19,60;63,70;44,10;98,00;191,10;343,00;12,25;147,00;196,00;588,00;710,50;98,00;269,50
2022-04-10;69,00;22,00;0,00;0,00;18,00;7,00;15,00;8,00;36,00;22,00;20,00;30,00;46,00;28,00;11,00;159,23;199,04;47,77;76,96;64,07;202,07;34,50;9,86;59,14;64,07;103,50;197,14;368,00;11,50;161,00;161,00;563,50;655,50;80,50;287,50
2022-04-17;58,00;28,00;0,00;3,00;7,00;13,00;12,00;4,00;23,00;33,00;20,00;48,00;45,00;20,00;26,00;185,05;254,10;30,38;71,81;68,55;232,00;47,45;21,09;72,50;62,83;101,50;222,33;270,67;0,00;116,00;193,33;568,40;719,20;116,00;1160,00
2022-04-24;67,00;15,00;10,00;8,00;23,00;21,00;7,00;10,00;23,00;24,00;22,00;33,00;54,00;34,00;13,00;182,24;192,96;24,12;120,60;67,00;216,46;56,69;30,92;76,57;62,21;86,14;220,14;402,00;11,17;402,00;178,67;513,67;692,33;111,67;469,00
2022-05-01;85,00;18,00;0,00;7,00;16,00;19,00;13,00;0,00;14,00;16,00;8,00;26,00;40,00;16,00;31,00;241,29;219,35;27,42;112,42;65,00;240,00;40,00;10,00;70,00;65,00;125,00;245,00;382,50;0,00;2125,00;191,25;595,00;740,71;133,57;352,14
2022-05-08;85,00;15,00;0,00;0,00;16,00;7,00;8,00;12,00;8,00;18,00;32,00;32,00;59,00;25,00;38,00;208,39;233,06;30,16;123,39;50,00;215,00;45,00;20,00;70,00;90,00;100,00;235,00;488,75;10,63;425,00;191,25;570,71;777,14;109,29;376,43
2022-05-15;77,00;20,00;0,00;6,00;14,00;0,00;21,00;0,00;24,00;25,00;11,00;38,00;48,00;21,00;26,00;184,25;176,00;38,50;143,00;46,20;169,40;30,80;25,67;62,56;72,19;81,81;202,13;462,00;12,83;179,67;231,00;561,00;649,00;88,00;330,00
2022-05-22;81,00;11,00;0,00;0,00;17,00;8,00;12,00;0,00;19,00;26,00;8,00;20,00;57,00;28,00;35,00;178,20;243,00;24,30;113,40;50,63;187,31;45,56;30,38;61,94;57,18;104,82;228,71;324,00;0,00;121,50;162,00;624,86;763,71;115,71;335,57
2022-05-29;100,00;24,00;15,00;0,00;16,00;15,00;6,00;11,00;14,00;20,00;22,00;45,00;30,00;30,00;22,00;221,62;245,95;48,65;105,41;60,00;215,00;45,00;20,00;66,67;71,43;104,76;223,81;425,00;25,00;175,00;225,00;644,44;722,22;122,22;277,78
2022-06-05;73,00;15,00;0,00;12,00;0,00;8,00;6,00;4,00;25,00;19,00;0,00;30,00;42,00;15,00;31,00;194,67;210,89;45,96;124,37;78,21;224,21;52,14;20,86;63,27;68,13;87,60;223,87;438,00;12,17;170,33;243,33;644,83;839,50;146,00;365,00
2022-06-12;80,00;18,00;10,00;10,00;0,00;27,00;12,00;7,00;26,00;18,00;21,00;16,00;37,00;32,00;15,00;240,00;210,67;34,67;125,33;65,00;210,00;65,00;25,00;80,00;65,88;94,12;207,06;440,00;0,00;120,00;160,00;617,14;777,14;102,86;320,00
2022-06-19;67,00;32,00;0,00;11,00;17,00;0,00;0,00;0,00;19,00;34,00;17,00;35,00;49,00;27,00;27,00;211,72;268,00;37,52;134,00;97,92;211,31;61,85;10,31;71,79;62,21;110,07;239,29;402,00;11,17;134,00;201,00;591,83;759,33;111,67;312,67
2022-06-26;82,00;11,00;0,00;9,00;8,00;11,00;10,00;8,00;18,00;18,00;24,00;47,00;72,00;15,00;0,00;221,40;237,80;32,80;150,33;66,63;230,63;61,50;20,50;82,00;67,53;110,94;241,18;389,50;0,00;123,00;184,50;632,57;784,86;117,14;339,71
2022-07-03;85,00;14,00;0,00;0,00;19,00;15,00;12,00;8,00;41,00;32,00;26,00;23,00;57,00;28,00;30,00;233,06;255,00;30,16;172,74;65,00;215,00;45,00;20,00;80,28;75,56;118,06;226,67;403,75;0,00;127,50;191,25;643,57;813,57;145,71;352,14
2022-07-10;59,00;19,00;0,00;0,00;12,00;0,00;16,00;0,00;30,00;24,00;16,00;35,00;56,00;22,00;16,00;214,55;222,59;42,91;131,41;78,67;206,50;39,33;9,83;68,83;54,08;122,92;236,00;393,33;19,67;137,67;216,33;601,80;790,60;129,80;295,00
2022-07-17;68,00;11,00;0,00;7,00;17,00;10,00;9,00;7,00;17,00;24,00;7,00;37,00;51,00;18,00;32,00;231,20;220,32;29,92;136,00;62,77;214,46;31,38;15,69;82,57;48,57;121,43;267,14;385,33;11,33;158,67;181,33;544,00;793,33;124,67;317,33
2022-07-24;73,00;20,00;0,00;7,00;20,00;6,00;9,00;7,00;19,00;18,00;8,00;20,00;51,00;14,00;19,00;227,11;202,78;43,26;181,15;78,21;219,00;52,14;20,86;97,33;63,27;82,73;248,20;389,33;0,00;170,33;170,33;571,83;754,33;133,83;328,50
2022-07-31;38,00;18,00;0,00;4,00;18,00;8,00;8,00;8,00;24,00;17,00;19,00;48,00;35,00;28,00;48,00;217,14;238,86;29,86;133,00;81,43;249,71;59,71;16,29;76,00;57,00;118,75;261,25;342,00;9,50;133,00;171,00;620,67;823,33;152,00;329,33
2022-08-07;62,00;18,00;0,00;0,00;11,00;7,00;13,00;13,00;39,00;29,00;19,00;27,00;46,00;20,00;42,00;229,13;245,30;35,04;126,70;93,00;180,83;46,50;20,67;104,92;62,00;90,62;238,46;372,00;0,00;144,67;186,00;620,00;793,60;99,20;372,00
2022-08-14;56,00;23,00;22,00;31,00;11,00;6,00;0,00;8,00;27,00;18,00;13,00;57,00;61,00;27,00;31,00;248,00;213,33;34,67;93,33;76,36;224,00;45,82;40,73;81,45;45,82;117,09;249,45;476,00;0,00;168,00;252,00;560,00;705,60;123,20;302,40
2022-08-21;52,00;24,00;4,00;5,00;18,00;6,00;11,00;0,00;14,00;24,00;17,00;24,00;78,00;13,00;42,00;202,53;260,00;30,11;134,11;67,60;239,20;46,80;26,00;94,55;61,45;94,55;260,00;390,00;26,00;182,00;286,00;457,60;686,40;104,00;280,80
2022-08-28;58,00;5,00;0,00;0,00;11,00;9,00;11,00;0,00;19,00;16,00;32,00;23,00;58,00;21,00;55,00;196,10;234,76;38,67;151,90;58,00;258,36;68,55;10,55;120,83;43,50;82,17;246,50;309,33;0,00;116,00;212,67;580,00;777,20;139,20;336,40
2022-09-04;47,00;10,00;0,00;7,00;7,00;10,00;0,00;0,00;18,00;34,00;14,00;32,00;36,00;19,00;27,00;179,71;240,53;33,18;107,82;73,11;266,33;36,56;20,89;84,60;70,50;94,00;216,20;446,50;0,00;141,00;211,50;540,50;822,50;141,00;317,25
2022-09-11;48,00;9,00;0,00;6,00;16,00;0,00;0,00;6,00;21,00;26,00;26,00;19,00;53,00;9,00;30,00;162,67;168,00;29,33;117,33;69,33;197,33;42,67;0,00;76,80;43,20;91,20;240,00;336,00;12,00;144,00;168,00;528,00;888,00;108,00;288,00
2022-09-18;39,00;15,00;0,00;0,00;7,00;22,00;0,00;0,00;25,00;11,00;22,00;15,00;41,00;21,00;29,00;161,57;164,36;30,64;114,21;68,25;175,50;48,75;14,63;78,00;58,50;63,38;224,25;253,50;9,75;117,00;195,00;546,00;936,00;130,00;325,00
2022-09-25;28,00;9,00;11,00;4,00;9,00;14,00;5,00;10,00;17,00;18,00;15,00;23,00;35,00;25,00;27,00;142,80;184,80;25,20;103,60;67,20;218,40;44,80;33,60;88,67;46,67;79,33;196,00;336,00;14,00;140,00;224,00;588,00;798,00;126,00;280,00
2022-10-02;40,00;22,00;10,00;0,00;9,00;5,00;13,00;0,00;20,00;26,00;7,00;17,00;40,00;12,00;16,00;128,00;165,33;13,33;74,67;60,00;160,00;50,00;10,00;90,00;65,00;95,00;210,00;260,00;0,00;100,00;160,00;520,00;706,67;146,67;266,67
2022-10-09;45,00;21,00;6,00;0,00;17,00;0,00;17,00;0,00;20,00;16,00;13,00;33,00;35,00;0,00;29,00;135,00;182,81;36,56;115,31;75,00;145,00;55,00;15,00;70,00;55,00;85,00;220,00;247,50;0,00;135,00;157,50;461,25;607,50;123,75;258,75
2022-10-16;40,00;0,00;0,00;0,00;7,00;0,00;0,00;0,00;13,00;14,00;7,00;29,00;34,00;0,00;12,00;101,33;138,67;32,00;66,67;65,00;150,00;30,00;30,00;75,00;45,00;95,00;205,00;220,00;10,00;140,00;180,00;520,00;693,33;133,33;226,67
2022-10-23;19,00;6,00;0,00;0,00;5,00;0,00;9,00;9,00;14,00;16,00;0,00;25,00;39,00;15,00;18,00;97,71;138,43;16,29;92,29;57,00;133,00;95,00;14,25;71,25;38,00;66,50;175,75;190,00;0,00;114,00;152,00;361,00;484,50;114,00;152,00
2022-10-30;27,00;26,00;0,00;0,00;10,00;7,00;12,00;0,00;21,00;13,00;11,00;22,00;33,00;15,00;20,00;75,60;143,10;21,60;91,80;64,80;140,40;43,20;32,40;58,50;54,00;63,00;189,00;270,00;13,50;135,00;162,00;499,50;702,00;108,00;243,00
2022-11-06;23,00;17,00;0,00;12,00;8,00;0,00;5,00;7,00;9,00;28,00;13,00;33,00;44,00;17,00;18,00;117,88;140,88;25,88;83,38;57,50;126,50;34,50;17,25;73,60;32,20;69,00;179,40;207,00;23,00;115,00;115,00;460,00;563,50;103,50;172,50
2022-11-13;24,00;14,00;0,00;7,00;8,00;9,00;10,00;5,00;12,00;16,00;12,00;18,00;24,00;15,00;20,00;72,00;157,33;10,67;69,33;38,40;124,80;52,80;24,00;62,40;48,00;62,40;480,00;216,00;0,00;120,00;168,00;420,00;636,00;240,00;180,00
2022-11-20;22,00;16,00;7,00;0,00;0,00;7,00;0,00;0,00;14,00;16,00;11,00;26,00;38,00;13,00;6,00;93,50;126,50;19,25;96,25;38,50;137,50;38,50;11,00;39,60;57,20;79,20;158,40;198,00;0,00;88,00;110,00;341,00;539,00;110,00;143,00
2022-11-27;33,00;14,00;0,00;0,00;5,00;4,00;11,00;8,00;14,00;22,00;11,00;21,00;29,00;16,00;17,00;77,00;121,00;16,50;99,00;49,50;126,50;44,00;22,00;61,29;51,86;75,43;155,57;330,00;16,50;132,00;198,00;363,00;550,00;110,00;132,00
2022-12-04;34,00;18,00;6,00;0,00;9,00;0,00;13,00;0,00;8,00;26,00;25,00;24,00;40,00;19,00;19,00;82,17;144,50;25,50;68,00;63,14;111,71;38,86;24,29;53,43;34,00;82,57;155,43;340,00;17,00;170,00;204,00;374,00;555,33;90,67;158,67
2022-12-11;37,00;9,00;0,00;0,00;13,00;0,00;12,00;0,00;9,00;15,00;13,00;18,00;33,00;13,00;12,00;68,71;145,36;13,21;100,43;47,57;105,71;68,71;26,43;55,50;74,00;69,38;198,88;166,50;9,25;74,00;111,00;444,00;715,33;98,67;197,33
2022-12-18;17,00;16,00;7,00;0,00;0,00;5,00;0,00;0,00;12,00;21,00;18,00;19,00;31,00;25,00;32,00;90,67;116,17;22,67;150,17;62,33;130,33;39,67;17,00;55,25;42,50;72,25;165,75;153,00;17,00;85,00;102,00;340,00;476,00;85,00;136,00
2022-12-25;40,00;13,00;10,00;0,00;6,00;5,00;6,00;11,00;5,00;20,00;15,00;23,00;58,00;38,00;41,00;136,00;157,33;32,00;122,67;65,00;155,00;40,00;25,00;105,00;70,00;100,00;225,00;260,00;20,00;140,00;140,00;430,00;680,00;100,00;210,00
2023-01-01;54,00;0,00;0,00;6,00;11,00;5,00;0,00;8,00;22,00;21,00;19,00;33,00;56,00;28,00;34,00;145,80;207,90;21,60;105,30;68,73;211,09;54,00;24,55;93,27;63,82;117,82;230,73;432,00;27,00;162,00;270,00;583,20;745,20;140,40;226,80
2023-01-08;80,00;22,00;5,00;6,00;10,00;9,00;12,00;9,00;22,00;30,00;25,00;35,00;61,00;25,00;45,00;149,33;197,33;40,00;106,67;65,00;210,00;45,00;25,00;75,29;75,29;103,53;230,59;360,00;10,00;120,00;200,00;640,00;777,14;148,57;297,14
2023-01-15;63,00;14,00;5,00;0,00;30,00;5,00;15,00;11,00;28,00;25,00;18,00;46,00;37,00;20,00;36,00;169,83;238,30;32,87;93,13;47,25;204,75;47,25;36,75;77,54;63,00;101,77;237,46;336,00;10,50;168,00;210,00;546,00;724,50;136,50;241,50
2023-01-22;71,00;22,00;7,00;7,00;19,00;12,00;5,00;0,00;13,00;19,00;11,00;53,00;64,00;15,00;24,00;158,38;213,00;24,58;133,81;55,79;233,29;60,86;25,36;85,20;56,80;108,87;231,93;426,00;11,83;118,33;260,33;615,33;828,33;142,00;307,67
2023-01-29;63,00;9,00;8,00;8,00;4,00;8,00;13,00;0,00;18,00;36,00;0,00;44,00;40,00;18,00;11,00;202,70;194,48;49,30;90,39;57,75;220,50;47,25;21,00;53,31;58,15;106,62;198,69;357,00;10,50;126,00;210,00;556,50;672,00;115,50;283,50
2023-02-05;74,00;0,00;0,00;11,00;19,00;6,00;12,00;0,00;25,00;35,00;23,00;36,00;58,00;0,00;28,00;191,85;186,37;35,63;109,63;74,00;248,43;58,14;21,14;74,00;59,20;88,80;286,13;419,33;12,33;172,67;246,67;629,00;789,33;135,67;296,00
2023-02-12;64,00;5,00;0,00;0,00;14,00;12,00;4,00;0,00;24,00;16,00;15,00;30,00;39,00;61,00;34,00;194,67;176,00;29,33;112,00;69,33;234,67;74,67;21,33;68,92;83,69;108,31;182,15;384,00;10,67;128,00;213,33;512,00;682,67;138,67;277,33
2023-02-19;65,00;12,00;0,00;15,00;22,00;6,00;11,00;4,00;19,00;32,00;16,00;43,00;42,00;41,00;36,00;195,00;230,21;32,50;94,79;75,00;330,00;50,00;10,00;85,00;70,00;125,00;165,00;455,00;10,83;151,67;260,00;595,83;780,00;119,17;314,17
2023-02-26;75,00;18,00;0,00;8,00;9,00;12,00;6,00;10,00;22,00;28,00;13,00;41,00;39,00;20,00;37,00;219,64;184,82;32,14;120,54;55,00;305,00;45,00;20,00;75,00;80,00;125,00;200,00;475,00;12,50;175,00;300,00;578,57;792,86;150,00;257,14
2023-03-05;83,00;6,00;5,00;12,00;17,00;4,00;6,00;6,00;23,00;31,00;26,00;43,00;37,00;26,00;23,00;192,77;214,19;40,16;123,16;88,19;259,38;57,06;25,94;78,12;68,35;122,06;161,12;435,75;10,38;145,25;228,25;652,14;841,86;154,14;332,00
2023-03-12;66,00;11,00;9,00;6,00;21,00;0,00;13,00;5,00;25,00;22,00;15,00;52,00;47,00;28,00;37,00;198,00;220,00;52,25;112,75;86,31;223,38;71,08;25,38;75,43;61,29;113,14;216,86;418,00;22,00;154,00;264,00;594,00;770,00;132,00;319,00
2023-03-19;77,00;13,00;0,00;0,00;13,00;0,00;6,00;4,00;28,00;30,00;22,00;36,00;50,00;14,00;29,00;178,75;261,25;24,75;101,75;87,27;236,13;46,20;15,40;91,44;86,63;144,38;178,06;590,33;25,67;205,33;308,00;638,00;781,00;165,00;352,00
2023-03-26;65,00;28,00;8,00;0,00;0,00;6,00;4,00;10,00;29,00;26,00;10,00;42,00;58,00;24,00;38,00;176,04;230,21;48,75;124,58;55,00;250,00;40,00;15,00;75,00;70,00;130,00;220,00;433,33;10,83;195,00;216,67;585,00;671,67;130,00;314,17
2023-04-02;80,00;24,00;0,00;9,00;15,00;9,00;0,00;16,00;14,00;12,00;10,00;42,00;63,00;13,00;60,00;184,83;206,90;30,34;113,10;70,00;195,00;60,00;10,00;90,00;50,00;115,00;200,00;380,00;10,00;140,00;180,00;640,00;720,00;137,14;308,57
2023-04-09;77,00;21,00;0,00;5,00;12,00;13,00;12,00;12,00;40,00;24,00;26,00;47,00;50,00;31,00;23,00;200,75;203,50;16,50;126,50;82,13;236,13;46,20;20,53;96,25;67,38;115,50;173,25;487,67;0,00;179,67;256,67;572,00;704,00;132,00;341,00
2023-04-16;68,00;19,00;8,00;7,00;14,00;5,00;5,00;16,00;17,00;24,00;16,00;35,00;58,00;23,00;20,00;247,52;201,28;16,32;103,36;88,92;235,38;57,54;15,69;72,86;53,43;126,29;228,29;408,00;11,33;181,33;272,00;544,00;759,33;136,00;895,33
2023-04-23;77,00;7,00;5,00;0,00;11,00;17,00;0,00;6,00;13,00;32,00;25,00;42,00;38,00;40,00;38,00;228,34;185,86;31,86;106,21;77,00;220,73;51,33;20,53;86,63;86,63;105,88;221,38;513,33;12,83;1283,33;282,33;550,00;759,00;132,00;440,00
2023-04-30;80,00;17,00;4,00;7,00;7,00;9,00;9,00;6,00;27,00;33,00;21,00;31,00;54,00;23,00;26,00;240,00;209,66;22,07;129,66;90,00;245,00;35,00;15,00;90,00;75,00;120,00;240,00;380,00;20,00;1620,00;240,00;617,14;754,29;125,71;320,00
2023-05-07;80,00;24,00;4,00;10,00;16,00;0,00;16,00;0,00;0,00;23,00;25,00;27,00;56,00;43,00;25,00;248,28;201,38;46,90;129,66;75,00;205,00;60,00;15,00;85,00;70,00;130,00;200,00;420,00;10,00;340,00;200,00;548,57;720,00;137,14;354,29
2023-05-14;75,00;14,00;0,00;6,00;9,00;13,00;9,00;15,00;12,00;27,00;15,00;46,00;52,00;43,00;46,00;219,64;230,36;24,11;104,46;70,00;245,00;50,00;20,00;65,00;75,00;80,00;240,00;650,00;0,00;225,00;200,00;535,71;685,71;107,14;321,43
2023-05-21;87,00;23,00;0,00;8,00;17,00;0,00;5,00;6,00;46,00;20,00;11,00;39,00;47,00;20,00;40,00;239,25;168,56;19,03;116,91;92,12;266,12;35,82;25,59;87,00;58,00;135,33;188,50;435,00;10,88;152,25;217,50;543,75;728,63;119,63;293,63
2023-05-28;84,00;29,00;7,00;0,00;18,00;11,00;12,00;0,00;21,00;9,00;11,00;41,00;46,00;26,00;26,00;222,19;200,52;37,94;108,39;89,25;246,75;63,00;31,50;98,82;84,00;118,59;227,29;441,00;10,50;147,00;252,00;612,00;732,00;168,00;360,00
2023-06-04;91,00;24,00;0,00;6,00;23,00;8,00;6,00;6,00;29,00;12,00;19,00;50,00;63,00;29,00;21,00;200,74;195,38;26,76;117,76;75,83;212,33;55,61;20,22;114,95;76,63;119,74;220,32;477,75;22,75;136,50;227,50;568,75;659,75;147,88;352,63
2023-06-11;81,00;12,00;9,00;0,00;14,00;0,00;0,00;9,00;17,00;29,00;14,00;46,00;44,00;25,00;41,00;234,90;197,10;29,70;159,30;75,94;237,94;65,81;20,25;61,94;57,18;104,82;209,65;384,75;20,25;162,00;222,75;567,00;694,29;127,29;335,57
