Semaine;Nice (FR);Paris (FR);London (GB);Amsterdam (NL);Barcelona (ES);Roma (IT);Lille (FR);Madrid (ES);Lisbon (PT);Prague (CZ);Berlin (DE);Milano (IT);stanbul (TR);Budapest (HU);Venezia (IT);Wien (AT);Strasbourg (FR);Athens (GR);Dublin (IE);Lyon (FR);Frankfurt am Main (DE);Marseille (FR);München (DE);Stockholm (SE);Copenhagen (DK);Bordeaux (FR);Tours (FR);Hamburg (DE);Toulouse (FR);Montpellier (FR);Nantes (FR);Avignon (FR);Monaco (MC);Dijon (FR);Aix en Provence (FR)
2020-01-05;16,00;163,20;137,60;64,00;99,20;70,00;6,00;80,00;72,00;45,33;88,00;149,33;66,67;44,44;51,56;51,56;26,67;29,00;50,00;26,00;46,00;3,00;44,00;28,00;22,00;7,00;6,00;62,00;5,00;3,00;3,00;0,00;4,00;3,00;0,00
2020-01-12;15,00;144,00;141,00;72,00;99,00;63,75;0,00;73,13;73,13;42,50;72,50;147,50;72,50;41,25;58,13;52,50;20,63;33,00;44,00;28,00;38,00;13,00;50,00;18,00;15,00;8,00;7,00;57,00;6,00;13,00;0,00;0,00;10,00;0,00;0,00
2020-01-19;27,00;138,00;123,00;78,00;108,00;65,57;7,71;61,71;52,07;51,55;78,55;147,27;54,00;45,00;32,40;50,40;23,40;33,00;34,00;28,00;30,00;5,00;49,00;17,00;21,00;6,00;4,00;67,00;3,00;7,00;2,00;5,00;9,00;3,00;2,00
2020-01-26;21,00;123,00;126,00;72,00;93,00;89,73;0,00;59,18;63,00;31,50;94,50;160,13;73,50;42,00;51,55;55,36;22,91;33,00;29,00;24,00;34,00;3,00;42,00;20,00;16,00;9,00;5,00;50,00;2,00;2,00;0,00;3,00;9,00;3,00;2,00
2020-02-02;30,00;126,00;129,00;63,00;99,00;70,00;6,00;94,00;64,00;70,00;77,50;130,00;82,50;54,38;52,50;43,13;22,50;41,00;39,00;16,00;42,00;14,00;39,00;25,00;15,00;10,00;0,00;48,00;0,00;3,00;0,00;3,00;4,00;0,00;0,00
2020-02-09;33,00;147,00;135,00;72,00;111,00;77,65;3,88;71,82;54,35;43,15;73,62;157,38;58,38;51,33;49,50;42,17;23,83;37,00;27,00;32,00;59,00;6,00;46,00;18,00;11,00;14,00;2,00;70,00;0,00;4,00;2,00;0,00;6,00;14,00;0,00
2020-02-16;17,00;153,00;136,00;59,50;87,83;77,44;3,78;68,00;66,11;55,86;82,57;162,71;48,57;51,00;51,00;51,00;28,33;35,00;39,00;30,00;36,00;11,00;49,00;13,00;18,00;21,00;5,00;57,00;7,00;9,00;0,00;7,00;8,00;12,00;0,00
2020-02-23;22,00;157,14;110,00;53,43;94,29;66,00;0,00;72,00;62,00;44,00;85,56;124,67;51,33;44,00;55,00;34,83;33,00;30,00;27,00;27,00;38,00;13,00;51,00;20,00;9,00;10,00;2,00;44,00;6,00;0,00;0,00;3,00;7,00;0,00;0,00
2020-03-01;20,00;122,86;91,43;42,86;71,43;66,00;2,00;52,00;58,00;40,00;70,00;95,00;52,50;42,00;48,00;32,00;30,00;28,00;29,00;21,00;40,00;15,00;39,00;13,00;8,00;12,00;3,00;34,00;0,00;8,00;2,00;0,00;5,00;4,00;4,00
2020-03-08;23,00;97,75;80,50;31,63;69,00;46,00;5,75;74,75;36,42;48,56;51,11;84,33;40,89;36,42;47,92;38,33;15,33;22,00;21,00;18,00;53,00;4,00;37,00;10,00;7,00;6,00;0,00;38,00;4,00;6,00;7,00;2,00;3,00;0,00;0,00
2020-03-15;15,00;84,00;51,00;24,00;30,00;33,75;0,00;48,75;24,38;12,50;37,50;35,00;22,50;16,88;88,13;13,13;7,50;6,00;16,00;10,00;33,00;5,00;17,00;5,00;8,00;4,00;0,00;18,00;0,00;0,00;4,00;0,00;0,00;3,00;0,00
2020-03-22;9,00;48,00;27,00;12,00;18,00;30,60;5,40;32,40;12,60;11,25;29,25;36,00;15,75;12,60;57,60;12,60;9,00;7,00;8,00;4,00;25,00;6,00;15,00;4,00;10,00;5,00;0,00;17,00;0,00;4,00;0,00;0,00;5,00;0,00;0,00
2020-03-29;4,00;52,00;44,00;16,00;28,00;28,00;0,00;24,00;16,00;12,00;18,00;18,00;10,00;4,00;32,00;2,00;0,00;11,00;6,00;2,00;22,00;2,00;13,00;8,00;5,00;4,00;0,00;15,00;0,00;0,00;0,00;3,00;0,00;0,00;3,00
2020-04-05;4,00;24,00;18,00;8,00;8,00;22,00;0,00;18,00;16,00;8,00;24,00;30,00;14,00;12,00;28,00;10,00;12,00;9,00;9,00;8,00;15,00;2,00;11,00;4,00;0,00;8,00;0,00;15,00;0,00;0,00;0,00;0,00;0,00;0,00;2,00
2020-04-12;6,00;48,00;33,00;9,00;21,00;30,00;2,00;26,00;18,00;6,00;22,00;26,00;16,00;18,00;24,00;6,00;4,00;8,00;6,00;5,00;18,00;4,00;19,00;12,00;4,00;3,00;2,00;12,00;0,00;0,00;0,00;0,00;0,00;3,00;0,00
2020-04-19;4,00;48,00;28,00;16,00;24,00;22,00;0,00;14,00;14,00;12,00;40,00;40,00;24,00;14,00;26,00;14,00;4,00;11,00;8,00;7,00;15,00;8,00;5,00;12,00;4,00;0,00;3,00;16,00;2,00;0,00;0,00;0,00;0,00;0,00;0,00
2020-04-26;5,00;32,50;22,50;7,50;17,50;21,67;0,00;10,00;13,33;12,50;32,50;27,50;17,50;6,67;15,00;6,67;6,67;11,00;14,00;4,00;15,00;6,00;10,00;11,00;0,00;3,00;0,00;16,00;5,00;0,00;0,00;0,00;0,00;4,00;2,00
2020-05-03;8,00;37,33;29,33;8,00;21,33;24,00;6,00;20,00;12,00;18,67;32,00;26,67;21,33;4,00;22,00;14,00;0,00;10,00;7,00;4,00;11,00;6,00;10,00;5,00;3,00;3,00;0,00;17,00;0,00;4,00;0,00;0,00;5,00;0,00;0,00
2020-05-10;8,00;32,00;29,33;16,00;21,33;26,00;0,00;22,00;24,00;13,33;32,00;34,67;16,00;10,00;18,00;18,00;6,00;19,00;3,00;5,00;16,00;0,00;10,00;10,00;4,00;4,00;0,00;20,00;0,00;0,00;0,00;0,00;6,00;2,00;0,00
2020-05-17;10,00;30,00;26,67;10,00;20,00;22,00;0,00;14,00;28,00;12,50;52,50;42,50;15,00;14,00;28,00;18,00;12,00;15,00;9,00;2,00;12,00;9,00;19,00;9,00;0,00;0,00;0,00;29,00;0,00;5,00;4,00;9,00;0,00;2,00;0,00
2020-05-24;14,00;42,00;28,00;14,00;25,20;28,00;0,00;26,00;30,00;16,80;50,40;47,60;19,60;16,00;24,00;16,00;8,00;13,00;7,00;6,00;15,00;10,00;21,00;6,00;4,00;9,00;0,00;17,00;0,00;2,00;3,00;3,00;7,00;0,00;0,00
2020-05-31;26,00;40,44;23,11;20,22;34,67;29,71;0,00;16,71;37,14;18,20;36,40;65,00;26,00;14,86;33,43;26,00;11,14;28,00;3,00;11,00;23,00;9,00;24,00;21,00;7,00;5,00;9,00;36,00;0,00;3,00;5,00;5,00;5,00;4,00;0,00
2020-06-07;24,00;51,00;36,00;27,00;36,00;34,00;0,00;28,00;42,00;24,00;40,00;58,67;26,67;16,62;44,31;22,15;16,62;21,00;9,00;20,00;21,00;19,00;29,00;6,00;6,00;11,00;2,00;47,00;4,00;5,00;4,00;2,00;0,00;2,00;0,00
2020-06-14;31,00;86,80;34,10;27,90;34,10;31,00;0,00;27,13;46,50;25,83;59,42;59,42;28,42;32,94;52,31;34,88;21,31;38,00;13,00;17,00;21,00;16,00;36,00;9,00;4,00;11,00;4,00;45,00;3,00;0,00;0,00;7,00;6,00;5,00;2,00
2020-06-21;44,00;67,47;26,40;26,40;26,40;34,43;1,91;24,87;38,26;15,53;49,18;56,94;23,29;24,87;53,57;26,78;15,30;23,00;15,00;17,00;26,00;22,00;17,00;10,00;13,00;6,00;5,00;33,00;0,00;7,00;7,00;6,00;10,00;0,00;0,00
2020-06-28;44,00;76,27;29,33;35,20;46,93;40,17;3,83;26,78;38,26;33,65;49,18;59,53;15,53;18,33;51,33;38,50;18,33;25,00;11,00;17,00;23,00;12,00;24,00;8,00;11,00;13,00;6,00;34,00;3,00;6,00;3,00;4,00;8,00;0,00;3,00
2020-07-05;73,00;84,68;29,20;29,20;55,48;38,42;5,76;24,97;32,66;22,66;55,38;75,52;35,24;20,59;61,77;35,56;29,95;29,00;14,00;26,00;29,00;26,00;31,00;9,00;0,00;12,00;0,00;35,00;0,00;14,00;4,00;4,00;13,00;0,00;0,00
2020-07-12;87,00;72,50;37,70;29,00;40,60;34,80;1,93;42,53;42,53;23,03;58,85;76,76;40,94;30,26;85,11;43,50;24,59;20,00;4,00;26,00;24,00;29,00;28,00;10,00;8,00;10,00;5,00;44,00;5,00;15,00;29,00;8,00;14,00;3,00;0,00
2020-07-19;100,00;85,29;41,18;32,35;58,82;54,90;1,96;39,22;43,14;28,21;69,23;94,87;41,03;28,30;101,89;37,74;24,53;24,00;7,00;24,00;25,00;37,00;32,00;0,00;3,00;11,00;3,00;40,00;3,00;15,00;20,00;0,00;14,00;3,00;0,00
2020-07-26;74,00;82,88;44,40;29,60;47,36;42,84;1,95;21,42;38,95;30,62;51,03;81,66;30,62;28,46;94,87;34,15;24,67;33,00;18,00;31,00;26,00;34,00;32,00;7,00;3,00;10,00;7,00;34,00;0,00;11,00;7,00;3,00;6,00;0,00;4,00
2020-08-02;74,00;79,92;50,32;20,72;26,64;54,53;5,84;25,32;37,00;30,62;51,03;86,76;38,28;20,87;89,18;39,85;26,56;33,00;13,00;29,00;44,00;29,00;37,00;7,00;9,00;9,00;5,00;41,00;4,00;8,00;5,00;6,00;19,00;0,00;0,00
2020-08-09;60,00;66,00;36,00;21,00;36,00;38,71;0,00;19,35;48,39;15,65;60,00;67,83;41,74;22,50;90,00;20,63;18,75;26,00;13,00;26,00;22,00;19,00;35,00;7,00;2,00;15,00;3,00;12,00;10,00;7,00;7,00;0,00;16,00;0,00;7,00
2020-08-16;33,00;72,00;42,00;33,00;30,00;42,71;0,00;17,47;44,65;20,31;45,69;81,23;38,08;27,18;85,41;21,35;17,47;26,00;6,00;21,00;22,00;8,00;25,00;4,00;3,00;8,00;7,00;27,00;5,00;3,00;6,00;0,00;11,00;4,00;0,00
2020-08-23;25,00;71,88;37,50;28,13;21,88;34,62;3,85;17,31;40,38;20,00;70,00;77,50;35,00;23,08;92,31;32,69;9,62;27,00;8,00;10,00;15,00;10,00;18,00;8,00;3,00;4,00;2,00;25,00;2,00;2,00;0,00;0,00;6,00;3,00;3,00
2020-08-30;30,00;66,00;36,00;24,00;18,00;46,00;4,00;22,00;36,00;25,00;60,00;77,50;35,00;22,50;90,00;20,63;20,63;19,00;7,00;22,00;23,00;5,00;37,00;5,00;5,00;7,00;0,00;29,00;0,00;0,00;0,00;0,00;3,00;0,00;2,00
2020-09-06;15,00;54,00;39,00;30,00;18,00;50,63;0,00;16,88;35,63;25,00;55,00;92,50;40,00;11,25;93,75;39,38;15,00;21,00;11,00;5,00;23,00;6,00;33,00;10,00;8,00;8,00;2,00;42,00;4,00;0,00;4,00;3,00;4,00;0,00;0,00
2020-09-13;12,00;66,00;27,00;21,00;24,00;62,00;0,00;30,00;36,00;14,40;52,80;72,00;43,20;14,00;108,00;20,00;18,00;34,00;9,00;16,00;14,00;14,00;23,00;5,00;5,00;0,00;4,00;27,00;0,00;0,00;5,00;0,00;7,00;3,00;0,00
2020-09-20;12,00;54,00;36,00;30,00;24,00;74,00;0,00;38,00;38,00;14,40;67,20;112,80;48,00;12,00;118,29;18,86;18,86;41,00;12,00;15,00;24,00;0,00;35,00;15,00;10,00;4,00;6,00;34,00;5,00;0,00;0,00;0,00;5,00;2,00;0,00
2020-09-27;12,00;54,00;42,00;15,00;21,00;74,00;0,00;30,00;14,00;16,80;76,80;100,80;48,00;10,29;171,43;13,71;17,14;31,00;6,00;25,00;34,00;10,00;28,00;4,00;3,00;3,00;0,00;27,00;3,00;7,00;0,00;5,00;3,00;4,00;0,00
2020-10-04;12,00;51,00;24,00;9,00;27,00;72,00;4,00;24,00;14,00;12,00;84,00;115,20;57,60;14,00;186,00;20,00;28,00;45,00;0,00;12,00;23,00;0,00;39,00;11,00;6,00;4,00;10,00;42,00;0,00;6,00;0,00;0,00;0,00;0,00;0,00
2020-10-11;8,00;32,00;21,33;13,33;13,33;46,00;4,00;12,00;10,00;21,33;42,67;98,67;53,33;0,00;46,00;18,00;24,00;34,00;6,00;13,00;9,00;4,00;27,00;10,00;4,00;4,00;0,00;31,00;0,00;5,00;0,00;3,00;5,00;3,00;0,00
2020-10-18;4,00;44,00;28,00;12,00;32,00;36,00;0,00;20,00;12,00;10,00;24,00;54,00;38,00;10,00;32,00;14,00;18,00;24,00;10,00;15,00;20,00;10,00;14,00;0,00;0,00;3,00;3,00;11,00;3,00;0,00;0,00;0,00;3,00;0,00;3,00
2020-10-25;27,00;45,00;18,00;9,00;24,00;36,64;0,00;23,14;17,36;7,36;56,45;49,09;46,64;10,80;21,60;7,20;5,40;18,00;8,00;9,00;14,00;0,00;6,00;5,00;0,00;0,00;0,00;12,00;2,00;0,00;2,00;3,00;7,00;5,00;0,00
2020-11-01;0,00;12,00;8,00;3,00;6,00;12,00;0,00;10,00;9,00;5,00;18,00;15,00;16,00;5,00;10,00;15,00;2,00;17,00;11,00;4,00;9,00;6,00;13,00;2,00;0,00;0,00;0,00;7,00;3,00;0,00;0,00;0,00;0,00;3,00;0,00
2020-11-08;5,00;32,50;32,50;10,00;20,00;26,67;0,00;23,33;20,00;15,00;40,00;35,00;37,50;8,33;31,67;10,00;3,33;9,00;3,00;8,00;12,00;4,00;12,00;8,00;6,00;0,00;0,00;10,00;0,00;0,00;3,00;0,00;0,00;3,00;0,00
2020-11-15;8,00;32,00;53,33;10,67;26,67;30,00;2,00;20,00;20,00;16,00;32,00;40,00;56,00;16,00;16,00;18,00;4,00;11,00;9,00;4,00;17,00;5,00;10,00;5,00;0,00;0,00;0,00;4,00;0,00;0,00;0,00;0,00;0,00;0,00;0,00
2020-11-22;6,00;45,00;39,00;12,00;24,00;16,00;0,00;28,00;22,00;15,00;27,00;33,00;33,00;12,00;12,00;12,00;10,00;8,00;6,00;7,00;23,00;0,00;17,00;5,00;6,00;8,00;4,00;8,00;0,00;0,00;0,00;0,00;12,00;3,00;0,00
2020-11-29;14,00;39,20;16,80;14,00;19,60;28,00;0,00;26,00;20,00;11,20;33,60;42,00;42,00;10,00;14,00;10,00;6,00;10,00;3,00;9,00;13,00;0,00;9,00;3,00;2,00;0,00;2,00;11,00;0,00;0,00;0,00;0,00;0,00;0,00;0,00
2020-12-06;6,00;54,00;30,00;18,00;27,00;26,00;0,00;26,00;44,00;15,00;30,00;45,00;48,00;10,00;12,00;16,00;10,00;7,00;9,00;11,00;10,00;11,00;12,00;9,00;0,00;0,00;0,00;8,00;0,00;0,00;3,00;0,00;0,00;4,00;2,00
2020-12-13;7,00;42,00;28,00;7,00;24,50;19,25;0,00;21,00;22,75;11,67;23,33;44,33;28,00;7,00;8,75;10,50;3,50;0,00;12,00;16,00;13,00;7,00;18,00;5,00;5,00;0,00;0,00;10,00;0,00;5,00;0,00;2,00;2,00;0,00;0,00
2020-12-20;5,00;42,50;52,50;10,00;20,00;13,33;0,00;16,67;16,67;17,50;17,50;22,50;32,50;10,00;15,00;6,67;16,67;8,00;9,00;16,00;5,00;8,00;11,00;9,00;5,00;3,00;0,00;6,00;0,00;0,00;2,00;7,00;0,00;0,00;2,00
2020-12-27;10,00;46,67;23,33;6,67;26,67;30,00;0,00;22,00;26,00;17,50;35,00;32,50;25,00;12,00;32,00;12,00;12,00;6,00;8,00;8,00;15,00;5,00;9,00;5,00;5,00;0,00;4,00;8,00;4,00;5,00;5,00;3,00;8,00;0,00;0,00
2021-01-03;5,00;30,00;25,00;12,50;25,00;25,00;2,50;85,00;12,50;12,50;27,50;37,50;25,00;10,00;16,67;10,00;8,33;12,00;8,00;12,00;4,00;6,00;6,00;4,00;3,00;0,00;0,00;6,00;0,00;0,00;0,00;3,00;4,00;0,00;5,00
2021-01-10;8,00;34,67;24,00;8,00;24,00;20,00;0,00;114,00;16,00;10,67;26,67;50,67;18,67;10,00;18,00;8,00;4,00;13,00;11,00;7,00;14,00;10,00;8,00;4,00;12,00;3,00;0,00;10,00;4,00;0,00;0,00;0,00;2,00;0,00;0,00
2021-01-17;5,00;40,00;20,00;2,50;25,00;26,67;3,33;53,33;21,67;15,00;22,50;37,50;32,50;10,00;11,67;8,33;6,67;15,00;0,00;10,00;15,00;3,00;16,00;6,00;4,00;0,00;0,00;9,00;0,00;0,00;5,00;0,00;3,00;0,00;0,00
2021-01-24;4,00;52,00;32,00;16,00;36,00;20,00;0,00;16,00;20,00;16,00;16,00;34,00;18,00;10,00;14,00;14,00;8,00;9,00;7,00;13,00;18,00;6,00;9,00;10,00;0,00;0,00;6,00;14,00;0,00;2,00;0,00;0,00;5,00;0,00;0,00
2021-01-31;9,00;39,00;24,00;6,00;18,00;27,00;5,40;12,60;16,20;15,00;27,00;66,00;30,00;12,60;14,40;10,80;7,20;11,00;8,00;13,00;9,00;6,00;12,00;0,00;7,00;0,00;0,00;6,00;11,00;0,00;6,00;0,00;4,00;0,00;2,00
2021-02-07;3,00;57,00;15,00;18,00;21,00;48,00;15,00;33,00;18,00;15,00;36,00;69,00;42,00;21,00;48,00;12,00;15,00;10,00;5,00;10,00;17,00;11,00;11,00;5,00;5,00;3,00;0,00;14,00;0,00;5,00;0,00;0,00;7,00;4,00;0,00
2021-02-14;2,00;32,00;12,00;6,00;30,00;24,00;0,00;22,00;20,00;8,00;18,00;42,00;24,00;10,00;22,00;20,00;0,00;16,00;6,00;3,00;11,00;3,00;13,00;0,00;12,00;0,00;0,00;12,00;0,00;0,00;0,00;3,00;5,00;0,00;0,00
2021-02-21;7,00;52,50;28,00;10,50;42,00;26,25;0,00;21,00;8,75;11,67;25,67;58,33;32,67;12,25;15,75;7,00;8,75;12,00;10,00;14,00;10,00;0,00;12,00;6,00;10,00;3,00;0,00;13,00;0,00;0,00;10,00;0,00;3,00;0,00;4,00
2021-02-28;10,00;36,67;26,67;13,33;33,33;46,00;4,00;32,00;20,00;7,50;25,00;50,00;35,00;12,00;38,00;12,00;12,00;10,00;6,00;5,00;11,00;5,00;7,00;4,00;0,00;5,00;0,00;12,00;2,00;5,00;0,00;0,00;2,00;0,00;0,00
2021-03-07;10,00;73,33;26,67;0,00;56,67;34,00;0,00;18,00;12,00;10,00;25,00;42,50;45,00;20,00;30,00;10,00;20,00;12,00;4,00;13,00;21,00;5,00;8,00;0,00;13,00;0,00;5,00;11,00;0,00;4,00;0,00;9,00;6,00;0,00;0,00
2021-03-14;11,00;41,25;24,75;13,75;35,75;30,80;0,00;37,40;22,00;8,25;24,75;38,50;52,25;9,17;22,00;14,67;7,33;13,00;4,00;7,00;21,00;5,00;9,00;0,00;0,00;0,00;3,00;15,00;0,00;0,00;0,00;0,00;0,00;0,00;0,00
2021-03-21;10,00;40,00;26,67;13,33;46,67;22,00;0,00;40,00;24,00;7,50;22,50;35,00;45,00;0,00;18,00;10,00;8,00;21,00;8,00;11,00;18,00;9,00;12,00;3,00;4,00;9,00;0,00;14,00;2,00;0,00;0,00;2,00;0,00;4,00;4,00
2021-03-28;9,00;36,00;24,00;15,00;33,00;19,80;0,00;34,20;18,00;4,50;20,25;42,75;49,50;7,20;16,20;5,40;9,00;14,00;2,00;9,00;16,00;6,00;10,00;4,00;4,00;3,00;3,00;10,00;2,00;0,00;4,00;0,00;8,00;9,00;15,00
2021-04-04;6,00;42,00;18,00;0,00;48,00;20,00;0,00;40,00;26,00;21,00;24,00;60,00;45,00;0,00;30,00;10,00;12,00;8,00;3,00;13,00;23,00;6,00;8,00;0,00;0,00;4,00;0,00;23,00;0,00;0,00;0,00;5,00;2,00;0,00;0,00
2021-04-11;13,00;42,25;32,50;13,00;42,25;18,57;1,86;37,14;20,43;7,80;20,80;39,00;28,60;11,14;22,29;9,29;0,00;15,00;10,00;10,00;8,00;5,00;20,00;3,00;6,00;8,00;5,00;2,00;0,00;0,00;0,00;0,00;2,00;0,00;0,00
2021-04-18;14,00;33,60;28,00;8,40;36,40;32,00;0,00;40,00;24,00;4,67;16,33;39,67;23,33;3,50;17,50;14,00;12,25;12,00;5,00;10,00;9,00;3,00;8,00;3,00;7,00;2,00;3,00;16,00;0,00;0,00;3,00;0,00;0,00;0,00;0,00
2021-04-25;10,00;40,00;23,33;10,00;46,67;28,00;0,00;32,00;34,00;17,50;25,00;60,00;27,50;12,00;30,00;14,00;4,00;11,00;13,00;9,00;10,00;7,00;14,00;7,00;2,00;2,00;3,00;14,00;8,00;0,00;4,00;0,00;0,00;0,00;0,00
2021-05-02;12,00;45,00;24,00;9,00;69,00;34,00;0,00;66,00;28,00;2,40;24,00;52,80;21,60;6,00;36,00;10,00;0,00;19,00;10,00;6,00;14,00;5,00;17,00;6,00;0,00;9,00;0,00;13,00;4,00;8,00;0,00;0,00;2,00;0,00;0,00
2021-05-09;15,00;42,00;39,00;12,00;60,00;73,13;0,00;52,50;39,38;12,50;30,00;82,50;15,00;9,38;41,25;20,63;3,75;37,00;8,00;15,00;20,00;9,00;15,00;7,00;0,00;3,00;7,00;24,00;0,00;7,00;0,00;0,00;3,00;0,00;3,00
2021-05-16;23,00;51,75;40,25;11,50;51,75;72,83;0,00;40,25;51,75;12,78;25,56;97,11;30,67;19,17;67,08;19,17;9,58;29,00;9,00;19,00;18,00;4,00;15,00;6,00;3,00;10,00;5,00;27,00;0,00;0,00;2,00;5,00;4,00;0,00;0,00
2021-05-23;25,00;41,67;30,56;16,67;61,11;61,54;3,85;28,85;46,15;15,00;37,50;85,00;25,00;19,23;65,38;25,00;0,00;27,00;12,00;10,00;20,00;11,00;15,00;10,00;4,00;0,00;0,00;28,00;0,00;0,00;6,00;0,00;8,00;0,00;2,00
2021-05-30;11,00;49,50;24,75;19,25;44,00;66,00;0,00;46,20;55,00;19,25;41,25;110,00;49,50;16,50;58,67;31,17;14,67;36,00;11,00;10,00;12,00;12,00;23,00;0,00;5,00;0,00;0,00;28,00;0,00;2,00;0,00;7,00;6,00;0,00;16,00
2021-06-06;31,00;71,30;27,90;31,00;58,90;56,19;5,81;34,88;38,75;18,08;41,33;100,75;54,25;21,31;62,00;21,31;11,63;41,00;11,00;13,00;14,00;13,00;20,00;11,00;6,00;9,00;2,00;31,00;3,00;3,00;3,00;3,00;0,00;5,00;0,00
2021-06-13;38,00;78,92;32,15;20,46;76,00;60,00;4,00;46,00;80,00;7,60;45,60;93,73;45,60;36,10;64,60;20,90;11,40;29,00;10,00;11,00;16,00;13,00;26,00;11,00;11,00;7,00;5,00;35,00;0,00;7,00;0,00;0,00;5,00;5,00;3,00
2021-06-20;38,00;84,77;29,23;17,54;90,62;55,10;1,90;39,90;57,00;17,73;40,53;83,60;50,67;43,70;81,70;28,50;15,20;42,00;15,00;22,00;29,00;23,00;22,00;7,00;5,00;10,00;5,00;33,00;3,00;5,00;0,00;3,00;9,00;0,00;0,00
2021-06-27;37,00;82,54;31,31;22,77;82,54;50,63;0,00;33,11;44,79;14,80;39,47;101,13;44,40;46,25;74,00;18,50;18,50;36,00;9,00;23,00;23,00;22,00;27,00;9,00;6,00;8,00;0,00;32,00;0,00;11,00;4,00;7,00;7,00;0,00;0,00
2021-07-04;55,00;107,11;31,84;28,95;98,42;62,86;0,00;51,07;51,07;25,00;55,00;120,00;45,00;18,97;89,14;36,03;17,07;44,00;10,00;19,00;23,00;27,00;32,00;10,00;7,00;14,00;6,00;42,00;7,00;9,00;3,00;0,00;13,00;4,00;6,00
2021-07-11;52,00;83,78;37,56;28,89;83,78;67,41;3,85;34,67;44,30;31,20;46,80;156,00;49,40;27,86;124,43;46,43;20,43;47,00;0,00;17,00;25,00;30,00;45,00;17,00;14,00;15,00;9,00;33,00;0,00;15,00;5,00;6,00;0,00;2,00;4,00
2021-07-18;66,00;126,00;36,00;30,00;114,00;67,94;0,00;44,65;46,59;20,31;66,00;134,54;55,85;30,17;111,26;35,83;16,97;61,00;18,00;15,00;28,00;14,00;37,00;14,00;12,00;12,00;6,00;47,00;4,00;9,00;0,00;9,00;9,00;0,00;5,00
2021-07-25;61,00;84,24;37,76;40,67;95,86;64,94;0,00;33,45;49,19;25,42;61,00;122,00;48,29;35,12;134,94;46,21;22,18;41,00;28,00;26,00;35,00;32,00;32,00;17,00;14,00;13,00;5,00;55,00;0,00;17,00;7,00;12,00;9,00;0,00;0,00
2021-08-01;52,00;106,89;37,56;34,67;80,89;73,19;0,00;34,67;50,07;28,60;65,00;132,60;49,40;42,37;129,04;34,67;21,19;80,00;12,00;25,00;24,00;26,00;43,00;10,00;14,00;14,00;0,00;48,00;5,00;8,00;0,00;0,00;9,00;5,00;0,00
2021-08-08;42,00;141,00;33,00;27,00;81,00;52,00;4,00;52,00;48,00;31,50;68,25;115,50;57,75;32,45;105,00;36,27;19,09;49,00;16,00;15,00;35,00;17,00;27,00;10,00;10,00;9,00;0,00;30,00;4,00;10,00;3,00;4,00;11,00;9,00;0,00
2021-08-15;38,00;96,46;43,85;29,23;76,00;58,00;6,00;52,00;42,00;22,80;63,33;93,73;50,67;32,30;81,70;38,00;22,80;23,00;22,00;10,00;35,00;18,00;24,00;8,00;16,00;13,00;6,00;47,00;0,00;18,00;6,00;3,00;6,00;0,00;2,00
2021-08-22;39,00;87,00;54,00;24,00;60,00;44,85;19,50;40,95;40,95;36,40;65,00;137,80;57,20;31,57;89,14;33,43;22,29;38,00;15,00;22,00;27,00;14,00;33,00;10,00;15,00;8,00;7,00;37,00;12,00;8,00;4,00;7,00;6,00;0,00;0,00
2021-08-29;37,00;105,31;51,23;34,15;71,15;46,74;3,89;35,05;46,74;17,27;59,20;120,87;49,33;20,35;88,80;31,45;16,65;40,00;15,00;33,00;32,00;7,00;45,00;17,00;8,00;16,00;2,00;40,00;6,00;3,00;4,00;4,00;6,00;3,00;6,00
2021-09-05;30,00;123,00;51,00;33,00;75,00;63,75;3,75;39,38;50,63;25,00;52,50;125,00;65,00;33,75;73,13;33,75;20,63;39,00;26,00;36,00;27,00;20,00;27,00;7,00;11,00;13,00;5,00;38,00;0,00;0,00;3,00;4,00;8,00;5,00;3,00
2021-09-12;35,00;125,42;55,42;32,08;75,83;60,28;5,83;64,17;58,33;25,00;62,50;120,00;60,00;31,32;93,95;33,16;14,74;46,00;14,00;25,00;32,00;11,00;39,00;13,00;16,00;11,00;0,00;32,00;0,00;6,00;3,00;3,00;10,00;6,00;0,00
2021-09-19;22,00;176,00;66,00;34,57;103,71;70,00;0,00;64,00;56,00;26,89;56,22;129,56;48,89;27,50;84,33;31,17;23,83;49,00;12,00;25,00;31,00;14,00;33,00;15,00;19,00;15,00;4,00;41,00;0,00;7,00;11,00;0,00;4,00;4,00;0,00
2021-09-26;22,00;160,29;75,43;40,86;100,57;78,00;4,00;64,00;56,00;26,89;53,78;136,89;78,22;23,83;99,00;45,83;18,33;38,00;21,00;26,00;28,00;5,00;49,00;19,00;15,00;20,00;0,00;30,00;0,00;5,00;3,00;2,00;3,00;0,00;0,00
2021-10-03;28,00;177,33;71,56;52,89;96,44;94,00;4,00;64,00;82,00;43,27;84,00;175,64;81,45;35,47;113,87;37,33;31,73;52,00;22,00;22,00;34,00;12,00;38,00;17,00;21,00;7,00;0,00;39,00;0,00;6,00;7,00;0,00;10,00;7,00;0,00
2021-10-10;18,00;204,00;84,00;54,00;96,00;100,00;2,00;66,00;72,00;33,43;74,57;174,86;84,86;32,40;102,60;34,20;39,60;38,00;20,00;29,00;15,00;24,00;37,00;10,00;12,00;10,00;8,00;43,00;4,00;9,00;7,00;0,00;9,00;4,00;0,00
2021-10-17;22,00;203,50;57,75;49,50;74,25;64,17;3,67;71,50;47,67;19,56;68,44;154,00;75,78;33,00;88,00;42,17;33,00;38,00;28,00;39,00;27,00;10,00;36,00;12,00;10,00;9,00;7,00;50,00;0,00;0,00;0,00;3,00;10,00;5,00;0,00
2021-10-24;13,00;182,00;74,75;68,25;94,25;73,67;0,00;60,67;60,67;18,20;65,00;166,40;70,20;40,86;65,00;52,00;33,43;34,00;24,00;26,00;36,00;28,00;47,00;18,00;11,00;7,00;11,00;40,00;2,00;0,00;3,00;0,00;4,00;4,00;0,00
2021-10-31;15,00;156,00;69,00;36,00;72,00;67,50;0,00;63,75;41,25;45,00;60,00;125,00;75,00;33,75;56,25;35,63;45,00;23,00;18,00;25,00;37,00;0,00;38,00;11,00;15,00;5,00;13,00;34,00;0,00;0,00;0,00;0,00;0,00;2,00;0,00
2021-11-07;9,00;177,00;63,00;48,00;45,00;58,50;0,00;58,50;58,50;36,00;72,00;174,00;75,00;36,00;50,40;37,80;36,00;21,00;14,00;30,00;34,00;8,00;40,00;11,00;0,00;7,00;3,00;21,00;0,00;4,00;4,00;0,00;4,00;0,00;7,00
2021-11-14;12,00;156,00;81,00;33,00;51,00;54,00;0,00;66,00;44,00;28,80;43,20;112,80;57,60;14,00;46,00;28,00;36,00;29,00;10,00;18,00;28,00;12,00;25,00;12,00;7,00;4,00;0,00;35,00;2,00;3,00;0,00;0,00;4,00;3,00;4,00
2021-11-21;18,00;120,00;63,00;27,00;54,00;40,00;0,00;46,00;28,00;30,86;46,29;113,14;56,57;23,40;32,40;12,60;30,60;20,00;16,00;21,00;28,00;5,00;23,00;9,00;16,00;8,00;2,00;25,00;0,00;0,00;4,00;4,00;4,00;0,00;0,00
2021-11-28;13,00;130,00;55,25;29,25;45,50;31,57;3,71;46,43;24,14;18,20;31,20;91,00;49,40;11,14;35,29;14,86;37,14;21,00;12,00;20,00;19,00;11,00;11,00;7,00;8,00;2,00;4,00;35,00;0,00;0,00;0,00;0,00;0,00;0,00;0,00
2021-12-05;8,00;88,00;29,33;13,33;42,67;42,00;0,00;38,00;30,00;18,67;34,67;104,00;50,67;18,00;28,00;20,00;28,00;12,00;16,00;23,00;19,00;4,00;7,00;10,00;4,00;4,00;0,00;17,00;0,00;2,00;0,00;0,00;0,00;4,00;0,00
2021-12-12;4,00;72,00;26,00;18,00;30,00;42,00;0,00;46,00;30,00;16,00;24,00;82,00;30,00;20,00;18,00;18,00;26,00;29,00;8,00;19,00;23,00;11,00;24,00;11,00;9,00;6,00;0,00;22,00;0,00;0,00;0,00;0,00;0,00;5,00;0,00
2021-12-19;15,00;132,00;39,00;15,00;54,00;45,00;0,00;46,88;39,38;12,50;32,50;77,50;52,50;22,50;22,50;18,75;18,75;18,00;15,00;22,00;36,00;9,00;22,00;6,00;6,00;3,00;6,00;19,00;6,00;0,00;6,00;3,00;6,00;0,00;0,00
2021-12-26;22,00;141,43;40,86;31,43;62,86;34,00;0,00;40,00;36,00;24,75;41,25;99,00;68,75;40,00;32,00;10,00;16,00;27,00;15,00;14,00;31,00;11,00;18,00;15,00;13,00;3,00;8,00;33,00;0,00;4,00;11,00;0,00;0,00;0,00;0,00
2022-01-02;9,00;126,00;48,00;24,00;63,00;41,40;9,00;41,40;36,00;13,50;42,75;69,75;58,50;27,00;37,80;14,40;21,60;20,00;16,00;20,00;23,00;5,00;23,00;11,00;8,00;0,00;3,00;22,00;9,00;0,00;6,00;6,00;3,00;0,00;0,00
2022-01-09;4,00;160,00;68,00;24,00;84,00;44,00;0,00;42,00;28,00;28,00;48,00;116,00;72,00;24,00;40,00;26,00;6,00;21,00;12,00;14,00;24,00;7,00;15,00;9,00;5,00;6,00;0,00;25,00;0,00;4,00;4,00;0,00;6,00;0,00;0,00
2022-01-16;21,00;120,00;72,00;24,00;69,00;40,09;0,00;53,45;42,00;21,00;57,75;78,75;44,63;26,73;51,55;19,09;15,27;19,00;18,00;16,00;19,00;10,00;15,00;22,00;14,00;3,00;3,00;38,00;3,00;3,00;5,00;0,00;3,00;5,00;0,00
2022-01-23;18,00;153,00;93,00;39,00;72,00;50,00;0,00;58,00;48,00;25,71;43,71;115,71;69,43;24,00;42,00;34,00;14,00;24,00;22,00;30,00;26,00;12,00;28,00;16,00;6,00;14,00;5,00;39,00;2,00;4,00;6,00;0,00;3,00;11,00;0,00
2022-01-30;20,00;157,14;82,86;31,43;82,86;48,00;6,00;60,00;62,00;20,00;50,00;107,50;77,50;29,09;58,18;27,27;14,55;34,00;28,00;20,00;22,00;13,00;25,00;16,00;4,00;14,00;0,00;46,00;0,00;0,00;4,00;6,00;6,00;0,00;0,00
2022-02-06;26,00;179,11;92,44;46,22;98,22;76,00;6,00;96,00;70,00;28,60;59,80;132,60;85,80;27,86;52,00;26,00;14,86;37,00;25,00;25,00;20,00;8,00;34,00;17,00;8,00;11,00;3,00;37,00;0,00;5,00;0,00;0,00;8,00;9,00;0,00
2022-02-13;29,00;168,20;107,30;49,30;127,60;79,27;1,93;71,53;67,67;34,27;58,00;155,55;84,36;38,67;67,67;40,60;23,20;38,00;28,00;29,00;32,00;14,00;43,00;16,00;17,00;7,00;0,00;64,00;7,00;2,00;2,00;3,00;13,00;3,00;5,00
2022-02-20;35,00;166,25;107,92;64,17;128,33;81,67;1,94;77,78;66,11;35,00;55,00;137,50;82,50;42,37;73,68;36,84;16,58;26,00;34,00;33,00;27,00;14,00;31,00;18,00;12,00;11,00;3,00;54,00;5,00;6,00;6,00;0,00;8,00;8,00;0,00
2022-02-27;25,00;147,22;83,33;55,56;100,00;73,08;1,92;67,31;63,46;42,50;47,50;130,00;77,50;32,69;69,23;28,85;23,08;33,00;21,00;24,00;37,00;7,00;23,00;19,00;11,00;6,00;3,00;46,00;4,00;13,00;0,00;6,00;8,00;0,00;7,00
2022-03-06;28,00;170,80;95,20;56,00;120,40;69,07;1,87;74,67;69,07;35,64;58,55;147,64;81,45;29,87;61,60;41,07;26,13;28,00;28,00;37,00;31,00;19,00;35,00;13,00;7,00;9,00;0,00;48,00;2,00;0,00;4,00;3,00;3,00;5,00;0,00
2022-03-13;30,00;201,00;120,00;69,00;135,00;78,00;4,00;78,00;66,00;40,00;75,00;147,50;82,50;31,88;67,50;33,75;18,75;35,00;44,00;37,00;37,00;18,00;36,00;18,00;20,00;20,00;0,00;49,00;5,00;8,00;3,00;0,00;8,00;0,00;0,00
2022-03-20;31,00;188,82;124,00;67,64;115,55;89,13;0,00;73,63;71,69;36,17;74,92;183,42;74,92;38,75;77,50;34,88;29,06;34,00;39,00;42,00;30,00;18,00;38,00;19,00;11,00;18,00;0,00;50,00;4,00;8,00;3,00;8,00;12,00;4,00;11,00
2022-03-27;28,00;239,56;130,67;80,89;146,22;82,00;6,00;76,00;76,00;35,64;71,27;170,55;86,55;28,00;97,07;46,67;35,47;45,00;38,00;33,00;37,00;16,00;39,00;23,00;19,00;13,00;5,00;41,00;2,00;8,00;10,00;0,00;6,00;3,00;5,00
2022-04-03;46,00;241,50;126,50;86,25;138,00;105,42;9,58;67,08;84,33;38,33;84,33;209,56;76,67;42,32;86,48;34,96;27,60;47,00;32,00;41,00;42,00;21,00;53,00;25,00;16,00;11,00;2,00;56,00;4,00;7,00;9,00;6,00;2,00;4,00;0,00
2022-04-10;70,00;291,67;134,17;81,67;195,42;112,78;0,00;73,89;91,39;52,50;82,50;240,00;100,00;43,51;121,08;56,76;62,43;65,00;40,00;58,00;31,00;25,00;75,00;16,00;22,00;17,00;4,00;62,00;0,00;16,00;0,00;10,00;11,00;15,00;6,00
2022-04-17;55,00;260,53;144,74;81,05;205,53;123,75;5,89;84,46;94,29;47,14;91,67;227,86;83,81;43,62;130,86;58,79;43,62;66,00;42,00;43,00;36,00;26,00;54,00;24,00;19,00;10,00;6,00;65,00;6,00;10,00;8,00;10,00;10,00;6,00;6,00
2022-04-24;36,00;177,00;120,00;99,00;138,00;90,00;4,00;76,00;84,00;43,71;72,00;172,29;79,71;41,68;100,42;54,95;36,00;45,00;34,00;38,00;44,00;25,00;46,00;19,00;16,00;15,00;2,00;59,00;4,00;11,00;6,00;4,00;8,00;9,00;2,00
2022-05-01;35,00;201,25;107,92;72,92;137,08;87,50;0,00;188,61;81,67;35,00;70,00;170,00;67,50;44,72;83,61;44,72;31,11;67,00;31,00;43,00;40,00;19,00;40,00;26,00;15,00;15,00;3,00;64,00;6,00;2,00;6,00;6,00;10,00;5,00;0,00
2022-05-08;37,00;172,67;123,33;64,75;141,83;112,95;13,63;107,11;75,95;44,93;71,36;179,71;95,14;35,15;74,00;49,95;35,15;47,00;22,00;38,00;54,00;19,00;50,00;18,00;11,00;13,00;2,00;53,00;4,00;5,00;8,00;8,00;16,00;4,00;7,00
2022-05-15;39,00;174,00;99,00;48,00;123,00;83,85;0,00;74,10;70,20;36,40;80,60;163,80;67,60;27,86;79,86;48,29;31,57;51,00;31,00;43,00;42,00;29,00;43,00;19,00;15,00;8,00;0,00;51,00;0,00;5,00;0,00;3,00;10,00;6,00;0,00
2022-05-22;59,00;185,85;103,25;73,75;162,25;108,17;1,97;80,63;76,70;46,17;94,91;246,26;76,96;43,77;106,58;53,29;45,68;49,00;32,00;46,00;44,00;19,00;49,00;29,00;20,00;11,00;5,00;46,00;4,00;17,00;15,00;3,00;14,00;9,00;3,00
2022-05-29;51,00;192,00;129,00;66,00;114,00;76,50;7,85;76,50;74,54;38,25;96,90;186,15;81,60;43,44;77,44;43,44;30,22;41,00;32,00;34,00;42,00;27,00;66,00;24,00;10,00;15,00;7,00;57,00;4,00;2,00;6,00;9,00;18,00;7,00;2,00
2022-06-05;48,00;138,00;117,00;48,00;144,00;72,96;0,00;57,60;69,12;32,84;68,21;164,21;75,79;29,54;81,23;46,15;29,54;46,00;33,00;38,00;42,00;24,00;44,00;21,00;25,00;9,00;11,00;64,00;3,00;6,00;7,00;7,00;10,00;3,00;4,00
2022-06-12;56,00;168,00;103,16;50,11;144,42;61,79;5,79;77,24;63,72;30,55;84,00;173,09;76,36;33,60;82,13;42,93;35,47;49,00;39,00;30,00;34,00;29,00;44,00;21,00;15,00;4,00;0,00;51,00;4,00;12,00;5,00;4,00;0,00;5,00;4,00
2022-06-19;45,00;171,00;123,00;66,00;117,00;90,00;7,83;58,70;60,65;35,00;77,50;187,50;67,50;45,00;69,38;46,88;22,50;42,00;34,00;29,00;48,00;27,00;42,00;25,00;15,00;18,00;6,00;70,00;2,00;8,00;5,00;0,00;8,00;8,00;4,00
2022-06-26;48,00;153,00;114,00;69,00;129,00;61,44;5,76;63,36;63,36;37,89;98,53;176,84;60,63;40,62;84,92;44,31;16,62;45,00;37,00;25,00;57,00;20,00;35,00;20,00;19,00;13,00;6,00;64,00;11,00;8,00;4,00;9,00;10,00;6,00;4,00
2022-07-03;41,00;169,86;117,14;76,14;137,64;66,38;3,90;58,57;95,67;35,88;99,94;181,94;69,19;31,68;91,32;41,00;27,95;46,00;36,00;28,00;54,00;20,00;55,00;26,00;9,00;13,00;0,00;48,00;0,00;8,00;5,00;3,00;4,00;0,00;0,00
2022-07-10;63,00;171,00;120,00;48,00;165,00;88,59;0,00;72,84;84,66;52,92;88,20;168,84;73,08;43,91;97,36;47,73;26,73;56,00;29,00;34,00;66,00;21,00;50,00;24,00;18,00;21,00;6,00;76,00;4,00;11,00;0,00;2,00;9,00;12,00;0,00
2022-07-17;69,00;174,00;132,00;66,00;159,00;80,83;3,94;72,94;88,71;25,56;61,33;176,33;79,22;59,68;108,16;52,22;24,24;41,00;39,00;49,00;54,00;33,00;65,00;18,00;22,00;24,00;0,00;78,00;3,00;12,00;4,00;0,00;21,00;5,00;4,00
2022-07-24;53,00;194,33;138,39;67,72;164,89;78,52;0,00;53,00;82,44;50,48;70,67;212,00;78,24;71,93;124,93;49,21;32,18;49,00;48,00;34,00;51,00;26,00;70,00;19,00;25,00;16,00;16,00;67,00;6,00;9,00;9,00;7,00;16,00;9,00;7,00
2022-07-31;61,00;171,38;133,62;72,62;145,24;78,71;1,97;59,03;90,52;45,75;88,96;175,38;55,92;47,66;97,22;59,09;36,22;39,00;42,00;41,00;49,00;27,00;53,00;29,00;22,00;13,00;0,00;75,00;3,00;14,00;8,00;4,00;13,00;3,00;5,00
2022-08-07;37,00;181,92;120,25;49,33;154,17;75,95;3,89;54,53;60,37;47,57;74,00;171,79;68,71;46,74;91,53;56,47;38,95;44,00;31,00;36,00;45,00;25,00;49,00;23,00;25,00;19,00;6,00;50,00;7,00;15,00;0,00;10,00;8,00;7,00;3,00
2022-08-14;38,00;169,54;116,92;55,54;108,15;66,00;4,00;68,00;62,00;45,60;68,40;149,47;65,87;32,30;60,80;38,00;30,40;35,00;32,00;33,00;35,00;11,00;65,00;20,00;15,00;8,00;9,00;49,00;9,00;8,00;0,00;8,00;9,00;3,00;0,00
2022-08-21;38,00;149,08;96,46;43,85;140,31;74,10;7,60;57,00;70,30;35,47;65,87;169,73;68,40;26,60;77,90;43,70;26,60;35,00;42,00;25,00;20,00;21,00;55,00;16,00;19,00;11,00;5,00;43,00;7,00;9,00;7,00;0,00;12,00;5,00;0,00
2022-08-28;30,00;168,00;102,00;54,00;144,00;74,00;14,00;66,00;76,00;42,50;72,50;147,50;72,50;43,13;75,00;48,75;33,75;49,00;32,00;35,00;36,00;17,00;51,00;19,00;10,00;12,00;0,00;38,00;4,00;7,00;5,00;4,00;9,00;5,00;0,00
2022-09-04;49,00;181,59;147,00;54,76;123,94;84,28;3,92;54,88;56,84;51,58;87,68;165,05;77,37;32,04;75,38;45,23;37,69;48,00;36,00;29,00;43,00;18,00;60,00;14,00;17,00;14,00;4,00;51,00;6,00;6,00;4,00;0,00;7,00;4,00;0,00
2022-09-11;48,00;204,00;144,00;66,00;153,00;88,32;0,00;72,96;63,36;53,05;78,32;166,74;75,79;36,48;90,24;51,84;36,48;28,00;24,00;31,00;48,00;11,00;57,00;20,00;6,00;13,00;5,00;54,00;3,00;12,00;3,00;0,00;5,00;9,00;8,00
2022-09-18;21,00;201,00;171,00;72,00;108,00;85,91;3,82;72,55;74,45;36,75;86,63;194,25;81,38;40,09;85,91;57,27;45,82;40,00;35,00;43,00;36,00;16,00;68,00;15,00;23,00;11,00;4,00;35,00;8,00;6,00;0,00;4,00;6,00;4,00;0,00
2022-09-25;33,00;216,00;156,00;60,00;117,00;91,24;9,71;73,76;81,53;43,15;78,69;192,92;101,54;48,53;89,29;60,18;44,65;32,00;30,00;37,00;41,00;27,00;83,00;9,00;11,00;11,00;4,00;37,00;4,00;5,00;3,00;3,00;7,00;10,00;0,00
2022-10-02;40,00;255,38;150,77;64,62;169,23;118,00;0,00;62,00;68,00;60,00;67,50;207,50;85,00;49,52;72,38;60,95;55,24;44,00;33,00;38,00;40,00;16,00;60,00;26,00;11,00;0,00;3,00;49,00;6,00;6,00;0,00;0,00;9,00;9,00;0,00
2022-10-09;28,00;246,40;140,00;58,80;140,00;104,00;12,00;100,00;74,00;40,73;78,91;193,45;84,00;50,40;87,73;44,80;50,40;52,00;44,00;35,00;41,00;16,00;63,00;17,00;11,00;7,00;3,00;52,00;0,00;7,00;3,00;3,00;7,00;7,00;0,00
2022-10-16;25,00;213,89;122,22;61,11;108,33;90,38;0,00;63,46;84,62;40,00;90,00;185,00;82,50;46,43;78,57;50,00;37,50;44,00;43,00;38,00;40,00;25,00;34,00;19,00;16,00;8,00;6,00;45,00;8,00;8,00;0,00;0,00;8,00;7,00;2,00
2022-10-23;20,00;180,00;114,29;62,86;100,00;66,00;6,00;54,00;68,00;35,00;62,50;177,50;62,50;38,18;58,18;47,27;41,82;22,00;28,00;39,00;33,00;8,00;57,00;15,00;17,00;4,00;4,00;51,00;5,00;6,00;2,00;0,00;0,00;17,00;0,00
2022-10-30;25,00;181,25;137,50;53,13;84,38;65,38;1,92;69,23;63,46;45,00;52,50;177,50;67,50;38,46;61,54;44,23;44,23;28,00;26,00;27,00;33,00;16,00;53,00;4,00;16,00;3,00;0,00;40,00;5,00;8,00;0,00;0,00;0,00;2,00;4,00
2022-11-06;24,00;168,00;105,00;48,00;81,00;66,00;0,00;52,00;72,00;32,00;61,33;173,33;82,67;33,23;44,31;25,85;35,08;31,00;25,00;21,00;36,00;3,00;44,00;13,00;16,00;0,00;0,00;40,00;5,00;3,00;0,00;0,00;4,00;2,00;0,00
2022-11-13;9,00;186,00;117,00;57,00;66,00;67,50;0,00;72,00;58,50;57,00;84,00;195,00;180,00;45,00;43,20;48,60;46,80;24,00;19,00;31,00;33,00;3,00;38,00;13,00;16,00;11,00;5,00;38,00;0,00;0,00;2,00;0,00;4,00;10,00;0,00
2022-11-20;11,00;132,00;88,00;41,25;63,25;44,00;0,00;34,83;40,33;41,25;71,50;148,50;44,00;33,00;38,50;42,17;51,33;22,00;21,00;27,00;38,00;7,00;30,00;11,00;11,00;8,00;0,00;32,00;0,00;7,00;5,00;0,00;4,00;0,00;0,00
2022-11-27;10,00;170,00;100,00;46,67;66,67;54,00;2,00;56,00;46,00;42,50;40,00;127,50;50,00;36,00;40,00;36,00;56,00;22,00;26,00;27,00;32,00;7,00;42,00;18,00;6,00;7,00;0,00;29,00;4,00;2,00;3,00;6,00;0,00;2,00;0,00
2022-12-04;10,00;183,33;130,00;50,00;76,67;56,00;4,00;48,00;54,00;40,00;52,50;130,00;47,50;34,00;38,00;36,00;56,00;20,00;27,00;28,00;29,00;7,00;32,00;12,00;14,00;10,00;8,00;26,00;0,00;5,00;2,00;0,00;6,00;3,00;2,00
2022-12-11;5,00;145,00;110,00;35,00;60,00;50,00;0,00;55,00;43,33;37,50;82,50;142,50;57,50;35,00;30,00;36,67;45,00;36,00;24,00;25,00;41,00;15,00;42,00;12,00;27,00;11,00;0,00;31,00;0,00;5,00;0,00;0,00;8,00;4,00;0,00
2022-12-18;6,00;171,00;111,00;39,00;81,00;52,00;0,00;38,00;50,00;42,00;66,00;189,00;72,00;22,00;46,00;40,00;32,00;21,00;22,00;28,00;55,00;8,00;29,00;13,00;2,00;5,00;0,00;31,00;0,00;5,00;4,00;6,00;3,00;4,00;0,00
2022-12-25;34,00;259,64;170,00;64,91;136,00;98,00;2,00;78,00;80,00;73,23;70,62;222,31;70,62;54,78;47,22;56,67;35,89;35,00;34,00;42,00;47,00;13,00;42,00;21,00;17,00;0,00;6,00;49,00;4,00;4,00;6,00;9,00;6,00;0,00;0,00
2023-01-01;23,00;201,25;143,75;66,13;94,88;88,17;3,83;67,08;67,08;48,56;71,56;196,78;66,44;49,83;65,17;49,83;32,58;35,00;33,00;31,00;45,00;8,00;47,00;19,00;12,00;11,00;0,00;60,00;7,00;11,00;3,00;5,00;14,00;9,00;5,00
2023-01-08;14,00;165,20;112,00;56,00;103,60;82,00;0,00;68,00;72,00;30,33;56,00;149,33;65,33;35,00;42,00;43,75;8,75;35,00;25,00;36,00;35,00;8,00;35,00;18,00;14,00;2,00;6,00;44,00;4,00;5,00;8,00;5,00;4,00;4,00;0,00
2023-01-15;14,00;159,60;106,40;56,00;92,40;74,00;0,00;74,00;60,00;36,40;78,40;154,00;78,40;30,00;46,00;38,00;22,00;42,00;31,00;25,00;35,00;10,00;42,00;11,00;19,00;7,00;0,00;52,00;0,00;2,00;3,00;0,00;9,00;3,00;0,00
2023-01-22;20,00;180,00;125,71;62,86;105,71;72,73;0,00;61,82;70,91;37,50;57,50;167,50;67,50;21,82;47,27;49,09;20,00;44,00;19,00;25,00;37,00;17,00;30,00;18,00;10,00;0,00;0,00;47,00;5,00;9,00;6,00;5,00;3,00;0,00;3,00
2023-01-29;25,00;175,00;128,13;62,50;106,25;71,15;9,62;71,15;78,85;35,00;72,50;165,00;75,00;25,00;51,92;48,08;19,23;43,00;36,00;30,00;42,00;13,00;53,00;16,00;12,00;5,00;0,00;40,00;6,00;3,00;0,00;0,00;3,00;2,00;3,00
2023-02-05;29,00;197,20;113,10;55,10;104,40;79,27;1,93;58,00;69,60;39,55;68,55;168,73;92,27;34,44;61,63;43,50;21,75;42,00;29,00;15,00;31,00;16,00;47,00;13,00;26,00;9,00;0,00;45,00;0,00;0,00;3,00;5,00;7,00;6,00;0,00
2023-02-12;28,00;168,00;120,40;50,40;109,20;82,00;8,00;74,00;80,00;48,36;68,73;183,27;66,18;41,07;78,40;18,67;28,00;38,00;30,00;30,00;56,00;11,00;38,00;31,00;11,00;8,00;0,00;49,00;0,00;11,00;0,00;0,00;0,00;6,00;0,00
2023-02-19;32,00;197,82;128,00;55,27;119,27;92,00;6,00;78,00;86,00;42,67;80,00;192,00;50,67;35,76;88,47;43,29;35,76;45,00;35,00;37,00;42,00;17,00;51,00;16,00;20,00;15,00;9,00;56,00;6,00;0,00;5,00;5,00;0,00;0,00;0,00
2023-02-26;23,00;192,63;112,13;57,50;120,75;113,08;0,00;78,58;78,58;38,33;74,11;196,78;63,89;51,75;76,67;47,92;24,92;42,00;31,00;28,00;43,00;25,00;34,00;20,00;18,00;0,00;4,00;52,00;4,00;5,00;5,00;0,00;0,00;2,00;2,00
2023-03-05;28,00;187,60;120,40;56,00;106,40;94,00;2,00;70,00;92,00;40,73;71,27;185,82;58,55;44,80;63,47;56,00;16,80;44,00;29,00;30,00;45,00;14,00;44,00;12,00;11,00;10,00;0,00;60,00;7,00;3,00;3,00;0,00;12,00;0,00;4,00
2023-03-12;30,00;192,00;129,00;63,00;132,00;76,00;2,00;74,00;86,00;52,50;55,00;175,00;52,50;41,25;75,00;54,38;31,88;34,00;34,00;23,00;39,00;20,00;35,00;10,00;15,00;7,00;8,00;49,00;3,00;3,00;2,00;0,00;11,00;4,00;5,00
2023-03-19;37,00;167,92;105,31;56,92;119,54;107,11;5,84;72,05;81,79;56,73;76,47;185,00;49,33;40,70;79,55;48,10;31,45;41,00;35,00;26,00;35,00;19,00;45,00;18,00;11,00;16,00;3,00;54,00;6,00;6,00;0,00;5,00;10,00;6,00;2,00
2023-03-26;44,00;176,00;120,27;61,60;143,73;95,65;0,00;78,43;88,00;49,18;85,41;191,53;59,53;38,50;73,33;53,17;33,00;54,00;33,00;31,00;48,00;24,00;50,00;14,00;12,00;5,00;7,00;57,00;8,00;11,00;2,00;0,00;14,00;6,00;0,00
2023-04-02;63,00;216,00;138,00;84,00;162,00;124,03;0,00;86,63;92,53;63,00;68,04;252,00;65,52;59,18;95,45;57,27;57,27;44,00;38,00;44,00;40,00;30,00;55,00;19,00;16,00;11,00;8,00;74,00;3,00;8,00;3,00;9,00;8,00;9,00;0,00
2023-04-09;68,00;204,00;144,87;76,87;141,91;122,40;7,77;83,54;102,97;65,48;88,15;244,30;68,00;45,33;100,11;64,22;37,78;59,00;40,00;33,00;40,00;29,00;54,00;12,00;11,00;15,00;6,00;60,00;5,00;7,00;7,00;2,00;9,00;16,00;0,00
2023-04-16;70,00;166,25;134,17;61,25;172,08;105,00;0,00;79,72;89,44;51,85;77,78;222,96;59,63;56,76;85,14;64,32;39,73;45,00;45,00;32,00;43,00;24,00;61,00;25,00;16,00;13,00;14,00;57,00;0,00;0,00;3,00;3,00;9,00;2,00;0,00
2023-04-23;48,00;180,00;123,00;66,00;135,00;96,00;1,92;126,72;80,64;55,58;78,32;222,32;50,53;36,48;67,20;55,68;32,64;43,00;38,00;41,00;47,00;38,00;52,00;19,00;24,00;15,00;4,00;63,00;0,00;2,00;3,00;0,00;7,00;5,00;2,00
2023-04-30;48,00;156,00;135,00;54,00;138,00;86,40;0,00;192,00;74,88;53,05;65,68;197,05;58,11;51,84;74,88;51,84;28,80;44,00;37,00;30,00;35,00;21,00;50,00;24,00;19,00;6,00;3,00;54,00;4,00;6,00;4,00;5,00;12,00;9,00;6,00
2023-05-07;42,00;147,00;123,00;48,00;138,00;106,91;5,73;87,82;74,45;42,00;73,50;212,63;70,88;43,91;68,73;45,82;30,55;49,00;23,00;33,00;37,00;21,00;52,00;23,00;13,00;12,00;5,00;53,00;2,00;7,00;8,00;2,00;15,00;5,00;2,00
2023-05-14;42,00;177,00;126,00;69,00;129,00;160,00;0,00;78,00;94,00;60,38;81,38;259,88;70,88;57,27;97,36;55,36;59,18;59,00;38,00;40,00;44,00;16,00;83,00;13,00;19,00;9,00;0,00;53,00;3,00;8,00;4,00;3,00;8,00;7,00;4,00
2023-05-21;45,00;153,00;96,00;57,00;126,00;84,13;3,91;68,48;76,30;50,00;62,50;187,50;65,00;35,63;67,50;46,88;50,63;42,00;34,00;29,00;43,00;20,00;46,00;21,00;17,00;16,00;4,00;55,00;4,00;7,00;5,00;0,00;12,00;0,00;5,00
2023-05-28;38,00;157,85;81,85;49,69;111,08;134,00;6,00;66,00;76,00;35,47;63,33;167,20;63,33;34,20;68,40;43,70;22,80;29,00;26,00;27,00;37,00;18,00;41,00;19,00;14,00;16,00;5,00;58,00;7,00;9,00;0,00;6,00;21,00;5,00;0,00
2023-06-04;39,00;162,00;99,00;42,00;120,00;58,50;3,90;58,50;62,40;39,00;65,00;156,00;67,60;35,29;61,29;40,86;31,57;34,00;40,00;26,00;31,00;20,00;42,00;16,00;13,00;8,00;4,00;53,00;3,00;3,00;5,00;4,00;9,00;0,00;0,00
2023-06-11;46,00;140,88;100,63;48,88;89,13;59,42;5,75;72,83;55,58;40,89;63,89;181,44;53,67;34,96;60,72;44,16;20,24;45,00;27,00;24,00;25,00;18,00;43,00;19,00;15,00;18,00;9,00;67,00;4,00;3,00;5,00;7,00;0,00;0,00;0,00
