Semaine;Nice (FR);Paris (FR);London (GB);Amsterdam (NL);Barcelona (ES);Roma (IT);Lille (FR);Madrid (ES);Lisbon (PT);Prague (CZ);Milano (IT);stanbul (TR);Budapest (HU);Venezia (IT);Wien (AT);Strasbourg (FR);Athens (GR);Dublin (IE);Lyon (FR);Marseille (FR);Stockholm (SE);Copenhagen (DK);Bordeaux (FR);Genève (CH);Tours (FR);Toulouse (FR);Montpellier (FR);Nantes (FR);Avignon (FR);Monaco (MC);Dijon (FR);Aix en Provence (FR)
2020-01-05;10,00;96,00;98,00;76,00;68,00;56,00;1,00;30,00;44,00;90,00;27,50;70,00;35,00;48,75;65,00;27,50;25,00;33,00;4,00;7,00;18,00;13,00;3,00;4,00;2,00;3,00;2,00;1,00;0,50;2,00;0,00;0,50
2020-01-12;11,00;82,50;99,00;71,50;67,83;53,17;0,92;33,00;44,00;77,00;26,40;59,40;35,44;62,33;59,89;26,89;26,00;35,00;3,00;5,00;16,00;12,00;2,00;3,00;2,00;2,00;1,00;1,00;1,00;2,00;0,50;2,00
2020-01-19;11,00;75,17;89,83;73,33;73,33;49,50;1,83;31,17;40,33;72,60;24,20;63,80;31,78;46,44;59,89;19,56;26,00;31,00;3,00;7,00;19,00;13,00;4,00;5,00;1,00;1,00;2,00;1,00;2,00;3,00;0,00;0,00
2020-01-26;12,00;66,86;78,86;60,00;60,00;52,00;1,00;32,00;44,00;86,40;28,80;64,80;34,67;45,33;62,67;24,00;23,00;32,00;4,00;5,00;15,00;9,00;3,00;6,00;2,00;2,00;1,00;1,00;1,00;1,00;0,00;1,00
2020-02-02;12,00;68,57;82,29;61,71;63,43;54,00;1,00;50,00;44,00;93,60;28,80;86,40;36,00;50,67;53,33;26,67;26,00;34,00;3,00;5,00;15,00;9,00;3,00;4,00;1,00;1,00;1,00;2,00;1,00;3,00;0,50;0,00
2020-02-09;10,00;86,00;106,00;78,00;72,00;52,00;2,00;36,00;46,00;90,00;30,00;65,00;37,50;47,50;57,50;26,25;23,00;33,00;3,00;7,00;16,00;12,00;3,00;6,00;3,00;2,00;1,00;1,00;0,50;2,00;0,50;1,00
2020-02-16;12,00;80,57;85,71;63,43;63,43;52,00;2,00;36,00;44,00;93,60;28,80;72,00;36,00;56,00;69,33;32,00;23,00;34,00;4,00;6,00;15,00;12,00;3,00;6,00;2,00;2,00;3,00;1,00;0,00;2,00;0,00;1,00
2020-02-23;10,00;76,00;80,00;68,00;70,00;50,00;2,00;34,00;38,00;87,50;35,00;72,50;32,50;62,50;55,00;26,25;23,00;29,00;3,00;4,00;13,00;10,00;2,00;6,00;1,00;1,00;3,00;2,00;0,50;2,00;0,00;0,00
2020-03-01;11,00;67,83;66,00;55,00;58,67;40,33;0,92;33,00;38,50;70,40;19,80;59,40;28,11;45,22;42,78;24,44;23,00;27,00;4,00;5,00;12,00;10,00;3,00;6,00;2,00;2,00;1,00;1,00;0,50;2,00;0,00;0,00
2020-03-08;10,00;55,00;58,33;45,00;55,00;44,00;1,00;60,00;34,00;87,50;25,00;80,00;25,00;47,50;56,25;21,25;19,00;25,00;2,00;4,00;10,00;8,00;2,00;3,00;2,00;2,00;2,00;1,00;2,00;2,00;1,00;0,00
2020-03-15;5,00;33,33;40,00;23,33;25,00;20,00;0,83;30,00;15,00;20,00;12,50;32,50;12,50;125,00;16,25;8,75;10,00;16,00;1,00;3,00;5,00;4,00;1,00;2,00;2,00;2,00;1,00;1,00;0,00;1,00;0,00;0,00
2020-03-22;3,00;24,00;27,00;13,50;13,50;18,00;0,75;19,50;7,50;21,00;15,00;24,00;12,00;85,50;13,50;21,00;7,00;10,00;1,00;2,00;5,00;1,00;1,00;1,00;1,00;1,00;1,00;0,00;0,00;1,00;0,00;0,00
2020-03-29;3,00;21,00;22,50;10,50;12,00;30,00;0,00;27,00;36,00;18,00;9,00;24,00;10,50;37,50;15,00;9,00;8,00;10,00;0,50;2,00;3,00;2,00;2,00;1,00;1,00;1,00;0,00;1,00;1,00;1,00;0,00;0,00
2020-04-05;3,00;21,00;19,50;9,00;16,50;18,00;0,00;9,00;12,00;24,00;12,00;33,00;9,00;40,50;18,00;6,00;8,00;9,00;2,00;2,00;5,00;2,00;0,50;2,00;1,00;1,00;1,00;0,00;1,00;2,00;0,50;0,00
2020-04-12;3,00;18,00;18,00;10,50;13,50;16,50;0,00;7,50;7,50;24,00;9,00;27,00;6,00;19,00;11,00;6,00;8,00;6,00;2,00;2,00;5,00;2,00;0,00;2,00;1,00;0,50;1,00;0,00;0,00;1,00;0,00;0,00
2020-04-19;4,00;24,00;24,00;12,00;14,00;18,00;0,00;10,00;10,00;12,00;6,00;16,00;8,00;29,33;13,33;6,67;9,00;8,00;2,00;2,00;4,00;3,00;1,00;2,00;1,00;1,00;0,00;1,00;0,50;1,00;0,50;1,00
2020-04-26;4,00;22,00;24,00;14,00;14,00;18,00;1,00;10,00;8,00;12,00;4,00;14,00;8,00;26,67;14,67;4,00;8,00;7,00;1,00;2,00;4,00;3,00;1,00;2,00;1,00;1,00;1,00;1,00;1,00;0,50;1,00;0,50
2020-05-03;4,00;22,00;28,00;14,00;16,00;16,00;1,00;10,00;8,00;14,00;6,00;16,00;6,67;24,00;16,00;6,67;9,00;8,00;0,50;1,00;4,00;3,00;1,00;2,00;0,00;1,00;1,00;0,00;0,00;1,00;1,00;0,50
2020-05-10;4,00;24,00;24,00;18,00;16,00;18,00;0,00;12,00;12,00;14,00;6,00;16,00;10,67;29,33;17,33;8,00;10,00;9,00;1,00;1,00;4,00;3,00;1,00;2,00;1,00;1,00;0,00;0,00;0,00;2,00;0,00;0,00
2020-05-17;5,00;20,00;21,67;20,00;16,67;13,33;0,00;10,00;10,00;20,00;7,50;25,00;8,75;27,50;18,75;8,75;13,00;9,00;1,00;2,00;6,00;2,00;3,00;3,00;1,00;0,00;1,00;1,00;0,00;2,00;1,00;0,00
2020-05-24;6,00;19,50;18,00;22,50;19,50;20,00;0,00;10,00;14,00;16,00;8,00;20,00;9,60;25,20;21,60;7,20;13,00;9,00;1,00;2,00;8,00;4,00;1,00;1,00;1,00;0,50;1,00;1,00;0,00;1,00;0,00;0,00
2020-05-31;8,00;30,00;30,00;40,00;20,00;24,00;0,00;10,00;16,00;34,67;13,33;32,00;12,00;40,00;34,67;12,00;13,00;8,00;1,00;3,00;6,00;7,00;2,00;2,00;1,00;1,00;1,00;1,00;0,00;2,00;0,00;0,00
2020-06-07;10,00;26,67;23,33;45,00;21,67;24,00;1,00;14,00;18,00;47,50;15,00;40,00;17,50;43,75;35,00;13,75;15,00;9,00;1,00;4,00;7,00;4,00;3,00;3,00;1,00;1,00;1,00;1,00;1,00;2,00;0,00;0,50
2020-06-14;9,00;36,00;21,60;52,20;25,20;21,60;0,00;10,80;16,20;45,00;11,25;29,25;18,00;43,71;37,29;16,71;14,00;9,00;4,00;4,00;5,00;6,00;2,00;3,00;1,00;1,00;1,00;1,00;0,00;2,00;1,00;1,00
2020-06-21;12,00;30,86;20,57;49,71;30,86;22,00;1,00;16,00;30,00;50,40;14,40;33,60;14,67;50,67;40,00;21,33;15,00;9,00;2,00;5,00;5,00;6,00;2,00;4,00;1,00;1,00;2,00;1,00;1,00;2,00;1,00;1,00
2020-06-28;13,00;42,71;27,86;79,86;39,00;22,29;1,86;13,00;26,00;56,33;13,00;32,50;19,50;52,00;41,60;23,40;17,00;9,00;3,00;6,00;6,00;7,00;5,00;4,00;1,00;1,00;2,00;2,00;1,00;3,00;0,00;1,00
2020-07-05;17,00;45,90;27,20;85,00;40,80;24,56;0,94;17,00;22,67;68,00;17,00;38,25;20,64;60,71;44,93;26,71;18,00;11,00;4,00;6,00;8,00;8,00;5,00;6,00;1,00;2,00;2,00;1,00;0,50;4,00;1,00;1,00
2020-07-12;23,00;56,62;26,54;100,85;44,23;21,08;0,96;32,58;24,92;82,80;18,40;46,00;25,56;70,28;48,56;30,67;22,00;10,00;4,00;8,00;7,00;9,00;4,00;5,00;0,00;1,00;2,00;6,00;1,00;4,00;1,00;1,00
2020-07-19;22,00;55,00;27,50;108,17;45,83;24,00;2,00;14,00;24,00;85,80;17,60;41,80;27,18;75,06;45,29;32,35;21,00;9,00;3,00;7,00;5,00;9,00;4,00;5,00;1,00;2,00;3,00;4,00;1,00;5,00;1,00;1,00
2020-07-26;18,00;46,80;25,20;100,80;45,00;24,00;1,00;14,00;22,00;90,00;13,50;33,75;23,14;70,71;41,14;29,57;19,00;9,00;2,00;6,00;5,00;7,00;5,00;5,00;1,00;1,00;2,00;1,00;0,00;4,00;1,00;1,00
2020-08-02;19,00;48,36;27,64;86,36;31,09;26,60;0,95;13,30;26,60;78,38;14,25;38,00;26,60;74,73;41,80;34,20;20,00;8,00;4,00;7,00;6,00;6,00;3,00;5,00;1,00;1,00;3,00;1,00;1,00;4,00;1,00;1,00
2020-08-09;16,00;48,00;26,67;65,78;40,89;28,00;1,00;20,00;30,00;82,29;16,00;32,00;23,38;78,77;40,62;28,31;22,00;9,00;2,00;7,00;7,00;6,00;4,00;6,00;1,00;0,00;1,00;0,00;1,00;3,00;1,00;0,50
2020-08-16;15,00;46,88;33,75;63,75;26,25;24,38;1,88;13,13;28,13;75,00;12,86;32,14;20,00;81,25;40,00;28,75;17,00;11,00;3,00;4,00;7,00;9,00;4,00;4,00;1,00;1,00;2,00;0,50;0,00;2,00;0,50;1,00
2020-08-23;17,00;44,20;27,20;51,00;22,10;24,56;0,94;9,44;34,00;70,13;14,88;27,63;24,29;72,86;37,64;27,93;17,00;10,00;3,00;4,00;7,00;7,00;3,00;7,00;1,00;1,00;2,00;1,00;1,00;3,00;0,00;1,00
2020-08-30;12,00;29,14;29,14;48,00;18,86;28,00;2,00;12,00;24,00;76,80;14,40;28,80;16,00;84,00;41,33;28,00;19,00;11,00;1,00;2,00;6,00;6,00;2,00;3,00;0,50;2,00;1,00;0,00;1,00;2,00;0,00;0,00
2020-09-06;5,00;25,00;31,67;53,33;16,67;30,00;1,25;17,50;32,50;97,50;17,50;30,00;13,75;85,00;38,75;25,00;22,00;9,00;2,00;3,00;7,00;7,00;2,00;5,00;1,00;1,00;1,00;1,00;0,00;1,00;0,00;0,50
2020-09-13;4,00;34,00;42,00;54,00;20,00;28,00;1,00;10,00;28,00;40,00;14,00;24,00;16,00;77,33;37,33;20,00;23,00;13,00;2,00;9,00;6,00;9,00;1,00;4,00;1,00;1,00;0,00;1,00;1,00;2,00;1,00;0,00
2020-09-20;4,00;34,00;36,00;28,00;20,00;32,00;1,00;20,00;34,00;28,00;10,00;24,00;28,00;66,67;25,33;21,33;21,00;10,00;1,00;2,00;9,00;6,00;1,00;3,00;1,00;1,00;1,00;0,00;0,00;1,00;1,00;0,00
2020-09-27;6,00;30,00;36,00;22,00;20,00;26,00;1,00;18,00;16,00;22,00;14,00;26,00;8,40;56,40;18,00;18,00;20,00;11,00;2,00;1,00;6,00;3,00;1,00;3,00;1,00;1,00;1,00;1,00;0,00;2,00;0,00;0,00
2020-10-04;8,00;19,20;25,60;17,60;12,80;26,00;2,00;14,00;14,00;20,00;10,00;26,00;10,67;62,67;20,00;18,67;19,00;7,00;1,00;2,00;5,00;3,00;2,00;2,00;0,00;1,00;0,00;0,00;0,00;0,00;0,50;0,00
2020-10-11;3,00;42,00;42,00;21,00;21,00;33,00;0,00;15,00;21,00;27,00;15,00;33,00;7,50;46,50;19,50;19,50;20,00;6,00;0,50;1,00;4,00;3,00;1,00;3,00;0,00;1,00;0,00;0,00;0,50;2,00;0,00;0,00
2020-10-18;3,00;16,50;19,50;7,50;10,50;13,50;0,00;10,50;7,50;27,00;12,00;30,00;6,00;24,00;11,00;7,00;16,00;8,00;1,00;0,00;5,00;2,00;1,00;0,50;0,50;1,00;0,50;0,00;0,00;1,00;0,50;0,00
2020-10-25;50,00;21,43;19,64;8,93;19,64;13,46;0,00;9,62;7,69;18,18;6,82;27,27;10,26;23,08;14,10;7,69;12,00;5,00;0,00;2,00;4,00;2,00;0,00;2,00;1,00;1,00;0,00;0,00;0,50;1,00;0,00;0,00
2020-11-01;7,00;15,75;17,50;7,00;15,75;10,50;0,88;7,00;8,75;16,33;7,00;21,00;7,00;14,00;40,60;5,60;9,00;6,00;1,00;1,00;4,00;2,00;1,00;2,00;1,00;0,50;0,00;0,50;0,00;2,00;0,00;0,00
2020-11-08;5,00;16,67;23,33;8,33;10,00;11,67;0,00;13,33;8,33;22,50;7,50;32,50;7,50;21,25;12,50;6,25;7,00;6,00;0,50;1,00;5,00;1,00;0,50;2,00;0,00;1,00;0,50;0,00;0,00;1,00;0,00;0,00
2020-11-15;2,00;22,00;28,00;10,00;18,00;16,00;0,00;16,00;24,00;12,00;8,00;22,00;7,00;13,00;24,00;5,00;8,00;6,00;1,00;3,00;3,00;2,00;0,50;1,00;0,50;1,00;0,00;0,00;1,00;1,00;0,00;0,50
2020-11-22;3,00;15,00;16,50;7,50;10,50;9,00;0,75;7,50;16,50;21,00;9,00;27,00;9,00;18,00;15,00;7,50;7,00;5,00;1,00;1,00;4,00;2,00;1,00;2,00;0,00;0,00;0,00;0,50;0,50;1,00;0,50;0,00
2020-11-29;4,00;20,00;26,00;8,00;12,00;14,00;0,00;12,00;10,00;14,00;6,00;20,00;10,67;17,33;12,00;8,00;9,00;8,00;0,50;2,00;2,00;1,00;1,00;2,00;0,50;1,00;1,00;1,00;0,50;0,50;0,00;0,50
2020-12-06;3,00;24,00;21,00;9,00;12,00;18,00;0,00;21,00;57,00;21,00;6,00;39,00;9,00;25,50;16,50;7,50;5,00;7,00;0,50;0,50;3,00;3,00;1,00;2,00;1,00;1,00;1,00;0,00;1,00;1,00;0,00;0,00
2020-12-13;3,00;15,00;18,00;7,50;12,00;18,00;1,50;15,00;15,00;21,00;9,00;30,00;7,50;18,00;15,00;7,50;5,00;7,00;1,00;2,00;4,00;1,00;1,00;2,00;1,00;1,00;0,00;0,00;0,00;1,00;0,00;0,00
2020-12-20;4,00;26,00;34,00;12,00;12,00;14,00;0,00;10,00;10,00;14,00;6,00;28,00;9,33;24,00;16,00;12,00;5,00;7,00;1,00;2,00;4,00;3,00;1,00;3,00;1,00;0,00;0,00;0,00;1,00;2,00;1,00;0,00
2020-12-27;4,00;26,00;26,00;12,00;18,00;22,00;0,00;8,00;12,00;14,00;6,00;26,00;8,00;32,00;20,00;12,00;8,00;8,00;1,00;1,00;6,00;3,00;2,00;2,00;0,50;1,00;1,00;1,00;0,00;2,00;0,00;0,00
2021-01-03;3,00;16,50;19,50;7,50;13,50;10,50;0,75;22,50;9,00;24,00;9,00;30,00;9,00;22,50;16,50;10,50;8,00;8,00;0,50;2,00;5,00;2,00;2,00;1,00;0,50;0,00;1,00;0,00;0,00;1,00;1,00;0,00
2021-01-10;6,00;22,00;34,00;10,00;16,00;18,00;1,00;42,00;14,00;14,00;6,00;22,00;8,40;18,00;12,00;7,20;14,00;9,00;0,50;1,00;5,00;2,00;1,00;2,00;0,50;1,00;1,00;1,00;1,00;1,00;1,00;0,00
2021-01-17;4,00;22,00;28,00;8,00;18,00;16,00;1,00;46,00;12,00;12,00;6,00;22,00;8,00;20,00;12,00;8,00;9,00;7,00;0,00;1,00;3,00;2,00;1,00;2,00;0,00;0,50;0,50;0,00;2,00;1,00;0,00;0,00
2021-01-24;4,00;22,00;28,00;10,00;18,00;14,00;2,00;10,00;10,00;14,00;6,00;16,00;9,33;24,00;13,33;9,33;9,00;6,00;1,00;1,00;4,00;2,00;1,00;2,00;0,00;0,50;1,00;0,50;0,00;1,00;0,50;0,00
2021-01-31;3,00;16,50;19,50;7,50;13,50;10,50;1,50;7,50;6,00;21,00;9,00;30,00;6,00;18,00;12,00;5,00;10,00;7,00;1,00;2,00;4,00;2,00;1,00;2,00;1,00;1,00;1,00;0,50;0,50;1,00;0,00;0,00
2021-02-07;5,00;20,00;21,67;8,33;15,00;13,33;0,83;8,33;6,67;17,50;7,50;30,00;10,00;22,50;13,75;8,75;8,00;6,00;0,00;1,00;4,00;2,00;1,00;1,00;0,00;1,00;0,50;0,50;0,00;1,00;1,00;0,00
2021-02-14;4,00;24,00;24,00;12,00;22,00;20,00;1,00;12,00;8,00;14,00;6,00;24,00;14,67;22,67;16,00;6,67;11,00;6,00;1,00;2,00;3,00;2,00;1,00;2,00;0,00;1,00;1,00;0,00;0,00;3,00;0,50;0,00
2021-02-21;4,00;22,00;22,00;12,00;16,00;14,00;0,00;12,00;10,00;14,00;8,00;26,00;8,00;17,33;14,67;8,00;10,00;6,00;1,00;1,00;2,00;2,00;2,00;2,00;2,00;2,00;1,00;0,00;0,00;2,00;0,50;0,00
2021-02-28;5,00;20,00;18,33;10,00;15,00;17,50;1,25;15,00;10,00;15,00;7,50;40,00;8,75;28,75;12,50;7,50;10,00;8,00;1,00;2,00;5,00;2,00;1,00;2,00;1,00;1,00;1,00;0,00;1,00;1,00;0,00;0,00
2021-03-07;5,00;20,00;16,67;10,00;18,33;17,50;1,25;17,50;17,50;15,00;7,50;40,00;8,75;20,00;15,00;15,00;8,00;8,00;1,00;1,00;3,00;2,00;1,00;1,00;1,00;0,00;1,00;1,00;1,00;1,00;0,00;0,00
2021-03-14;5,00;20,00;18,33;10,00;18,33;11,67;0,83;11,67;8,33;15,00;7,50;45,00;7,50;22,50;12,50;10,00;7,00;7,00;1,00;1,00;5,00;2,00;1,00;2,00;2,00;0,00;0,50;1,00;0,00;1,00;0,00;0,00
2021-03-21;4,00;20,00;20,00;10,00;16,00;14,00;0,00;12,00;12,00;10,00;6,00;26,00;9,33;24,00;14,67;8,00;9,00;8,00;1,00;1,00;3,00;2,00;0,00;1,00;1,00;0,00;1,00;0,50;0,00;1,00;0,00;1,00
2021-03-28;3,00;13,50;13,50;9,00;15,00;10,50;0,75;9,00;9,00;18,00;6,00;48,00;5,00;17,00;10,00;5,00;7,00;6,00;1,00;1,00;5,00;2,00;1,00;2,00;0,00;0,00;0,00;0,00;1,00;2,00;0,00;0,00
2021-04-04;7,00;21,00;17,50;10,50;19,25;14,00;0,00;21,00;16,33;18,67;7,00;35,00;8,40;22,40;14,00;5,60;8,00;6,00;1,00;1,00;4,00;2,00;1,00;2,00;0,50;1,00;1,00;1,00;1,00;2,00;0,00;0,50
2021-04-11;4,00;26,00;26,00;10,00;18,00;12,00;0,00;14,00;12,00;12,00;6,00;22,00;9,33;16,00;14,67;5,33;10,00;5,00;0,00;2,00;4,00;1,00;1,00;2,00;0,00;1,00;0,00;0,00;0,50;1,00;1,00;1,00
2021-04-18;4,00;20,00;24,00;10,00;18,00;14,00;2,00;14,00;14,00;10,00;4,00;20,00;6,67;21,33;12,00;5,33;11,00;6,00;1,00;1,00;3,00;1,00;1,00;2,00;1,00;1,00;1,00;0,50;1,00;2,00;0,00;0,00
2021-04-25;3,00;18,00;18,00;9,00;18,00;12,00;0,75;10,50;10,50;15,00;9,00;33,00;9,00;22,50;18,00;9,00;10,00;7,00;1,00;2,00;3,00;3,00;3,00;1,00;0,50;0,50;1,00;1,00;0,00;0,50;0,00;0,00
2021-05-02;5,00;21,67;21,67;16,67;23,33;16,67;0,00;18,33;13,33;17,50;10,00;27,50;8,75;25,00;16,25;7,50;12,00;8,00;0,00;1,00;3,00;2,00;2,00;2,00;1,00;1,00;3,00;0,00;0,50;1,00;0,50;1,00
2021-05-09;5,00;25,00;21,67;18,33;28,33;21,67;0,00;25,00;18,33;20,00;15,00;32,50;8,75;31,25;20,00;7,50;18,00;8,00;1,00;2,00;7,00;3,00;1,00;1,00;2,00;1,00;0,00;0,50;1,00;2,00;0,00;1,00
2021-05-16;7,00;26,25;19,25;24,50;35,00;26,25;0,00;14,00;24,50;23,33;16,33;42,00;12,83;47,83;26,83;10,50;22,00;9,00;2,00;4,00;4,00;3,00;2,00;4,00;1,00;1,00;1,00;1,00;1,00;3,00;1,00;0,00
2021-05-23;9,00;36,00;19,80;25,20;41,40;32,40;1,80;14,40;28,80;24,75;18,00;49,50;11,57;66,86;32,14;16,71;24,00;9,00;1,00;5,00;5,00;4,00;2,00;3,00;1,00;1,00;0,50;1,00;1,00;5,00;0,00;0,50
2021-05-30;10,00;30,00;21,67;26,67;41,67;34,00;1,00;16,00;32,00;28,00;16,00;44,00;12,50;63,75;37,50;17,50;20,00;9,00;1,00;3,00;5,00;5,00;2,00;4,00;1,00;1,00;3,00;0,00;1,00;2,00;0,50;0,00
2021-06-06;11,00;40,33;22,00;36,67;49,50;38,50;0,92;16,50;29,33;33,00;15,40;55,00;15,89;64,78;31,78;17,11;22,00;10,00;2,00;5,00;6,00;7,00;3,00;3,00;0,50;1,00;2,00;0,00;0,50;2,00;0,00;1,00
2021-06-13;10,00;40,00;21,67;36,67;46,67;32,00;1,00;18,00;70,00;40,00;17,50;60,00;36,25;56,25;32,50;13,75;24,00;10,00;2,00;7,00;8,00;6,00;3,00;5,00;1,00;1,00;2,00;1,00;0,00;2,00;0,50;1,00
2021-06-20;13,00;59,43;22,29;48,29;57,57;31,57;1,86;16,71;39,00;41,17;17,33;56,33;28,60;68,90;36,40;22,10;24,00;11,00;4,00;7,00;10,00;7,00;4,00;2,00;2,00;2,00;2,00;1,00;0,00;3,00;0,50;0,00
2021-06-27;13,00;59,43;27,86;57,57;57,57;35,29;0,93;20,43;18,57;45,50;19,50;60,67;35,10;63,70;36,40;19,50;26,00;10,00;3,00;7,00;9,00;9,00;4,00;4,00;1,00;2,00;1,00;2,00;1,00;3,00;1,00;0,50
2021-07-04;14,00;59,50;21,00;59,50;57,75;38,00;0,00;20,00;18,00;44,33;23,33;65,33;17,82;70,00;43,27;22,91;26,00;10,00;3,00;5,00;10,00;7,00;4,00;5,00;2,00;1,00;1,00;1,00;1,00;3,00;1,00;0,50
2021-07-11;16,00;58,67;23,11;55,11;46,22;46,00;2,00;16,00;16,00;52,57;22,86;59,43;18,46;88,62;44,31;25,85;22,00;10,00;3,00;6,00;12,00;10,00;4,00;4,00;1,00;2,00;3,00;1,00;0,00;2,00;0,00;2,00
2021-07-18;18,00;61,20;21,60;41,40;46,80;38,00;2,00;16,00;18,00;58,50;22,50;56,25;21,86;84,86;48,86;27,00;25,00;13,00;2,00;7,00;12,00;7,00;4,00;3,00;1,00;1,00;2,00;2,00;1,00;3,00;2,00;1,00
2021-07-25;19,00;58,90;26,60;36,10;49,40;38,00;1,90;15,20;17,10;64,13;26,13;66,50;24,07;77,27;50,67;24,07;26,00;12,00;4,00;5,00;15,00;9,00;3,00;5,00;1,00;2,00;2,00;0,50;1,00;3,00;1,00;0,00
2021-08-01;17,00;64,60;23,80;34,00;44,20;39,67;0,94;15,11;17,00;72,86;29,14;65,57;26,15;99,38;52,31;24,85;55,00;13,00;3,00;8,00;15,00;10,00;3,00;4,00;1,00;2,00;2,00;1,00;1,00;4,00;1,00;1,00
2021-08-08;18,00;68,40;28,80;54,00;46,80;44,00;1,00;18,00;22,00;67,50;24,75;60,75;21,86;101,57;52,71;25,71;30,00;13,00;4,00;6,00;15,00;11,00;5,00;3,00;2,00;2,00;2,00;2,00;1,00;4,00;2,00;1,00
2021-08-15;18,00;61,20;25,20;48,60;48,60;40,00;2,00;16,00;24,00;65,25;24,75;49,50;25,71;90,00;50,14;25,71;24,00;14,00;4,00;4,00;14,00;9,00;3,00;5,00;1,00;1,00;2,00;0,00;1,00;3,00;2,00;0,00
2021-08-22;22,00;60,50;33,00;49,50;49,50;46,00;0,00;18,00;24,00;61,60;22,00;55,00;23,29;97,06;60,82;27,18;21,00;17,00;3,00;12,00;14,00;7,00;2,00;3,00;2,00;1,00;2,00;1,00;0,50;3,00;0,00;0,00
2021-08-29;11,00;64,17;38,50;49,50;60,50;40,33;0,92;18,33;29,33;57,20;26,40;55,00;22,00;89,22;47,67;25,67;23,00;16,00;4,00;6,00;16,00;11,00;3,00;4,00;2,00;0,50;2,00;2,00;0,00;3,00;1,00;1,00
2021-09-05;10,00;63,33;35,00;40,00;53,33;44,00;1,00;22,00;32,00;60,00;25,00;57,50;23,75;80,00;50,00;23,75;23,00;17,00;3,00;5,00;12,00;7,00;3,00;4,00;2,00;1,00;1,00;1,00;1,00;3,00;0,50;0,00
2021-09-12;11,00;99,00;47,67;49,50;62,33;44,00;0,92;22,00;33,00;63,80;22,00;55,00;22,00;70,89;44,00;24,44;23,00;17,00;3,00;4,00;10,00;11,00;3,00;5,00;1,00;1,00;2,00;0,00;1,00;3,00;0,50;0,00
2021-09-19;13,00;111,43;48,29;53,86;65,00;44,57;0,00;24,14;33,43;56,33;21,67;56,33;23,40;70,20;46,80;27,30;28,00;21,00;3,00;5,00;8,00;8,00;3,00;3,00;1,00;2,00;2,00;0,00;1,00;1,00;0,00;0,50
2021-09-26;9,00;95,40;43,20;52,20;63,00;43,20;0,90;21,60;52,20;51,75;24,75;60,75;20,57;64,29;43,71;24,43;24,00;18,00;2,00;6,00;10,00;8,00;2,00;3,00;1,00;2,00;1,00;0,50;0,00;1,00;1,00;0,00
2021-10-03;13,00;100,29;52,00;63,14;63,14;46,43;1,86;24,14;37,14;56,33;28,17;71,50;23,40;59,80;50,70;29,90;27,00;22,00;3,00;4,00;12,00;11,00;2,00;5,00;1,00;2,00;2,00;1,00;0,00;2,00;0,00;0,50
2021-10-10;11,00;97,17;45,83;73,33;53,17;45,83;1,83;25,67;40,33;66,00;22,00;66,00;25,67;56,22;48,89;29,33;27,00;19,00;2,00;5,00;11,00;11,00;2,00;4,00;1,00;1,00;2,00;0,00;0,50;2,00;0,00;0,00
2021-10-17;8,00;102,00;54,00;64,00;68,00;50,00;0,00;26,00;42,00;80,00;26,67;72,00;25,33;61,33;53,33;30,67;25,00;18,00;3,00;5,00;11,00;8,00;2,00;5,00;1,00;1,00;1,00;0,00;0,00;3,00;0,50;1,00
2021-10-24;8,00;70,40;40,00;46,40;52,80;40,00;1,00;26,00;34,00;58,00;20,00;56,00;20,00;57,33;50,67;30,67;25,00;22,00;2,00;5,00;8,00;8,00;1,00;3,00;0,00;1,00;0,50;0,50;0,50;2,00;1,00;0,50
2021-10-31;7,00;71,75;42,00;45,50;52,50;40,25;0,00;24,50;31,50;67,67;21,00;63,00;21,00;52,50;45,50;23,33;21,00;20,00;2,00;3,00;10,00;8,00;2,00;4,00;1,00;1,00;1,00;1,00;0,50;3,00;1,00;1,00
2021-11-07;6,00;72,00;50,00;42,00;46,00;32,00;2,00;24,00;26,00;66,00;24,00;78,00;21,00;46,50;45,00;22,50;18,00;20,00;2,00;4,00;10,00;5,00;1,00;5,00;1,00;1,00;1,00;0,50;1,00;2,00;2,00;0,00
2021-11-14;4,00;60,00;46,00;28,00;46,00;30,00;1,00;20,00;26,00;36,00;16,00;48,00;16,00;30,67;29,33;18,67;15,00;18,00;2,00;2,00;9,00;6,00;2,00;3,00;1,00;1,00;0,50;1,00;1,00;1,00;1,00;0,00
2021-11-21;4,00;56,00;42,00;26,00;44,00;22,00;2,00;30,00;36,00;32,00;14,00;48,00;16,00;24,00;20,00;17,33;12,00;14,00;0,50;3,00;8,00;6,00;2,00;2,00;0,50;0,00;0,00;1,00;1,00;2,00;0,00;0,50
2021-11-28;3,00;40,50;28,50;13,50;27,00;15,00;3,00;15,00;15,00;39,00;15,00;72,00;11,00;17,00;14,00;17,00;10,00;11,00;1,00;2,00;7,00;4,00;0,00;3,00;0,00;1,00;1,00;1,00;0,00;2,00;0,00;0,00
2021-12-05;6,00;60,00;36,00;24,00;48,00;26,00;0,00;22,00;26,00;32,00;14,00;50,00;16,80;22,80;15,60;22,80;11,00;14,00;1,00;3,00;7,00;4,00;1,00;1,00;2,00;1,00;1,00;0,00;7,00;2,00;0,00;0,00
2021-12-12;5,00;56,67;31,67;25,00;41,67;35,00;2,50;27,50;30,00;42,50;17,50;82,50;18,75;26,25;25,00;26,25;16,00;14,00;3,00;5,00;8,00;5,00;3,00;2,00;1,00;2,00;1,00;1,00;1,00;3,00;0,00;0,50
2021-12-19;7,00;64,75;33,25;24,50;49,00;22,75;0,88;21,00;26,25;56,00;16,33;91,00;21,00;24,50;25,67;24,50;17,00;16,00;2,00;3,00;8,00;5,00;2,00;3,00;1,00;0,00;1,00;0,00;1,00;1,00;0,00;0,00
2021-12-26;8,00;106,00;34,00;26,00;58,00;36,00;1,00;24,00;38,00;69,33;24,00;93,33;24,00;52,00;40,00;28,00;18,00;16,00;3,00;5,00;17,00;7,00;2,00;3,00;0,00;1,00;1,00;1,00;1,00;2,00;1,00;0,00
2022-01-02;9,00;73,80;36,00;25,20;57,60;32,40;0,90;23,40;37,80;42,75;15,75;67,50;18,00;39,86;36,00;20,57;18,00;18,00;2,00;5,00;14,00;8,00;2,00;4,00;1,00;1,00;2,00;0,00;0,50;4,00;0,00;0,00
2022-01-09;9,00;59,40;43,20;25,20;59,40;34,20;1,80;25,20;28,80;38,25;13,50;63,00;19,29;41,14;30,86;15,43;18,00;18,00;3,00;3,00;9,00;5,00;2,00;4,00;0,00;1,00;1,00;0,00;0,50;1,00;1,00;0,00
2022-01-16;11,00;56,83;38,50;27,50;49,50;31,17;0,00;22,00;29,33;33,00;13,20;57,20;19,25;39,88;28,88;16,50;18,00;15,00;2,00;3,00;9,00;6,00;2,00;3,00;0,50;1,00;2,00;1,00;0,00;2,00;0,00;0,00
2022-01-23;9,00;64,80;45,00;32,40;54,00;30,60;0,90;21,60;34,20;36,00;18,00;74,25;20,57;42,43;32,14;12,86;27,00;18,00;3,00;5,00;9,00;5,00;2,00;4,00;0,00;3,00;3,00;1,00;1,00;2,00;0,00;0,00
2022-01-30;9,00;73,80;50,40;37,80;64,80;37,80;0,90;25,20;36,00;42,75;20,25;63,00;21,86;51,43;36,00;14,14;25,00;23,00;2,00;5,00;12,00;9,00;3,00;3,00;0,00;1,00;1,00;1,00;1,00;2,00;0,00;0,00
2022-02-06;10,00;68,33;53,33;45,00;71,67;48,00;0,00;24,00;48,00;55,00;25,00;80,00;21,25;56,25;32,50;18,75;24,00;25,00;3,00;7,00;12,00;8,00;3,00;2,00;1,00;2,00;2,00;1,00;1,00;1,00;0,00;1,00
2022-02-13;13,00;96,57;65,00;53,86;104,00;48,29;1,86;35,29;46,43;52,00;28,17;71,50;24,70;48,10;40,30;22,10;29,00;26,00;3,00;7,00;13,00;9,00;3,00;3,00;1,00;2,00;1,00;1,00;0,50;3,00;1,00;0,00
2022-02-20;12,00;80,57;56,57;51,43;92,57;48,00;1,00;32,00;54,00;56,00;24,00;66,00;22,80;43,20;38,40;21,60;27,00;25,00;4,00;5,00;11,00;8,00;3,00;5,00;1,00;2,00;1,00;0,50;1,00;3,00;0,50;1,00
2022-02-27;11,00;80,67;58,67;56,83;93,50;50,60;1,10;39,60;55,00;57,20;26,40;74,80;24,75;44,00;42,63;24,75;24,00;26,00;4,00;6,00;10,00;7,00;3,00;5,00;1,00;2,00;2,00;1,00;1,00;2,00;0,50;0,50
2022-03-06;14,00;92,75;59,50;57,75;108,50;54,00;1,00;36,00;52,00;58,33;28,00;95,67;22,91;47,09;42,00;24,18;27,00;26,00;4,00;7,00;9,00;9,00;3,00;4,00;1,00;2,00;2,00;1,00;1,00;3,00;1,00;1,00
2022-03-13;15,00;99,38;76,88;75,00;129,38;52,50;0,94;31,88;52,50;60,00;32,50;95,00;23,18;58,64;46,36;25,91;28,00;32,00;5,00;7,00;11,00;8,00;4,00;4,00;1,00;2,00;3,00;1,00;1,00;4,00;0,50;1,00
2022-03-20;14,00;99,75;70,00;71,75;127,75;56,00;2,00;38,00;54,00;63,00;35,00;74,67;28,00;66,18;47,09;28,00;25,00;31,00;4,00;7,00;11,00;9,00;3,00;3,00;1,00;2,00;2,00;2,00;1,00;3,00;1,00;0,50
2022-03-27;16,00;103,11;71,11;78,22;97,78;56,00;1,00;32,00;54,00;68,57;29,71;80,00;28,00;66,67;50,67;30,67;28,00;29,00;4,00;8,00;13,00;10,00;3,00;5,00;1,00;2,00;2,00;1,00;1,00;3,00;1,00;1,00
2022-04-03;19,00;110,55;76,00;88,09;134,73;62,70;1,90;34,20;55,10;83,13;33,25;80,75;30,40;68,40;53,20;31,67;27,00;30,00;5,00;10,00;15,00;10,00;3,00;5,00;1,00;1,00;3,00;1,00;1,00;4,00;1,00;0,50
2022-04-10;15,00;129,38;84,38;101,25;187,50;61,88;0,94;33,75;50,63;94,29;36,43;81,43;31,25;80,00;57,50;46,25;32,00;29,00;6,00;9,00;14,00;11,00;3,00;6,00;1,00;1,00;1,00;2,00;1,00;5,00;1,00;1,00
2022-04-17;17,00;113,33;81,22;92,56;166,22;62,33;1,89;32,11;52,89;89,86;36,43;82,57;31,38;85,00;66,69;43,15;30,00;32,00;5,00;7,00;16,00;12,00;3,00;5,00;0,50;1,00;2,00;1,00;1,00;4,00;1,00;1,00
2022-04-24;15,00;99,38;78,75;76,88;116,25;50,63;1,88;37,50;46,88;64,29;27,86;70,71;25,00;70,00;50,00;28,75;26,00;32,00;5,00;8,00;14,00;9,00;4,00;4,00;1,00;1,00;2,00;1,00;1,00;3,00;0,00;0,00
2022-05-01;16,00;97,78;72,89;72,89;106,67;58,00;2,00;144,00;52,00;73,14;29,71;73,14;28,31;65,23;49,23;29,54;29,00;30,00;4,00;7,00;13,00;12,00;4,00;5,00;1,00;2,00;3,00;1,00;1,00;3,00;1,00;0,50
2022-05-08;18,00;93,60;75,60;66,60;111,60;64,00;2,00;50,00;54,00;85,50;27,00;76,50;24,43;63,00;57,86;32,14;27,00;26,00;5,00;7,00;14,00;12,00;4,00;5,00;1,00;2,00;2,00;1,00;3,00;3,00;1,00;0,00
2022-05-15;17,00;88,40;57,80;61,20;93,50;54,78;0,00;28,33;45,33;82,88;31,88;63,75;26,71;63,14;54,64;34,00;24,00;28,00;6,00;7,00;16,00;13,00;5,00;7,00;1,00;3,00;2,00;2,00;2,00;4,00;1,00;0,50
2022-05-22;17,00;100,30;69,70;74,80;90,10;58,56;0,94;32,11;49,11;89,25;31,88;78,63;29,14;77,71;54,64;42,50;33,00;31,00;5,00;7,00;17,00;13,00;5,00;6,00;1,00;2,00;1,00;2,00;1,00;6,00;1,00;0,50
2022-05-29;21,00;105,00;78,75;71,75;89,25;53,45;1,91;38,18;53,45;81,67;37,33;84,00;29,65;79,06;59,29;37,06;29,00;31,00;4,00;9,00;17,00;13,00;5,00;6,00;0,00;3,00;3,00;2,00;1,00;8,00;0,50;1,00
2022-06-05;23,00;102,62;84,92;72,54;93,77;63,25;1,92;32,58;47,92;82,80;36,80;85,10;34,50;85,61;58,78;39,61;29,00;30,00;4,00;9,00;19,00;12,00;4,00;7,00;1,00;2,00;4,00;1,00;1,00;5,00;1,00;1,00
2022-06-12;19,00;93,27;69,09;67,36;89,82;49,40;1,90;32,30;45,60;78,38;33,25;76,00;25,33;83,60;57,00;36,73;31,00;26,00;5,00;7,00;16,00;14,00;5,00;5,00;1,00;2,00;2,00;2,00;1,00;4,00;2,00;1,00
2022-06-19;17,00;78,20;69,70;62,90;85,00;47,22;0,94;28,33;39,67;74,38;29,75;68,00;31,38;71,92;53,62;27,46;27,00;28,00;4,00;10,00;15,00;15,00;5,00;6,00;2,00;3,00;1,00;2,00;1,00;3,00;1,00;0,50
2022-06-26;22,00;82,50;75,17;64,17;91,67;48,00;2,00;30,00;44,00;59,40;30,80;66,00;31,06;72,47;54,35;31,06;24,00;30,00;5,00;8,00;18,00;13,00;5,00;7,00;3,00;2,00;2,00;2,00;2,00;4,00;1,00;0,00
2022-07-03;21,00;94,50;68,25;66,50;82,25;47,73;1,91;30,55;40,09;67,67;30,33;72,33;30,88;67,94;56,82;34,59;26,00;27,00;5,00;10,00;16,00;19,00;6,00;5,00;1,00;3,00;2,00;1,00;1,00;3,00;2,00;1,00
2022-07-10;20,00;85,00;65,00;65,00;78,33;45,45;0,91;25,45;40,00;71,11;28,89;68,89;28,75;67,50;55,00;31,25;28,00;27,00;6,00;10,00;16,00;17,00;5,00;5,00;2,00;2,00;3,00;1,00;2,00;3,00;1,00;0,50
2022-07-17;22,00;108,17;77,00;77,00;99,00;52,00;2,00;30,00;40,00;70,40;28,60;70,40;34,94;72,47;55,65;40,12;32,00;28,00;6,00;10,00;18,00;17,00;5,00;7,00;1,00;3,00;4,00;2,00;1,00;4,00;1,00;0,50
2022-07-24;19,00;115,90;79,80;93,10;115,90;47,50;1,90;26,60;39,90;92,63;33,25;78,38;40,53;74,73;58,27;38,00;25,00;28,00;5,00;9,00;22,00;18,00;4,00;6,00;2,00;2,00;3,00;2,00;2,00;4,00;1,00;0,50
2022-07-31;22,00;124,67;77,00;84,33;100,83;50,00;2,00;28,00;46,00;90,20;28,60;66,00;38,82;93,18;63,41;34,94;27,00;27,00;5,00;8,00;19,00;17,00;6,00;5,00;1,00;2,00;3,00;1,00;0,50;4,00;1,00;0,50
2022-08-07;16,00;99,56;65,78;92,44;112,00;54,00;2,00;28,00;46,00;89,14;34,29;77,71;39,38;82,46;59,08;41,85;27,00;30,00;4,00;9,00;17,00;18,00;6,00;6,00;0,50;2,00;3,00;1,00;1,00;5,00;0,50;1,00
2022-08-14;21,00;98,00;68,25;73,50;101,50;53,45;1,91;26,73;45,82;93,33;35,00;77,00;37,06;85,24;54,35;39,53;28,00;28,00;5,00;8,00;20,00;16,00;5,00;6,00;1,00;2,00;1,00;2,00;2,00;5,00;1,00;1,00
2022-08-21;25,00;87,50;67,86;71,43;126,79;55,77;1,92;23,08;38,46;84,09;31,82;68,18;35,53;89,47;61,84;40,79;29,00;26,00;6,00;9,00;17,00;17,00;4,00;6,00;2,00;1,00;3,00;2,00;1,00;4,00;1,00;1,00
2022-08-28;25,00;85,71;67,86;67,86;108,93;53,85;0,96;28,85;48,08;93,18;31,82;70,45;27,50;75,00;73,75;38,75;28,00;30,00;7,00;9,00;18,00;14,00;7,00;4,00;0,50;3,00;3,00;3,00;3,00;4,00;1,00;0,00
2022-09-04;100,00;91,07;101,79;62,50;103,57;55,77;1,92;26,92;46,15;93,18;29,55;72,73;31,65;73,42;56,96;32,91;27,00;32,00;4,00;6,00;13,00;14,00;4,00;4,00;1,00;3,00;2,00;1,00;2,00;3,00;1,00;0,00
2022-09-11;21,00;87,50;98,00;66,50;105,00;49,64;0,95;32,45;43,91;74,67;30,33;72,33;28,41;65,47;49,41;32,12;29,00;28,00;4,00;9,00;14,00;13,00;3,00;5,00;1,00;2,00;2,00;2,00;1,00;2,00;1,00;0,00
2022-09-18;17,00;94,44;107,67;68,00;85,00;47,22;0,94;28,33;43,44;92,29;36,43;80,14;26,15;58,85;57,54;36,62;26,00;29,00;3,00;7,00;11,00;11,00;4,00;4,00;1,00;1,00;1,00;1,00;1,00;4,00;0,00;1,00
2022-09-25;15,00;103,13;95,63;71,25;82,50;52,50;0,00;28,13;41,25;92,14;27,86;92,14;31,25;58,75;55,00;37,50;28,00;26,00;4,00;5,00;11,00;11,00;2,00;4,00;1,00;1,00;1,00;1,00;1,00;4,00;1,00;0,50
2022-10-02;13,00;89,38;81,25;63,38;86,13;52,00;1,86;29,71;46,43;95,33;28,17;71,50;26,00;53,18;53,18;40,18;26,00;28,00;4,00;7,00;13,00;11,00;5,00;4,00;1,00;2,00;2,00;1,00;2,00;2,00;0,50;0,00
2022-10-09;12,00;84,00;78,86;58,29;97,71;48,00;1,00;30,00;46,00;98,40;28,80;72,00;30,67;52,00;57,33;36,00;27,00;25,00;3,00;4,00;13,00;11,00;3,00;5,00;1,00;0,50;0,50;1,00;0,50;2,00;0,00;0,00
2022-10-16;11,00;102,67;84,33;64,17;104,50;55,00;2,20;37,40;50,60;94,60;24,20;68,20;34,38;57,75;56,38;35,75;22,00;27,00;4,00;6,00;13,00;11,00;1,00;4,00;1,00;2,00;1,00;1,00;3,00;2,00;0,00;1,00
2022-10-23;10,00;85,00;68,33;61,67;93,33;50,00;1,00;26,00;44,00;94,00;26,00;58,00;28,75;46,25;51,25;37,50;21,00;25,00;2,00;6,00;12,00;10,00;3,00;4,00;1,00;2,00;1,00;0,00;0,00;3,00;0,00;0,50
2022-10-30;45,00;86,40;72,00;61,20;66,60;39,13;0,98;27,39;45,00;90,00;22,50;69,75;24,43;46,29;52,71;41,14;18,00;26,00;3,00;4,00;12,00;10,00;3,00;4,00;0,00;2,00;1,00;0,00;1,00;3,00;0,00;1,00
2022-11-06;6,00;84,00;84,00;60,00;68,00;40,00;0,00;24,00;34,00;60,00;18,00;58,00;21,60;37,20;45,60;24,00;18,00;20,00;1,00;5,00;11,00;8,00;3,00;2,00;0,00;2,00;1,00;1,00;0,00;2,00;0,00;0,00
2022-11-13;7,00;68,25;68,25;54,25;47,25;31,50;1,75;24,50;31,50;70,00;21,00;233,33;18,67;32,67;40,83;25,67;17,00;25,00;3,00;4,00;9,00;8,00;2,00;3,00;1,00;1,00;1,00;1,00;0,00;1,00;0,00;1,00
2022-11-20;15,00;63,75;69,38;45,00;45,00;30,00;0,94;18,75;26,25;53,57;17,14;77,14;20,00;40,00;41,25;28,75;18,00;22,00;2,00;2,00;10,00;6,00;2,00;4,00;0,00;1,00;1,00;0,00;0,00;2,00;1,00;1,00
2022-11-27;6,00;68,00;70,00;52,00;48,00;30,00;1,00;22,00;28,00;56,00;16,00;44,00;19,20;28,80;42,00;32,40;16,00;20,00;2,00;3,00;9,00;7,00;2,00;3,00;0,00;1,00;1,00;0,50;1,00;2,00;0,50;0,00
2022-12-04;6,00;74,00;74,00;52,00;50,00;28,00;1,00;24,00;28,00;58,00;18,00;46,00;21,60;31,20;43,20;34,80;16,00;20,00;4,00;3,00;10,00;9,00;4,00;3,00;0,50;0,50;1,00;1,00;1,00;1,00;0,00;0,00
2022-12-11;8,00;64,00;65,60;38,40;41,60;32,00;1,00;24,00;28,00;58,00;16,00;54,00;22,67;38,67;48,00;32,00;17,00;21,00;2,00;4,00;11,00;6,00;2,00;2,00;0,50;2,00;1,00;1,00;0,50;2,00;0,00;0,00
2022-12-18;8,00;100,00;80,00;60,00;60,00;36,00;1,00;28,00;30,00;85,33;21,33;72,00;25,33;36,00;50,67;34,67;16,00;20,00;4,00;3,00;12,00;7,00;3,00;4,00;1,00;2,00;2,00;1,00;0,00;2,00;1,00;0,50
2022-12-25;13,00;126,29;96,57;87,29;74,29;50,14;1,86;26,00;40,86;112,67;23,83;65,00;35,10;53,30;67,60;41,60;22,00;27,00;3,00;4,00;17,00;10,00;3,00;5,00;0,00;2,00;1,00;1,00;1,00;2,00;0,50;0,50
2023-01-01;11,00;110,00;99,00;73,33;84,33;55,00;0,00;29,33;44,00;88,00;22,00;63,80;30,56;47,67;57,44;36,67;26,00;32,00;3,00;6,00;14,00;13,00;3,00;5,00;0,50;2,00;1,00;1,00;1,00;3,00;1,00;1,00
2023-01-08;12,00;90,86;85,71;66,86;80,57;58,00;2,00;32,00;48,00;69,60;26,40;76,80;26,67;50,67;54,67;22,67;25,00;31,00;3,00;5,00;16,00;11,00;4,00;4,00;0,50;2,00;1,00;1,00;0,00;2,00;0,00;0,00
2023-01-15;11,00;100,83;84,33;66,00;86,17;49,50;1,83;31,17;42,17;66,00;24,20;68,20;25,67;53,78;48,89;22,00;22,00;33,00;3,00;6,00;16,00;12,00;3,00;5,00;1,00;1,00;2,00;1,00;0,00;2,00;0,00;0,50
2023-01-22;11,00;99,00;86,17;60,50;80,67;45,83;0,92;29,33;40,33;63,80;24,20;68,20;25,67;47,67;52,56;23,22;26,00;27,00;4,00;6,00;15,00;10,00;5,00;5,00;0,00;1,00;0,00;1,00;0,00;2,00;0,00;1,00
2023-01-29;10,00;108,00;96,00;66,00;92,00;50,00;1,00;30,00;46,00;70,00;25,00;85,00;23,75;47,50;51,25;23,75;22,00;30,00;4,00;5,00;13,00;11,00;4,00;4,00;1,00;2,00;2,00;1,00;1,00;2,00;1,00;0,00
2023-02-05;12,00;96,00;80,00;70,00;92,00;50,00;1,00;30,00;44,00;72,00;26,40;108,00;29,33;50,67;52,00;21,33;24,00;27,00;4,00;7,00;14,00;12,00;3,00;5,00;1,00;1,00;2,00;1,00;1,00;3,00;0,50;1,00
2023-02-12;13,00;100,29;83,57;70,57;92,86;50,14;1,86;31,57;46,43;69,33;26,00;58,50;28,60;57,20;58,50;23,40;23,00;27,00;3,00;7,00;12,00;11,00;3,00;5,00;1,00;2,00;1,00;1,00;0,00;2,00;1,00;0,00
2023-02-19;12,00;90,86;84,00;61,71;94,29;54,00;2,00;32,00;52,00;86,40;28,80;60,00;26,40;62,40;50,40;25,20;33,00;28,00;3,00;5,00;19,00;10,00;4,00;3,00;1,00;2,00;2,00;0,50;0,00;4,00;0,00;1,00
2023-02-26;13,00;94,71;91,00;68,71;102,14;50,14;1,86;29,71;46,43;71,50;26,00;56,33;28,60;62,40;50,70;24,70;28,00;29,00;5,00;7,00;15,00;10,00;3,00;5,00;1,00;1,00;2,00;2,00;0,50;2,00;0,50;0,00
2023-03-05;13,00;100,29;91,00;68,71;104,00;53,86;1,86;27,86;50,14;78,00;28,17;54,17;32,50;53,30;57,20;26,00;25,00;27,00;6,00;6,00;14,00;10,00;3,00;5,00;1,00;3,00;1,00;2,00;1,00;3,00;0,00;1,00
2023-03-12;17,00;91,80;83,30;66,30;98,60;52,89;1,89;30,22;49,11;80,75;27,63;59,50;30,08;58,85;56,23;28,77;25,00;29,00;3,00;6,00;13,00;12,00;3,00;5,00;2,00;2,00;2,00;1,00;2,00;3,00;0,50;0,00
2023-03-19;15,00;101,25;91,88;82,50;112,50;52,50;0,94;31,88;45,00;87,86;32,14;49,29;28,75;58,75;52,50;28,75;25,00;30,00;5,00;10,00;13,00;12,00;4,00;7,00;2,00;2,00;1,00;2,00;1,00;4,00;0,00;2,00
2023-03-26;15,00;103,13;93,75;90,00;103,13;54,38;1,88;33,75;52,50;102,50;37,50;70,00;31,25;58,75;56,25;35,00;22,00;31,00;6,00;9,00;14,00;12,00;6,00;6,00;1,00;2,00;2,00;1,00;1,00;4,00;0,50;0,00
2023-04-02;17,00;119,00;90,67;98,22;115,22;58,56;1,89;32,11;52,89;131,14;43,71;72,86;39,23;71,92;65,38;51,00;28,00;28,00;3,00;6,00;16,00;14,00;3,00;5,00;1,00;2,00;2,00;2,00;1,00;5,00;1,00;1,00
2023-04-09;17,00;100,30;79,90;78,20;95,20;58,56;1,89;30,22;49,11;95,63;34,00;57,38;32,79;63,14;61,93;36,43;23,00;27,00;5,00;7,00;14,00;15,00;7,00;4,00;1,00;2,00;2,00;1,00;1,00;4,00;1,00;0,50
2023-04-16;13,00;89,14;74,29;70,57;117,00;52,00;0,93;37,14;44,57;78,00;32,50;56,33;31,20;58,50;57,20;29,90;23,00;27,00;4,00;7,00;12,00;11,00;4,00;5,00;1,00;2,00;3,00;1,00;1,00;3,00;0,00;0,50
2023-04-23;15,00;90,00;78,75;65,63;108,75;50,63;1,88;82,50;43,13;85,71;30,00;60,00;33,75;53,75;52,50;33,75;25,00;27,00;4,00;6,00;12,00;10,00;3,00;3,00;2,00;2,00;1,00;0,00;1,00;4,00;1,00;0,00
2023-04-30;14,00;85,75;82,25;64,75;98,00;58,00;1,00;200,00;44,00;84,00;35,00;67,67;30,55;58,55;59,82;31,82;30,00;27,00;4,00;7,00;14,00;13,00;4,00;5,00;2,00;2,00;3,00;2,00;1,00;3,00;1,00;1,00
2023-05-07;17,00;83,30;74,80;59,50;78,20;60,44;1,89;56,67;41,56;87,43;36,43;65,57;32,69;58,85;58,85;35,31;29,00;27,00;4,00;9,00;16,00;13,00;3,00;5,00;2,00;3,00;2,00;1,00;1,00;2,00;1,00;0,50
2023-05-14;17,00;109,56;79,33;75,56;105,78;69,89;0,94;35,89;41,56;111,71;38,86;75,29;32,69;86,31;61,46;40,54;29,00;27,00;5,00;7,00;16,00;13,00;5,00;4,00;2,00;2,00;2,00;2,00;1,00;3,00;1,00;0,50
2023-05-21;16,00;90,67;67,56;64,00;88,89;58,00;1,00;28,00;46,00;89,14;36,57;61,71;33,23;62,77;55,38;34,46;26,00;28,00;5,00;8,00;16,00;16,00;3,00;7,00;1,00;2,00;3,00;1,00;0,50;5,00;0,50;0,00
2023-05-28;21,00;89,25;64,75;64,75;92,75;57,27;1,91;24,82;45,82;91,00;35,00;70,00;34,59;95,12;54,35;38,29;30,00;26,00;4,00;8,00;17,00;13,00;6,00;5,00;0,00;2,00;3,00;2,00;2,00;8,00;1,00;0,00
2023-06-04;16,00;87,11;71,11;58,67;94,22;50,00;1,00;46,00;48,00;91,43;32,00;66,29;29,54;67,69;55,38;39,38;27,00;27,00;5,00;6,00;19,00;17,00;5,00;6,00;2,00;1,00;2,00;1,00;1,00;5,00;1,00;0,50
2023-06-11;18,00;79,20;68,40;59,40;90,00;39,60;1,80;25,20;39,60;67,50;29,25;69,75;32,40;57,60;48,00;28,80;25,00;27,00;5,00;7,00;15,00;16,00;6,00;4,00;2,00;3,00;2,00;1,00;0,00;4,00;1,00;1,00
