Semaine;Chamonix (FR);Val Thorens (FR);Alpe d Huez (FR);Les Deux Alpes (FR);Ischgl (AT);Tignes (FR);Les Arcs (FR);Saalbach (AT);Les Ménuires (FR);Avoriaz (FR);La Plagne (FR);Sankt Anton (AT);Zermatt (CH);Flachau (AT);La Clusaz (FR);Verbier (CH);Zillertal (AT);Morzine (FR);Châtel (FR);St Moritz (DE);Les Gets (FR);Val Cenis (FR);Courchevel (FR);Mayrhofen (AT);Val Gardena (IT);Serre Chevalier (FR);Samoëns (FR);Valloire (FR);Méribel (FR);Val d Isère (FR);Megève (FR);Kitzbuhel (AT);Vars (FR);Schladming (AT);Grand Bornand (FR);Brixental (AT);Sestriere (IT);Gstaad (CH);Font Romeu (FR);St Lary (FR);Barèges (FR);La Mongie (FR);Peyragudes (FR)
2020-01-05;27,00;27,00;27,00;13,50;405,00;9,00;0,00;837,00;18,00;0,00;0,00;317,25;162,00;337,50;0,00;20,25;472,50;7,71;15,43;138,86;0,00;0,00;18,69;99,69;27,00;0,00;0,00;0,00;6,35;0,00;16,20;167,40;0,00;109,59;0,00;115,94;0,00;0,00;0,00;0,00;6,00;0,00;13,00
2020-01-12;39,00;39,00;39,00;0,00;585,00;0,00;7,80;686,40;7,80;13,00;19,50;208,00;156,00;366,60;0,00;15,60;444,60;7,09;7,09;152,45;10,64;0,00;0,00;123,16;16,42;0,00;0,00;6,00;13,50;5,57;0,00;195,00;5,57;109,20;0,00;62,40;31,00;7,00;0,00;0,00;6,00;0,00;0,00
2020-01-19;39,00;39,00;0,00;39,00;507,00;15,60;15,60;647,40;15,60;13,00;13,00;253,50;149,50;288,60;0,00;0,00;421,20;7,09;17,73;180,82;0,00;0,00;0,00;129,32;22,58;0,00;18,72;0,00;0,00;30,64;0,00;264,64;0,00;126,75;0,00;86,13;0,00;0,00;0,00;0,00;10,00;0,00;0,00
2020-01-26;37,00;37,00;18,50;37,00;518,00;27,75;9,25;786,25;9,25;12,33;18,50;203,50;123,33;281,20;0,00;29,60;370,00;0,00;11,10;99,90;7,40;0,00;0,00;129,50;18,50;0,00;0,00;0,00;6,17;8,54;0,00;202,08;0,00;122,26;0,00;119,04;25,00;0,00;0,00;0,00;0,00;0,00;12,00
2020-02-02;72,00;18,00;0,00;18,00;540,00;16,00;16,00;648,00;8,00;0,00;0,00;314,18;130,91;295,20;0,00;21,60;381,60;0,00;14,40;147,60;0,00;14,40;16,46;111,09;22,63;0,00;15,32;0,00;7,66;13,85;8,31;218,77;0,00;104,00;0,00;116,80;7,00;12,00;0,00;0,00;0,00;0,00;7,00
2020-02-09;66,00;0,00;33,00;33,00;429,00;8,25;8,25;750,75;8,25;6,60;0,00;231,00;138,60;227,33;0,00;22,00;315,33;11,00;11,00;139,33;0,00;14,00;14,00;88,00;18,00;24,56;0,00;0,00;0,00;0,00;0,00;129,25;0,00;81,71;12,57;50,29;12,00;9,00;0,00;0,00;6,00;0,00;0,00
2020-02-16;49,00;12,25;24,50;0,00;245,00;0,00;0,00;481,83;8,17;12,25;0,00;196,00;134,75;224,00;0,00;28,00;315,00;7,00;0,00;119,00;7,00;18,38;6,13;104,13;22,46;15,31;0,00;0,00;0,00;11,53;0,00;141,24;0,00;104,32;14,23;50,58;0,00;33,00;0,00;7,00;0,00;0,00;0,00
2020-02-23;29,00;29,00;14,50;0,00;261,00;9,67;9,67;676,67;9,67;5,80;23,20;179,80;127,60;232,00;0,00;14,50;297,25;0,00;21,75;119,63;0,00;0,00;0,00;68,36;24,86;0,00;0,00;0,00;0,00;20,30;5,80;168,20;0,00;83,78;0,00;67,67;0,00;0,00;20,00;0,00;0,00;0,00;0,00
2020-03-01;11,00;22,00;22,00;22,00;308,00;11,00;11,00;693,00;33,00;0,00;5,50;198,00;126,50;330,00;0,00;22,00;605,00;14,67;14,67;113,67;0,00;0,00;6,60;90,20;30,80;0,00;12,57;0,00;12,57;5,50;0,00;126,50;0,00;75,43;0,00;47,14;0,00;33,00;0,00;11,00;0,00;0,00;0,00
2020-03-08;31,00;31,00;31,00;31,00;3100,00;23,25;0,00;775,00;23,25;6,20;6,20;620,00;210,80;279,00;0,00;23,25;775,00;20,67;6,89;165,33;6,89;0,00;8,27;99,20;74,40;9,30;0,00;0,00;38,75;0,00;0,00;160,64;8,45;94,63;0,00;60,37;0,00;7,00;0,00;0,00;0,00;11,00;0,00
2020-03-15;10,00;10,00;10,00;10,00;840,00;0,00;10,00;200,00;10,00;0,00;5,00;125,00;70,00;210,00;0,00;10,00;360,00;0,00;10,00;40,00;6,67;14,00;0,00;40,00;0,00;0,00;0,00;0,00;5,71;0,00;0,00;37,50;0,00;25,00;0,00;18,33;0,00;0,00;0,00;0,00;0,00;0,00;0,00
2020-03-22;8,00;16,00;16,00;8,00;448,00;0,00;0,00;80,00;0,00;0,00;24,00;56,00;64,00;48,00;8,00;0,00;184,00;0,00;0,00;64,00;8,00;0,00;10,00;12,00;0,00;6,40;0,00;19,20;0,00;13,33;0,00;8,00;0,00;12,80;0,00;19,20;0,00;0,00;0,00;9,00;0,00;0,00;0,00
2020-03-29;14,00;28,00;14,00;0,00;560,00;0,00;0,00;63,00;7,00;7,00;0,00;56,00;63,00;56,00;0,00;0,00;70,00;0,00;10,50;63,00;17,50;0,00;0,00;12,00;0,00;7,78;0,00;31,11;7,78;8,40;0,00;22,40;14,00;6,22;4,67;0,00;0,00;0,00;0,00;0,00;0,00;13,00;0,00
2020-04-05;26,00;0,00;0,00;26,00;364,00;0,00;8,67;69,33;8,67;6,50;0,00;32,50;39,00;26,00;0,00;0,00;52,00;7,43;0,00;92,86;0,00;0,00;0,00;10,00;0,00;0,00;0,00;0,00;0,00;0,00;0,00;26,00;8,67;12,24;0,00;6,12;0,00;0,00;0,00;8,00;0,00;11,00;0,00
2020-04-12;19,00;0,00;0,00;0,00;171,00;0,00;0,00;76,00;0,00;0,00;0,00;19,00;63,33;12,67;6,33;6,33;50,67;0,00;0,00;57,00;7,60;13,30;0,00;13,30;0,00;0,00;0,00;0,00;0,00;5,43;0,00;13,57;0,00;0,00;0,00;0,00;0,00;0,00;0,00;0,00;0,00;0,00;0,00
2020-04-19;0,00;0,00;0,50;0,00;7,00;1,00;0,00;7,00;0,00;0,00;1,00;3,00;6,00;3,00;0,00;0,00;6,00;5,00;0,00;20,00;0,00;10,00;0,00;0,00;0,00;0,00;7,00;4,00;5,00;0,00;0,00;0,00;0,00;4,00;0,00;9,00;9,00;0,00;7,00;0,00;0,00;14,00;0,00
2020-04-26;10,00;10,00;10,00;0,00;100,00;0,00;10,00;70,00;0,00;0,00;0,00;10,00;35,00;50,00;10,00;10,00;60,00;0,00;0,00;36,67;0,00;4,00;0,00;16,00;0,00;6,67;0,00;0,00;0,00;16,67;0,00;33,33;0,00;13,33;10,00;20,00;8,00;0,00;0,00;0,00;0,00;0,00;0,00
2020-05-03;23,00;11,50;11,50;0,00;92,00;0,00;0,00;107,33;0,00;0,00;0,00;34,50;34,50;30,67;0,00;7,67;69,00;0,00;0,00;46,00;0,00;0,00;25,09;25,09;8,36;0,00;0,00;0,00;0,00;20,13;5,75;20,13;14,38;13,14;0,00;0,00;0,00;14,00;19,00;9,00;0,00;0,00;0,00
2020-05-10;13,00;0,00;26,00;0,00;156,00;0,00;6,50;71,50;0,00;13,00;0,00;26,00;58,50;45,50;0,00;0,00;65,00;0,00;0,00;39,00;0,00;0,00;14,86;14,86;9,29;0,00;11,56;0,00;0,00;0,00;0,00;39,00;0,00;24,38;0,00;19,50;0,00;6,00;0,00;0,00;0,00;0,00;0,00
2020-05-17;8,00;8,00;8,00;0,00;48,00;0,00;0,00;96,00;0,00;0,00;0,00;40,00;72,00;40,00;0,00;8,00;152,00;12,00;0,00;64,00;12,00;8,00;0,00;50,00;0,00;0,00;0,00;0,00;9,33;0,00;0,00;34,67;0,00;12,80;0,00;8,00;0,00;7,00;0,00;0,00;0,00;0,00;0,00
2020-05-24;14,00;14,00;14,00;0,00;84,00;0,00;0,00;84,00;7,00;0,00;0,00;49,00;42,00;35,00;0,00;7,00;77,00;0,00;0,00;66,50;0,00;20,00;0,00;26,00;10,00;0,00;0,00;0,00;0,00;0,00;0,00;42,00;19,60;17,11;0,00;4,67;0,00;7,00;9,00;0,00;0,00;0,00;0,00
2020-05-31;8,00;0,00;8,00;0,00;80,00;0,00;0,00;144,00;0,00;0,00;0,00;56,00;72,00;64,00;0,00;8,00;128,00;0,00;0,00;72,00;0,00;0,00;0,00;14,00;0,00;0,00;0,00;0,00;0,00;0,00;0,00;42,67;0,00;40,00;0,00;25,60;0,00;13,00;0,00;0,00;0,00;0,00;0,00
2020-06-07;38,00;0,00;0,00;19,00;266,00;0,00;9,50;209,00;9,50;0,00;0,00;38,00;95,00;83,60;0,00;7,60;235,60;6,91;0,00;62,18;0,00;0,00;0,00;62,00;10,00;0,00;10,64;0,00;0,00;0,00;0,00;99,38;5,85;53,83;0,00;36,42;0,00;0,00;0,00;0,00;0,00;0,00;0,00
2020-06-14;23,00;0,00;11,50;0,00;92,00;0,00;0,00;214,67;0,00;0,00;0,00;86,25;74,75;115,00;0,00;0,00;214,67;0,00;0,00;72,29;0,00;0,00;9,58;53,67;11,50;0,00;0,00;10,73;0,00;8,63;0,00;77,63;0,00;64,40;13,80;41,40;0,00;14,00;12,00;11,00;0,00;0,00;0,00
2020-06-21;42,00;0,00;42,00;0,00;420,00;0,00;0,00;285,60;0,00;0,00;0,00;54,00;114,00;70,00;0,00;7,00;210,00;0,00;0,00;70,00;7,00;0,00;10,00;68,00;0,00;0,00;0,00;0,00;0,00;0,00;0,00;64,40;0,00;28,00;20,22;34,22;0,00;0,00;0,00;0,00;0,00;7,00;0,00
2020-06-28;43,00;0,00;21,50;0,00;387,00;8,60;0,00;292,40;8,60;0,00;0,00;79,86;104,43;114,67;0,00;28,67;279,50;0,00;0,00;50,17;0,00;0,00;0,00;86,00;12,29;0,00;0,00;0,00;0,00;0,00;0,00;94,60;0,00;41,41;0,00;17,52;0,00;0,00;0,00;0,00;11,00;0,00;12,00
2020-07-05;38,00;0,00;38,00;0,00;190,00;7,60;0,00;326,80;0,00;0,00;0,00;88,67;88,67;121,60;0,00;22,80;334,40;0,00;6,91;62,18;0,00;14,00;0,00;66,00;8,00;0,00;0,00;0,00;0,00;0,00;8,14;92,29;0,00;64,92;0,00;11,08;0,00;10,00;0,00;0,00;8,00;10,00;0,00
2020-07-12;30,00;0,00;15,00;15,00;150,00;0,00;0,00;277,50;0,00;12,00;0,00;78,00;102,00;135,00;15,00;0,00;330,00;18,75;11,25;108,75;11,25;0,00;20,00;92,00;0,00;0,00;0,00;0,00;0,00;0,00;8,18;109,09;0,00;69,47;0,00;55,26;0,00;0,00;7,00;23,00;0,00;8,00;0,00
2020-07-19;50,00;0,00;25,00;0,00;125,00;0,00;0,00;308,33;0,00;0,00;12,50;106,25;106,25;128,57;7,14;0,00;300,00;0,00;0,00;71,43;0,00;0,00;0,00;89,58;0,00;6,06;0,00;0,00;0,00;0,00;0,00;255,56;0,00;51,61;0,00;25,81;0,00;10,00;0,00;0,00;0,00;18,00;0,00
2020-07-26;45,00;11,25;0,00;0,00;112,50;0,00;0,00;333,00;0,00;6,43;12,86;115,71;102,86;142,50;0,00;0,00;315,00;6,92;0,00;93,46;0,00;0,00;0,00;79,77;0,00;6,00;0,00;6,00;0,00;0,00;0,00;115,31;0,00;67,50;0,00;49,82;0,00;0,00;0,00;0,00;0,00;0,00;0,00
2020-08-02;60,00;0,00;30,00;15,00;90,00;8,57;8,57;300,00;0,00;0,00;0,00;106,67;153,33;97,50;0,00;30,00;322,50;10,59;0,00;74,12;0,00;0,00;10,34;76,55;0,00;0,00;0,00;0,00;0,00;0,00;0,00;108,57;0,00;56,84;0,00;42,63;7,00;0,00;0,00;6,00;0,00;0,00;11,00
2020-08-09;21,00;0,00;21,00;10,50;84,00;21,00;31,50;367,50;0,00;14,00;0,00;112,00;105,00;98,00;0,00;0,00;266,00;0,00;10,50;87,50;0,00;23,10;0,00;77,70;14,70;18,00;0,00;0,00;0,00;0,00;0,00;120,00;0,00;50,08;0,00;22,62;0,00;12,00;7,00;6,00;0,00;0,00;0,00
2020-08-16;45,00;0,00;0,00;0,00;90,00;0,00;9,00;324,00;0,00;0,00;0,00;90,00;115,71;135,00;0,00;0,00;307,50;7,50;0,00;90,00;0,00;0,00;8,18;79,77;0,00;17,07;0,00;0,00;0,00;5,63;0,00;98,44;0,00;69,11;0,00;25,71;0,00;19,00;0,00;0,00;0,00;0,00;0,00
2020-08-23;53,00;0,00;0,00;0,00;132,50;0,00;0,00;300,33;8,83;0,00;0,00;86,13;139,13;90,86;7,57;0,00;318,00;10,60;0,00;70,67;0,00;0,00;6,12;89,69;14,27;7,57;0,00;0,00;0,00;0,00;0,00;89,26;0,00;74,82;12,47;24,94;0,00;0,00;0,00;0,00;0,00;0,00;0,00
2020-08-30;29,00;0,00;29,00;0,00;87,00;9,67;0,00;309,33;0,00;11,60;0,00;92,80;162,40;87,00;0,00;0,00;268,25;0,00;0,00;90,63;0,00;0,00;12,43;82,86;16,57;0,00;0,00;0,00;16,79;0,00;0,00;113,10;5,80;27,39;0,00;19,33;0,00;26,00;0,00;0,00;0,00;0,00;0,00
2020-09-06;47,00;0,00;23,50;0,00;70,50;0,00;7,83;235,00;0,00;0,00;20,14;120,86;94,00;62,67;0,00;23,50;282,00;7,23;0,00;65,08;0,00;0,00;0,00;98,09;0,00;0,00;7,58;0,00;0,00;0,00;0,00;91,24;0,00;51,70;0,00;26,63;0,00;6,00;0,00;11,00;0,00;12,00;0,00
2020-09-13;31,00;15,50;31,00;0,00;93,00;0,00;7,75;186,00;7,75;0,00;0,00;55,80;86,80;62,00;15,50;0,00;286,75;10,33;0,00;62,00;0,00;8,27;6,20;74,40;0,00;0,00;0,00;0,00;31,00;0,00;0,00;93,00;0,00;29,37;0,00;42,42;7,00;0,00;6,00;0,00;0,00;0,00;7,00
2020-09-20;12,00;0,00;0,00;0,00;120,00;0,00;0,00;276,00;0,00;0,00;0,00;102,00;120,00;66,00;0,00;12,00;270,00;12,00;20,00;48,00;28,00;0,00;0,00;80,00;12,00;0,00;0,00;0,00;0,00;0,00;0,00;87,00;24,00;46,50;18,00;36,00;0,00;0,00;0,00;0,00;0,00;0,00;0,00
2020-09-27;13,00;13,00;13,00;0,00;78,00;0,00;0,00;123,50;0,00;6,50;0,00;45,50;104,00;58,50;0,00;13,00;156,00;0,00;13,00;48,75;6,50;0,00;0,00;36,83;15,17;0,00;0,00;0,00;0,00;0,00;0,00;65,00;0,00;42,25;0,00;24,38;0,00;0,00;0,00;0,00;0,00;0,00;0,00
2020-10-04;17,00;17,00;17,00;0,00;51,00;25,50;0,00;153,00;0,00;0,00;0,00;45,33;90,67;76,50;0,00;0,00;144,50;0,00;0,00;34,00;6,80;7,56;7,56;26,44;0,00;0,00;0,00;6,18;0,00;0,00;0,00;31,17;0,00;10,82;0,00;13,91;0,00;7,00;0,00;7,00;0,00;13,00;0,00
2020-10-11;17,00;0,00;0,00;0,00;85,00;0,00;8,50;144,50;0,00;0,00;0,00;28,33;73,67;76,50;17,00;8,50;93,50;6,80;6,80;47,60;0,00;0,00;0,00;19,13;10,63;0,00;0,00;0,00;13,91;0,00;8,50;36,83;0,00;34,00;0,00;29,36;0,00;0,00;17,00;7,00;0,00;6,00;13,00
2020-10-18;13,00;26,00;13,00;0,00;78,00;0,00;0,00;84,50;0,00;6,50;0,00;32,50;84,50;19,50;0,00;0,00;58,50;0,00;0,00;39,00;0,00;0,00;0,00;0,00;8,67;11,38;0,00;0,00;11,38;18,20;0,00;46,80;0,00;6,50;9,75;9,75;9,00;0,00;0,00;0,00;0,00;0,00;10,00
2020-10-25;9,00;9,00;0,00;9,00;72,00;0,00;0,00;126,00;0,00;0,00;0,00;45,00;72,00;54,00;0,00;27,00;90,00;6,00;0,00;39,00;6,00;0,00;9,00;0,00;9,00;31,50;0,00;0,00;33,00;0,00;12,00;39,00;9,00;9,00;0,00;19,50;0,00;0,00;0,00;0,00;0,00;30,00;0,00
2020-11-01;0,00;0,50;0,50;0,00;3,00;1,00;1,00;6,00;1,00;0,00;0,00;4,00;15,00;5,00;0,00;0,00;9,00;0,00;0,00;12,00;0,00;0,00;3,00;3,00;0,00;4,00;0,00;4,00;0,00;0,00;0,00;7,00;0,00;0,00;0,00;0,00;0,00;0,00;15,00;0,00;0,00;0,00;0,00
2020-11-08;0,00;0,50;0,00;0,00;3,00;0,00;0,00;8,00;0,00;0,00;1,00;10,00;9,00;5,00;0,00;1,00;16,00;0,00;6,00;16,00;2,00;0,00;0,00;8,00;4,00;9,00;5,00;7,00;0,00;0,00;0,00;10,00;0,00;9,00;0,00;6,00;0,00;0,00;0,00;0,00;7,00;6,00;0,00
2020-11-15;19,00;9,50;9,50;9,50;57,00;9,50;0,00;95,00;0,00;0,00;0,00;31,67;88,67;38,00;0,00;12,67;57,00;0,00;7,60;83,60;0,00;6,33;0,00;19,00;14,78;0,00;0,00;7,92;0,00;0,00;0,00;29,86;8,14;25,33;0,00;0,00;0,00;0,00;0,00;7,00;0,00;0,00;0,00
2020-11-22;19,00;9,50;0,00;0,00;76,00;0,00;19,00;114,00;0,00;0,00;0,00;25,33;120,33;25,33;0,00;12,67;44,33;11,40;0,00;57,00;0,00;0,00;0,00;12,67;0,00;0,00;0,00;0,00;0,00;0,00;5,43;40,71;0,00;7,92;9,50;11,08;0,00;12,00;0,00;9,00;0,00;14,00;10,00
2020-11-29;0,00;0,50;0,00;0,50;2,00;1,00;0,00;14,00;0,00;0,00;0,00;7,00;18,00;4,00;0,00;3,00;6,00;4,00;0,00;36,00;0,00;0,00;0,00;24,00;19,00;6,00;0,00;0,00;5,00;3,00;4,00;16,00;0,00;4,00;0,00;4,00;0,00;0,00;0,00;0,00;0,00;0,00;0,00
2020-12-06;14,00;0,00;28,00;14,00;28,00;0,00;0,00;98,00;0,00;0,00;0,00;63,00;140,00;42,00;0,00;21,00;91,00;0,00;0,00;126,00;10,50;0,00;8,00;16,00;0,00;0,00;7,78;0,00;0,00;0,00;0,00;47,60;5,60;12,44;6,22;15,56;0,00;0,00;0,00;0,00;0,00;0,00;6,00
2020-12-13;11,00;0,00;0,00;11,00;66,00;0,00;0,00;110,00;0,00;5,50;0,00;27,50;99,00;55,00;0,00;33,00;77,00;0,00;0,00;146,67;0,00;0,00;6,60;8,80;19,80;0,00;0,00;0,00;6,29;33,00;0,00;22,00;0,00;15,71;0,00;20,43;0,00;8,00;0,00;0,00;0,00;7,00;0,00
2020-12-20;15,00;7,50;7,50;0,00;75,00;0,00;0,00;135,00;15,00;0,00;0,00;45,00;187,50;90,00;0,00;52,50;135,00;0,00;0,00;191,25;0,00;0,00;0,00;30,00;13,13;16,50;0,00;0,00;0,00;12,50;0,00;40,00;0,00;13,50;0,00;9,00;0,00;0,00;0,00;0,00;17,00;19,00;10,00
2020-12-27;16,00;16,00;0,00;0,00;80,00;16,00;8,00;176,00;0,00;0,00;0,00;96,00;192,00;104,00;8,00;96,00;176,00;8,00;0,00;168,00;0,00;0,00;6,00;70,00;6,00;0,00;0,00;8,00;0,00;0,00;0,00;56,00;0,00;33,60;0,00;28,80;0,00;0,00;7,00;0,00;0,00;0,00;0,00
2021-01-03;32,00;16,00;16,00;0,00;96,00;0,00;0,00;120,00;0,00;6,40;0,00;134,40;89,60;80,00;8,00;16,00;120,00;0,00;0,00;78,22;0,00;0,00;0,00;26,00;24,00;0,00;7,62;10,67;6,10;0,00;0,00;66,91;8,73;0,00;0,00;16,00;0,00;0,00;0,00;0,00;0,00;8,00;0,00
2021-01-10;28,00;0,00;0,00;0,00;140,00;0,00;0,00;168,00;0,00;7,00;0,00;112,00;140,00;315,00;7,00;21,00;84,00;14,00;0,00;122,50;42,00;0,00;0,00;38,00;14,00;0,00;0,00;7,78;0,00;8,40;0,00;28,00;8,40;35,78;0,00;14,00;0,00;0,00;0,00;10,00;0,00;0,00;8,00
2021-01-17;6,00;6,00;12,00;0,00;36,00;0,00;0,00;102,00;6,00;0,00;0,00;42,00;90,00;186,00;0,00;6,00;102,00;0,00;0,00;300,00;0,00;0,00;0,00;34,00;0,00;0,00;4,50;0,00;0,00;0,00;0,00;60,00;0,00;36,00;0,00;28,00;0,00;0,00;9,00;6,00;0,00;39,00;28,00
2021-01-24;47,00;11,75;11,75;11,75;70,50;0,00;7,83;101,83;0,00;0,00;0,00;70,50;117,50;78,33;0,00;31,33;94,00;7,23;0,00;144,62;0,00;0,00;0,00;30,65;0,00;0,00;0,00;7,58;0,00;0,00;0,00;60,82;0,00;28,20;0,00;21,93;0,00;0,00;0,00;0,00;0,00;0,00;0,00
2021-01-31;75,00;12,50;0,00;12,50;50,00;8,33;0,00;100,00;0,00;0,00;0,00;62,50;93,75;52,50;0,00;7,50;82,50;0,00;7,14;71,43;0,00;0,00;0,00;8,11;32,43;0,00;12,24;0,00;0,00;0,00;0,00;58,33;0,00;14,36;0,00;28,72;5,00;8,00;0,00;0,00;0,00;0,00;0,00
2021-02-07;18,00;0,00;9,00;18,00;54,00;9,00;0,00;117,00;0,00;12,00;0,00;36,00;90,00;72,00;0,00;27,00;162,00;0,00;0,00;111,60;0,00;0,00;0,00;20,00;24,00;0,00;0,00;0,00;15,00;0,00;0,00;23,14;10,29;24,55;0,00;14,73;0,00;0,00;0,00;0,00;0,00;0,00;0,00
2021-02-14;14,00;0,00;0,00;0,00;84,00;7,00;0,00;91,00;0,00;0,00;7,00;56,00;105,00;63,00;7,00;14,00;91,00;0,00;0,00;77,00;17,50;0,00;0,00;0,00;30,00;24,89;14,00;0,00;0,00;0,00;0,00;36,40;0,00;15,56;6,22;17,11;0,00;0,00;0,00;6,00;18,00;0,00;0,00
2021-02-21;21,00;0,00;10,50;10,50;21,00;0,00;7,00;63,00;0,00;0,00;0,00;42,00;133,00;42,00;0,00;7,00;70,00;14,00;0,00;80,50;0,00;0,00;0,00;25,20;6,30;0,00;0,00;0,00;13,50;0,00;0,00;15,75;0,00;16,15;6,46;0,00;10,00;12,00;0,00;0,00;0,00;0,00;0,00
2021-02-28;11,00;11,00;0,00;0,00;66,00;0,00;0,00;253,00;0,00;5,50;0,00;16,50;93,50;33,00;0,00;16,50;44,00;0,00;0,00;91,67;0,00;5,50;0,00;9,17;0,00;0,00;0,00;0,00;6,88;0,00;0,00;19,25;0,00;22,00;0,00;0,00;7,00;0,00;0,00;0,00;0,00;0,00;0,00
2021-03-07;10,00;10,00;20,00;0,00;60,00;0,00;0,00;190,00;0,00;0,00;0,00;30,00;75,00;30,00;0,00;40,00;80,00;3,33;6,67;90,00;0,00;8,00;0,00;26,00;0,00;5,71;0,00;0,00;0,00;0,00;0,00;20,00;0,00;14,29;0,00;0,00;13,00;0,00;5,00;0,00;18,00;0,00;0,00
2021-03-14;0,00;0,50;0,00;0,50;3,00;0,00;0,00;9,00;0,00;0,00;0,00;9,00;15,00;3,00;0,00;3,00;11,00;0,00;0,00;28,00;0,00;0,00;0,00;12,00;3,00;0,00;0,00;0,00;0,00;0,00;0,00;5,00;0,00;6,00;0,00;11,00;5,00;0,00;5,00;0,00;0,00;0,00;0,00
2021-03-21;0,00;0,50;0,50;0,00;2,00;0,00;0,00;6,00;0,00;0,00;2,00;3,00;15,00;5,00;0,00;2,00;5,00;5,00;0,00;20,00;0,00;0,00;0,00;6,00;0,00;0,00;0,00;0,00;0,00;0,00;0,00;0,00;0,00;8,00;0,00;8,00;6,00;12,00;0,00;18,00;0,00;0,00;0,00
2021-03-28;8,00;0,00;0,00;0,00;16,00;0,00;0,00;80,00;0,00;0,00;8,00;32,00;104,00;24,00;0,00;16,00;88,00;0,00;0,00;80,00;0,00;0,00;0,00;0,00;0,00;0,00;0,00;0,00;28,80;0,00;0,00;21,33;0,00;8,00;0,00;0,00;0,00;0,00;0,00;0,00;0,00;0,00;0,00
2021-04-04;0,00;0,00;1,00;0,00;2,00;1,00;2,00;9,00;1,00;0,00;0,00;2,00;13,00;4,00;0,00;5,00;7,00;2,00;0,00;17,00;0,00;0,00;0,00;6,00;4,00;0,00;0,00;0,00;0,00;0,00;0,00;9,00;6,00;6,00;0,00;4,00;0,00;12,00;0,00;16,00;0,00;0,00;0,00
2021-04-11;16,00;8,00;0,00;8,00;32,00;8,00;0,00;32,00;0,00;0,00;16,00;16,00;80,00;40,00;16,00;16,00;48,00;0,00;8,00;60,00;8,00;0,00;6,00;18,00;0,00;11,20;9,60;14,40;0,00;0,00;0,00;13,33;0,00;19,20;0,00;12,80;0,00;0,00;6,00;12,00;8,00;5,00;0,00
2021-04-18;10,00;0,00;0,00;0,00;20,00;0,00;10,00;60,00;0,00;0,00;0,00;10,00;45,00;20,00;0,00;10,00;240,00;0,00;0,00;40,00;6,67;0,00;6,00;42,00;10,00;0,00;16,67;0,00;0,00;10,00;0,00;23,33;0,00;0,00;0,00;0,00;0,00;0,00;7,00;8,00;0,00;10,00;0,00
2021-04-25;10,00;0,00;20,00;0,00;20,00;0,00;30,00;40,00;0,00;5,00;0,00;10,00;60,00;50,00;10,00;30,00;150,00;0,00;0,00;40,00;0,00;20,00;0,00;8,00;0,00;0,00;0,00;0,00;8,57;0,00;0,00;37,50;7,50;35,00;0,00;6,67;10,00;0,00;0,00;0,00;6,00;7,00;0,00
2021-05-02;34,00;17,00;0,00;0,00;34,00;0,00;0,00;59,50;8,50;6,80;0,00;20,40;95,20;34,00;0,00;13,60;88,40;0,00;0,00;34,00;0,00;8,50;8,50;25,50;0,00;0,00;0,00;0,00;6,18;0,00;0,00;17,00;0,00;38,86;0,00;0,00;0,00;0,00;0,00;0,00;0,00;0,00;0,00
2021-05-09;15,00;0,00;7,50;0,00;15,00;7,50;0,00;82,50;0,00;0,00;0,00;37,50;60,00;30,00;0,00;15,00;135,00;0,00;0,00;56,25;0,00;0,00;0,00;21,43;10,71;0,00;0,00;0,00;0,00;0,00;9,00;66,00;0,00;23,33;13,33;21,67;0,00;0,00;0,00;0,00;8,00;0,00;0,00
2021-05-16;34,00;0,00;0,00;0,00;34,00;0,00;0,00;195,50;0,00;0,00;0,00;40,80;74,80;68,00;6,80;6,80;183,60;0,00;0,00;54,40;0,00;0,00;6,00;54,00;10,00;0,00;0,00;0,00;12,36;0,00;0,00;65,17;0,00;32,38;0,00;29,14;0,00;0,00;0,00;0,00;0,00;0,00;16,00
2021-05-23;24,00;0,00;0,00;0,00;48,00;0,00;0,00;200,00;0,00;0,00;0,00;48,00;84,00;88,00;0,00;0,00;232,00;17,14;0,00;72,00;6,86;0,00;0,00;58,00;26,00;0,00;0,00;0,00;18,00;0,00;0,00;58,67;0,00;59,20;0,00;36,80;0,00;14,00;0,00;0,00;12,00;0,00;0,00
2021-05-30;12,00;0,00;12,00;12,00;48,00;0,00;12,00;288,00;0,00;0,00;0,00;30,00;78,00;48,00;6,00;6,00;174,00;0,00;0,00;56,00;0,00;0,00;0,00;60,00;0,00;0,00;0,00;0,00;0,00;9,00;0,00;57,00;0,00;66,86;0,00;30,86;0,00;19,00;0,00;23,00;14,00;0,00;0,00
2021-06-06;16,00;16,00;0,00;0,00;32,00;8,00;0,00;168,00;0,00;0,00;0,00;48,00;192,00;48,00;8,00;24,00;256,00;0,00;8,00;64,00;0,00;0,00;0,00;44,00;0,00;0,00;0,00;0,00;0,00;0,00;8,00;64,00;0,00;75,20;0,00;36,80;0,00;8,00;0,00;0,00;0,00;0,00;0,00
2021-06-13;12,00;0,00;0,00;0,00;48,00;0,00;0,00;252,00;0,00;6,00;0,00;42,00;54,00;60,00;0,00;12,00;180,00;8,00;0,00;60,00;0,00;0,00;0,00;58,00;0,00;0,00;0,00;0,00;0,00;0,00;0,00;66,00;0,00;16,50;0,00;31,50;0,00;0,00;0,00;0,00;0,00;0,00;7,00
2021-06-20;17,00;0,00;17,00;8,50;34,00;8,50;8,50;178,50;8,50;0,00;11,33;68,00;62,33;93,50;0,00;0,00;255,00;0,00;6,80;54,40;0,00;0,00;0,00;56,67;0,00;9,27;0,00;0,00;0,00;0,00;8,50;76,50;0,00;26,27;0,00;9,27;27,00;0,00;10,00;0,00;0,00;0,00;0,00
2021-06-27;13,00;0,00;26,00;13,00;78,00;0,00;0,00;175,50;0,00;0,00;13,00;71,50;97,50;45,50;0,00;0,00;195,00;9,75;6,50;61,75;19,50;0,00;0,00;66,86;0,00;0,00;0,00;0,00;0,00;0,00;0,00;70,20;7,80;46,22;7,22;14,44;0,00;10,00;0,00;10,00;0,00;0,00;0,00
2021-07-04;20,00;0,00;20,00;10,00;40,00;20,00;0,00;310,00;20,00;6,67;13,33;86,67;86,67;100,00;6,67;6,67;273,33;8,00;0,00;40,00;16,00;0,00;10,00;58,00;0,00;0,00;0,00;0,00;0,00;0,00;0,00;82,86;0,00;48,33;0,00;51,67;16,00;12,00;0,00;0,00;21,00;0,00;0,00
2021-07-11;25,00;0,00;25,00;0,00;100,00;0,00;0,00;333,33;0,00;6,25;0,00;100,00;118,75;100,00;0,00;16,67;391,67;7,14;7,14;64,29;0,00;0,00;0,00;87,50;0,00;0,00;0,00;0,00;0,00;0,00;0,00;80,56;0,00;57,81;10,94;57,81;0,00;0,00;0,00;0,00;0,00;0,00;0,00
2021-07-18;38,00;0,00;38,00;19,00;152,00;0,00;0,00;427,50;0,00;0,00;0,00;95,00;101,33;129,20;0,00;15,20;319,20;0,00;6,91;48,36;0,00;8,00;0,00;104,00;0,00;0,00;0,00;9,12;0,00;0,00;0,00;78,92;0,00;55,42;0,00;60,17;0,00;8,00;14,00;17,00;0,00;0,00;0,00
2021-07-25;32,00;0,00;16,00;32,00;96,00;0,00;0,00;320,00;0,00;12,80;0,00;121,60;172,80;160,00;0,00;0,00;344,00;0,00;7,11;64,00;14,22;0,00;0,00;78,00;6,00;0,00;0,00;0,00;0,00;0,00;0,00;69,82;0,00;49,60;8,00;65,60;0,00;0,00;0,00;0,00;11,00;0,00;0,00
2021-08-01;36,00;18,00;18,00;0,00;144,00;9,00;0,00;414,00;0,00;0,00;0,00;102,00;114,00;115,20;0,00;7,20;381,60;7,20;0,00;108,00;7,20;20,00;0,00;130,00;0,00;0,00;0,00;0,00;0,00;0,00;16,62;102,46;8,31;45,39;0,00;26,61;0,00;0,00;0,00;0,00;8,00;0,00;0,00
2021-08-08;41,00;0,00;41,00;0,00;164,00;8,20;16,40;311,60;8,20;0,00;0,00;157,17;129,83;150,33;13,67;6,83;328,00;0,00;11,18;70,82;0,00;0,00;0,00;84,05;16,40;0,00;0,00;6,07;0,00;0,00;13,67;120,27;0,00;53,62;0,00;56,77;0,00;14,00;9,00;0,00;0,00;0,00;0,00
2021-08-15;41,00;0,00;41,00;41,00;164,00;0,00;0,00;344,40;0,00;0,00;11,71;76,14;93,71;116,17;0,00;6,83;314,33;0,00;0,00;99,08;0,00;0,00;0,00;120,95;6,15;0,00;0,00;0,00;7,59;10,93;0,00;103,87;8,20;67,81;28,38;41,00;8,00;8,00;0,00;0,00;8,00;0,00;0,00
2021-08-22;19,00;0,00;0,00;0,00;76,00;0,00;19,00;323,00;0,00;0,00;0,00;101,33;126,67;101,33;0,00;0,00;247,00;0,00;11,40;79,80;0,00;0,00;0,00;73,89;0,00;0,00;0,00;26,92;0,00;0,00;8,14;84,14;0,00;38,00;0,00;28,50;0,00;0,00;0,00;0,00;9,00;0,00;13,00
2021-08-29;43,00;21,50;43,00;21,50;215,00;0,00;0,00;318,20;0,00;12,29;0,00;79,86;73,71;100,33;0,00;14,33;322,50;0,00;0,00;68,08;0,00;0,00;0,00;124,90;0,00;0,00;0,00;0,00;0,00;0,00;0,00;51,60;0,00;89,19;23,89;17,52;0,00;0,00;0,00;0,00;0,00;0,00;0,00
2021-09-05;37,00;0,00;18,50;0,00;111,00;9,25;0,00;286,75;0,00;0,00;0,00;86,33;80,17;96,20;14,80;0,00;229,40;7,40;0,00;66,60;0,00;0,00;0,00;63,72;0,00;0,00;8,88;7,40;0,00;0,00;0,00;68,31;8,54;46,25;0,00;26,21;0,00;0,00;7,00;8,00;0,00;7,00;6,00
2021-09-12;45,00;0,00;0,00;0,00;90,00;0,00;0,00;261,00;0,00;0,00;0,00;70,71;57,86;52,50;0,00;22,50;247,50;0,00;17,31;62,31;0,00;0,00;0,00;94,09;0,00;0,00;7,50;0,00;0,00;0,00;0,00;87,19;0,00;38,57;8,04;33,75;0,00;19,00;11,00;0,00;0,00;8,00;0,00
2021-09-19;7,00;0,00;14,00;0,00;42,00;0,00;0,00;147,00;0,00;21,00;0,00;70,00;77,00;91,00;0,00;0,00;231,00;0,00;0,00;45,50;0,00;0,00;0,00;36,75;10,50;0,00;0,00;7,00;0,00;0,00;0,00;72,33;0,00;70,00;0,00;21,00;0,00;0,00;0,00;0,00;0,00;0,00;0,00
2021-09-26;7,00;0,00;0,00;0,00;42,00;7,00;14,00;168,00;0,00;0,00;0,00;42,00;91,00;70,00;0,00;0,00;259,00;0,00;14,00;63,00;0,00;0,00;0,00;88,67;0,00;0,00;8,40;0,00;5,60;0,00;0,00;112,00;0,00;47,25;0,00;36,75;19,00;11,00;8,00;8,00;15,00;0,00;0,00
2021-10-03;14,00;0,00;0,00;0,00;112,00;0,00;0,00;161,00;0,00;21,00;0,00;70,00;133,00;98,00;0,00;0,00;224,00;0,00;0,00;80,50;0,00;0,00;8,00;52,00;0,00;0,00;0,00;0,00;0,00;8,40;0,00;67,20;8,40;40,44;0,00;26,44;10,00;10,00;0,00;0,00;0,00;9,00;0,00
2021-10-10;8,00;8,00;8,00;8,00;64,00;0,00;0,00;144,00;0,00;8,00;0,00;88,00;136,00;88,00;8,00;0,00;320,00;0,00;0,00;72,00;0,00;6,00;10,00;86,00;0,00;0,00;0,00;0,00;0,00;10,67;0,00;82,67;0,00;48,00;14,40;27,20;0,00;0,00;6,00;12,00;0,00;0,00;0,00
2021-10-17;14,00;28,00;14,00;0,00;168,00;0,00;0,00;161,00;0,00;21,00;0,00;56,00;112,00;112,00;0,00;14,00;217,00;0,00;17,50;70,00;0,00;0,00;0,00;48,00;14,00;0,00;0,00;0,00;10,89;0,00;16,80;114,80;0,00;18,67;0,00;38,89;0,00;28,00;12,00;9,00;0,00;0,00;0,00
2021-10-24;18,00;18,00;18,00;0,00;108,00;18,00;9,00;180,00;0,00;0,00;0,00;66,00;60,00;126,00;0,00;9,00;243,00;7,20;0,00;79,20;0,00;0,00;0,00;26,00;8,00;0,00;0,00;0,00;0,00;0,00;0,00;63,00;0,00;50,73;0,00;18,00;0,00;0,00;0,00;10,00;0,00;0,00;0,00
2021-10-31;28,00;28,00;0,00;0,00;196,00;9,33;0,00;289,33;0,00;0,00;28,00;84,00;210,00;119,00;0,00;14,00;210,00;0,00;0,00;129,50;0,00;12,00;0,00;44,00;6,00;0,00;12,44;0,00;0,00;0,00;8,40;72,80;8,40;51,33;0,00;34,22;0,00;9,00;0,00;0,00;0,00;7,00;0,00
2021-11-07;18,00;9,00;0,00;0,00;108,00;0,00;9,00;234,00;9,00;0,00;0,00;72,00;102,00;126,00;0,00;36,00;333,00;0,00;0,00;93,60;7,20;0,00;20,00;46,00;28,00;0,00;0,00;0,00;0,00;0,00;0,00;90,00;0,00;49,09;0,00;9,82;0,00;14,00;0,00;18,00;30,00;0,00;0,00
2021-11-14;15,00;15,00;0,00;0,00;135,00;15,00;0,00;127,50;0,00;7,50;0,00;105,00;135,00;90,00;0,00;22,50;172,50;0,00;0,00;108,75;0,00;0,00;0,00;34,29;25,71;0,00;0,00;25,50;9,00;0,00;15,00;42,00;0,00;15,00;0,00;6,00;0,00;6,00;0,00;0,00;0,00;0,00;0,00
2021-11-21;19,00;9,50;0,00;19,00;95,00;9,50;0,00;142,50;0,00;6,33;0,00;38,00;164,67;38,00;0,00;12,67;76,00;0,00;15,20;102,60;11,40;0,00;0,00;29,56;27,44;0,00;0,00;0,00;0,00;0,00;0,00;35,29;0,00;19,00;0,00;20,58;0,00;0,00;0,00;0,00;0,00;0,00;0,00
2021-11-28;23,00;23,00;23,00;11,50;115,00;0,00;15,33;130,33;0,00;28,75;0,00;46,00;126,50;84,33;0,00;7,67;130,33;0,00;7,67;111,17;0,00;0,00;8,36;14,64;25,09;0,00;0,00;12,27;0,00;0,00;14,38;57,50;0,00;36,14;0,00;8,21;9,00;0,00;0,00;0,00;0,00;0,00;0,00
2021-12-05;38,00;38,00;38,00;0,00;266,00;0,00;0,00;266,00;0,00;0,00;19,00;126,67;107,67;83,60;0,00;45,60;174,80;0,00;0,00;165,82;0,00;0,00;8,00;52,00;26,00;0,00;0,00;0,00;9,12;5,43;8,14;103,14;0,00;45,92;0,00;15,83;0,00;0,00;7,00;0,00;0,00;0,00;13,00
2021-12-12;26,00;26,00;26,00;0,00;286,00;0,00;0,00;338,00;0,00;0,00;19,50;227,50;104,00;123,50;0,00;19,50;292,50;0,00;0,00;189,43;14,86;10,00;8,00;84,00;28,00;0,00;0,00;0,00;10,71;20,22;8,67;127,11;0,00;81,06;0,00;50,47;14,00;7,00;0,00;0,00;0,00;13,00;0,00
2021-12-19;56,00;14,00;28,00;0,00;336,00;24,00;0,00;376,00;0,00;0,00;0,00;192,89;99,56;252,00;0,00;14,00;266,00;0,00;0,00;266,00;0,00;0,00;8,00;96,00;30,00;0,00;0,00;0,00;0,00;19,60;0,00;162,40;0,00;75,20;32,00;36,80;11,00;0,00;0,00;15,00;0,00;0,00;0,00
2021-12-26;71,00;0,00;17,75;17,75;674,50;26,63;26,63;807,63;26,63;0,00;6,45;329,18;193,64;362,10;0,00;49,70;525,40;17,75;17,75;227,20;10,65;0,00;14,20;150,11;64,91;0,00;0,00;0,00;0,00;8,52;0,00;264,12;0,00;105,71;0,00;72,58;0,00;10,00;34,00;0,00;0,00;0,00;0,00
2022-01-02;53,00;26,50;26,50;13,25;477,00;8,83;0,00;768,50;26,50;0,00;19,88;284,88;192,13;446,71;0,00;30,29;583,00;7,07;10,60;176,67;0,00;0,00;14,27;203,85;50,96;0,00;22,71;19,69;13,63;16,74;16,74;278,95;0,00;97,97;0,00;106,00;0,00;23,00;0,00;0,00;0,00;0,00;0,00
2022-01-09;11,00;22,00;11,00;11,00;286,00;0,00;0,00;748,00;0,00;11,00;0,00;247,50;126,50;280,50;0,00;44,00;297,00;0,00;0,00;84,33;7,33;15,40;8,80;79,20;35,20;0,00;0,00;0,00;0,00;5,50;0,00;115,50;11,00;102,14;0,00;64,43;0,00;12,00;0,00;0,00;0,00;0,00;0,00
2022-01-16;37,00;37,00;18,50;18,50;333,00;0,00;0,00;527,25;18,50;0,00;37,00;191,17;148,00;222,00;7,40;37,00;340,40;7,40;7,40;129,50;0,00;0,00;0,00;86,33;39,06;10,79;9,25;0,00;23,13;0,00;8,54;222,00;0,00;104,57;0,00;72,39;19,00;0,00;0,00;0,00;0,00;0,00;14,00
2022-01-23;38,00;19,00;19,00;19,00;342,00;0,00;9,50;484,50;9,50;19,00;0,00;171,00;145,67;167,20;22,80;22,80;334,40;0,00;0,00;124,36;0,00;0,00;0,00;82,00;18,00;7,60;0,00;6,08;21,28;0,00;5,85;216,31;0,00;96,58;0,00;64,92;0,00;7,00;0,00;0,00;0,00;0,00;0,00
2022-01-30;22,00;22,00;22,00;11,00;220,00;0,00;0,00;462,00;0,00;0,00;0,00;227,33;146,67;198,00;7,33;7,33;388,67;7,33;11,00;154,00;0,00;0,00;8,00;98,00;40,00;0,00;0,00;0,00;0,00;0,00;0,00;189,75;0,00;86,43;0,00;69,14;0,00;12,00;0,00;11,00;0,00;0,00;0,00
2022-02-06;32,00;32,00;32,00;32,00;352,00;8,00;16,00;496,00;8,00;12,80;0,00;211,20;134,40;208,00;0,00;16,00;416,00;14,22;0,00;128,00;0,00;0,00;14,00;82,00;22,00;0,00;0,00;0,00;21,33;17,45;8,73;174,55;0,00;89,60;11,20;86,40;0,00;8,00;0,00;0,00;0,00;0,00;0,00
2022-02-13;23,00;23,00;11,50;11,50;207,00;15,33;0,00;406,33;7,67;5,75;0,00;189,75;115,00;184,00;0,00;38,33;383,33;19,17;15,33;111,17;0,00;0,00;8,36;125,45;31,36;0,00;0,00;0,00;0,00;5,75;0,00;181,13;5,75;50,60;0,00;58,27;0,00;0,00;0,00;0,00;0,00;0,00;0,00
2022-02-20;27,00;13,50;13,50;13,50;243,00;9,00;0,00;414,00;9,00;0,00;0,00;195,75;168,75;155,25;0,00;27,00;290,25;10,13;0,00;104,63;0,00;0,00;8,31;93,46;20,77;13,50;0,00;0,00;6,00;0,00;0,00;137,70;0,00;85,76;0,00;49,24;9,00;13,00;7,00;26,00;0,00;0,00;0,00
2022-02-27;23,00;11,50;23,00;11,50;207,00;7,67;0,00;360,33;15,33;5,75;5,75;161,00;109,25;161,00;0,00;15,33;299,00;6,57;0,00;95,29;0,00;10,45;0,00;79,45;31,36;0,00;0,00;0,00;18,40;11,50;14,38;103,50;0,00;42,93;0,00;33,73;13,00;0,00;0,00;0,00;0,00;0,00;0,00
2022-03-06;50,00;12,50;25,00;25,00;200,00;8,33;0,00;300,00;8,33;12,50;0,00;143,75;106,25;192,86;0,00;14,29;314,29;0,00;0,00;103,57;0,00;6,00;12,00;44,00;18,00;0,00;0,00;9,09;21,21;5,56;8,33;105,56;0,00;45,31;0,00;48,44;0,00;0,00;0,00;0,00;0,00;6,00;0,00
2022-03-13;36,00;18,00;18,00;36,00;288,00;0,00;0,00;270,00;18,00;6,00;18,00;162,00;84,00;93,60;0,00;7,20;295,20;0,00;18,00;144,00;3,60;10,00;32,00;68,00;0,00;0,00;0,00;0,00;25,50;5,54;0,00;83,08;0,00;45,39;10,96;23,48;0,00;0,00;0,00;0,00;0,00;0,00;0,00
2022-03-20;37,00;18,50;37,00;0,00;296,00;0,00;0,00;212,75;9,25;6,17;6,17;104,83;92,50;81,40;0,00;29,60;162,80;0,00;7,40;62,90;0,00;0,00;6,17;53,44;10,28;0,00;0,00;0,00;57,04;0,00;0,00;93,92;0,00;28,96;0,00;33,78;0,00;0,00;0,00;0,00;0,00;0,00;6,00
2022-03-27;23,00;11,50;11,50;11,50;115,00;15,33;7,67;168,67;7,67;0,00;0,00;74,75;80,50;122,67;7,67;23,00;222,33;0,00;0,00;57,50;3,83;0,00;0,00;43,91;0,00;9,20;0,00;0,00;13,80;11,50;0,00;80,50;0,00;27,93;0,00;19,71;0,00;9,00;20,00;0,00;6,00;0,00;0,00
2022-04-03;41,00;41,00;20,50;0,00;246,00;0,00;0,00;147,60;16,40;0,00;0,00;95,67;123,00;73,80;0,00;8,20;221,40;0,00;0,00;67,09;7,45;0,00;8,20;84,05;10,25;0,00;0,00;0,00;0,00;0,00;0,00;65,60;0,00;37,85;0,00;25,23;0,00;5,00;12,00;6,00;11,00;0,00;0,00
2022-04-10;33,00;0,00;16,50;0,00;198,00;0,00;8,25;99,00;8,25;0,00;6,60;105,60;99,00;59,40;0,00;6,60;178,20;0,00;0,00;77,00;11,00;0,00;0,00;51,56;8,25;0,00;0,00;0,00;9,00;5,50;13,75;49,50;0,00;26,71;0,00;18,86;5,00;9,00;0,00;0,00;0,00;0,00;15,00
2022-04-17;30,00;15,00;15,00;15,00;90,00;0,00;7,50;75,00;0,00;0,00;0,00;36,00;84,00;67,50;0,00;7,50;180,00;0,00;0,00;48,75;0,00;0,00;10,00;56,00;14,00;0,00;0,00;0,00;0,00;0,00;0,00;49,09;21,82;52,11;6,32;25,26;7,00;0,00;0,00;0,00;0,00;0,00;0,00
2022-04-24;20,00;0,00;0,00;0,00;80,00;0,00;0,00;120,00;0,00;0,00;0,00;40,00;100,00;40,00;0,00;13,33;106,67;0,00;0,00;43,33;0,00;0,00;0,00;38,00;0,00;9,23;0,00;9,23;0,00;0,00;0,00;60,00;0,00;41,54;0,00;16,92;0,00;6,00;15,00;0,00;0,00;0,00;6,00
2022-05-01;22,00;0,00;0,00;0,00;44,00;0,00;0,00;73,33;0,00;0,00;0,00;27,50;60,50;44,00;0,00;0,00;117,33;0,00;0,00;36,67;3,67;0,00;0,00;22,00;0,00;0,00;0,00;0,00;0,00;8,25;0,00;33,00;0,00;11,00;0,00;20,43;0,00;7,00;0,00;9,00;0,00;0,00;0,00
2022-05-08;31,00;0,00;0,00;31,00;62,00;0,00;0,00;77,50;0,00;0,00;0,00;31,00;99,20;54,25;0,00;15,50;147,25;0,00;13,78;58,56;0,00;0,00;0,00;33,07;0,00;0,00;0,00;0,00;4,65;0,00;0,00;28,18;0,00;22,84;0,00;17,95;9,00;6,00;5,00;0,00;13,00;0,00;0,00
2022-05-15;25,00;0,00;12,50;0,00;25,00;8,33;0,00;108,33;0,00;0,00;0,00;25,00;62,50;41,67;0,00;8,33;158,33;0,00;0,00;46,43;0,00;0,00;0,00;41,67;10,42;0,00;6,25;0,00;0,00;0,00;0,00;41,67;0,00;46,88;0,00;20,31;0,00;8,00;0,00;0,00;0,00;0,00;0,00
2022-05-22;27,00;0,00;13,50;13,50;54,00;9,00;9,00;198,00;18,00;0,00;0,00;33,75;67,50;47,25;0,00;0,00;168,75;0,00;0,00;50,14;0,00;0,00;0,00;47,77;18,69;9,53;36,53;0,00;0,00;0,00;0,00;78,00;9,00;36,53;0,00;23,82;0,00;0,00;0,00;0,00;0,00;33,00;0,00
2022-05-29;24,00;0,00;0,00;0,00;48,00;0,00;0,00;168,00;0,00;6,00;0,00;48,00;54,00;72,00;8,00;16,00;224,00;0,00;0,00;65,14;10,29;0,00;0,00;64,00;0,00;0,00;33,00;0,00;0,00;0,00;0,00;69,33;0,00;70,40;0,00;24,00;0,00;0,00;0,00;8,00;0,00;7,00;0,00
2022-06-05;30,00;15,00;15,00;15,00;30,00;0,00;0,00;172,50;0,00;0,00;0,00;42,00;84,00;67,50;0,00;15,00;195,00;7,50;18,75;52,50;0,00;6,00;10,00;64,00;0,00;0,00;0,00;0,00;0,00;0,00;0,00;51,82;0,00;58,42;0,00;37,89;0,00;8,00;13,00;0,00;0,00;0,00;0,00
2022-06-12;26,00;0,00;0,00;13,00;26,00;0,00;43,33;225,33;0,00;0,00;13,00;71,50;58,50;65,00;0,00;0,00;195,00;0,00;0,00;70,57;11,14;0,00;0,00;76,00;0,00;0,00;0,00;0,00;0,00;0,00;0,00;63,56;0,00;30,59;13,76;12,24;0,00;0,00;9,00;0,00;0,00;0,00;0,00
2022-06-19;27,00;0,00;13,50;0,00;27,00;0,00;0,00;198,00;0,00;0,00;6,75;20,25;94,50;87,75;0,00;13,50;209,25;0,00;6,75;54,00;0,00;0,00;0,00;68,54;8,31;0,00;0,00;0,00;16,50;8,10;0,00;45,90;0,00;34,94;0,00;12,71;0,00;0,00;0,00;0,00;0,00;0,00;0,00
2022-06-26;27,00;0,00;27,00;0,00;54,00;0,00;0,00;189,00;0,00;0,00;13,50;74,25;67,50;60,75;0,00;6,75;162,00;0,00;6,75;57,38;10,13;0,00;0,00;68,54;0,00;0,00;0,00;0,00;0,00;0,00;0,00;51,30;0,00;54,00;7,94;15,88;6,00;9,00;8,00;10,00;11,00;0,00;0,00
2022-07-03;26,00;0,00;26,00;0,00;52,00;0,00;0,00;199,33;17,33;0,00;0,00;65,00;71,50;86,67;8,67;17,33;277,33;7,43;0,00;92,86;0,00;0,00;0,00;82,00;8,00;0,00;21,41;0,00;0,00;0,00;0,00;69,33;0,00;61,75;0,00;27,63;0,00;0,00;9,00;0,00;0,00;0,00;8,00
2022-07-10;21,00;0,00;252,00;10,50;63,00;0,00;0,00;273,00;0,00;7,00;0,00;84,00;105,00;84,00;0,00;7,00;182,00;21,00;7,00;73,50;10,50;0,00;39,90;37,80;0,00;0,00;0,00;6,00;0,00;0,00;21,00;66,00;0,00;42,00;0,00;9,69;0,00;0,00;0,00;0,00;0,00;0,00;17,00
2022-07-17;31,00;31,00;62,00;15,50;93,00;0,00;0,00;232,50;0,00;0,00;6,20;68,20;80,60;108,50;7,75;23,25;255,75;13,78;0,00;55,11;0,00;0,00;0,00;86,80;0,00;0,00;0,00;0,00;0,00;0,00;8,45;73,27;0,00;40,79;17,95;34,26;0,00;0,00;0,00;0,00;0,00;0,00;12,00
2022-07-24;43,00;0,00;43,00;0,00;86,00;0,00;0,00;275,20;17,20;24,57;12,29;104,43;116,71;107,50;0,00;14,33;250,83;0,00;14,33;78,83;0,00;0,00;0,00;79,86;0,00;0,00;0,00;0,00;0,00;0,00;0,00;91,38;8,06;108,30;0,00;25,48;0,00;0,00;0,00;0,00;0,00;0,00;0,00
2022-07-31;43,00;0,00;21,50;0,00;172,00;0,00;0,00;301,00;0,00;0,00;24,57;116,71;110,57;100,33;0,00;14,33;293,83;0,00;10,75;46,58;0,00;6,14;6,14;96,24;0,00;0,00;0,00;0,00;0,00;5,73;0,00;65,93;0,00;60,52;11,15;9,56;0,00;0,00;8,00;17,00;0,00;0,00;0,00
2022-08-07;39,00;0,00;39,00;19,50;156,00;0,00;7,80;319,80;0,00;0,00;0,00;78,00;130,00;124,80;0,00;0,00;319,80;10,64;10,64;53,18;24,82;0,00;14,37;94,42;0,00;0,00;0,00;7,50;13,50;0,00;0,00;105,86;0,00;53,04;0,00;49,92;7,00;0,00;0,00;0,00;0,00;0,00;0,00
2022-08-14;44,00;0,00;11,00;11,00;88,00;0,00;17,60;290,40;0,00;0,00;0,00;88,00;138,29;110,00;0,00;22,00;337,33;22,00;0,00;91,67;14,67;0,00;0,00;82,00;16,00;0,00;0,00;0,00;0,00;8,25;0,00;104,50;0,00;69,14;0,00;25,14;0,00;7,00;0,00;0,00;0,00;0,00;0,00
2022-08-21;25,00;12,50;0,00;12,50;75,00;0,00;8,33;275,00;0,00;0,00;6,25;112,50;93,75;91,67;0,00;16,67;325,00;0,00;0,00;82,14;21,43;0,00;0,00;69,23;0,00;0,00;0,00;0,00;0,00;0,00;5,56;77,78;0,00;31,25;0,00;34,38;0,00;0,00;0,00;17,00;0,00;0,00;0,00
2022-08-28;44,00;22,00;0,00;22,00;132,00;0,00;8,80;264,00;17,60;0,00;0,00;69,14;81,71;117,33;0,00;7,33;227,33;0,00;0,00;58,67;29,33;0,00;0,00;88,00;0,00;7,59;0,00;10,62;0,00;0,00;22,00;66,00;0,00;52,15;0,00;60,30;0,00;6,00;0,00;0,00;0,00;0,00;8,00
2022-09-04;40,00;40,00;20,00;0,00;120,00;0,00;0,00;200,00;8,00;0,00;0,00;73,33;100,00;80,00;0,00;0,00;208,00;0,00;7,27;83,64;0,00;0,00;6,00;62,00;18,00;0,00;0,00;0,00;0,00;5,71;20,00;48,57;0,00;41,60;0,00;27,20;0,00;6,00;0,00;0,00;0,00;0,00;0,00
2022-09-11;29,00;14,50;0,00;0,00;87,00;0,00;9,67;222,33;9,67;0,00;5,80;69,60;69,60;65,25;0,00;0,00;261,00;0,00;0,00;65,25;0,00;0,00;0,00;70,43;0,00;0,00;0,00;6,11;0,00;11,60;0,00;63,80;0,00;74,11;0,00;24,17;0,00;0,00;0,00;0,00;0,00;23,00;0,00
2022-09-18;27,00;0,00;27,00;13,50;108,00;0,00;18,00;207,00;9,00;0,00;0,00;101,25;67,50;54,00;6,75;6,75;195,75;0,00;0,00;64,13;13,50;0,00;0,00;95,54;18,69;7,50;0,00;0,00;28,50;0,00;0,00;81,00;8,10;66,71;0,00;36,53;0,00;14,00;0,00;0,00;0,00;15,00;0,00
2022-09-25;18,00;0,00;9,00;9,00;72,00;18,00;9,00;207,00;9,00;0,00;0,00;48,00;84,00;99,00;0,00;9,00;252,00;0,00;0,00;57,60;0,00;0,00;0,00;72,00;14,00;13,50;0,00;0,00;9,00;0,00;0,00;43,71;0,00;36,00;0,00;10,50;0,00;12,00;0,00;0,00;0,00;0,00;0,00
2022-10-02;29,00;0,00;14,50;0,00;116,00;0,00;0,00;212,67;9,67;23,20;0,00;34,80;69,60;79,75;7,25;0,00;232,00;0,00;0,00;54,38;0,00;22,79;0,00;62,14;8,29;0,00;0,00;0,00;19,84;0,00;0,00;95,70;0,00;59,61;0,00;27,39;0,00;0,00;0,00;0,00;0,00;0,00;0,00
2022-10-09;26,00;13,00;13,00;0,00;78,00;0,00;0,00;182,00;0,00;13,00;6,50;71,50;58,50;104,00;0,00;17,33;216,67;0,00;0,00;55,71;0,00;0,00;8,00;40,00;12,00;0,00;0,00;7,65;0,00;11,56;0,00;75,11;0,00;27,63;0,00;13,00;12,00;0,00;6,00;11,00;11,00;0,00;8,00
2022-10-16;18,00;9,00;0,00;9,00;90,00;18,00;0,00;189,00;0,00;0,00;12,00;54,00;72,00;90,00;0,00;18,00;243,00;0,00;0,00;32,40;0,00;0,00;24,00;54,00;14,00;0,00;9,00;0,00;10,50;0,00;0,00;90,00;0,00;34,50;0,00;7,50;0,00;0,00;0,00;7,00;0,00;0,00;0,00
2022-10-23;28,00;28,00;14,00;14,00;140,00;9,33;0,00;186,67;9,33;0,00;0,00;84,00;91,00;56,00;14,00;7,00;203,00;0,00;0,00;56,00;0,00;0,00;16,00;48,00;0,00;0,00;0,00;0,00;9,33;0,00;0,00;89,60;0,00;34,22;0,00;15,56;0,00;6,00;0,00;7,00;0,00;0,00;7,00
2022-10-30;33,00;16,50;16,50;16,50;165,00;8,25;0,00;156,75;8,25;0,00;0,00;118,80;79,20;74,25;0,00;0,00;255,75;0,00;7,33;73,33;7,33;0,00;6,19;51,56;0,00;0,00;0,00;10,50;0,00;0,00;0,00;90,75;0,00;50,29;0,00;29,86;0,00;0,00;0,00;0,00;0,00;0,00;0,00
2022-11-06;25,00;12,50;12,50;0,00;150,00;0,00;0,00;200,00;0,00;0,00;6,25;93,75;81,25;108,33;0,00;8,33;208,33;0,00;0,00;46,43;7,14;0,00;0,00;35,42;0,00;0,00;10,94;9,38;0,00;0,00;0,00;41,67;0,00;48,44;14,06;21,88;0,00;0,00;0,00;11,00;9,00;0,00;0,00
2022-11-13;41,00;41,00;0,00;0,00;287,00;0,00;0,00;229,60;8,20;0,00;0,00;76,14;99,57;88,83;6,83;13,67;184,50;10,25;0,00;102,50;0,00;0,00;0,00;51,25;12,30;0,00;0,00;0,00;22,78;5,47;0,00;109,33;0,00;67,81;0,00;20,50;0,00;16,00;0,00;0,00;0,00;30,00;0,00
2022-11-20;35,00;0,00;0,00;0,00;280,00;8,75;8,75;236,25;0,00;11,67;0,00;110,83;105,00;98,00;7,00;14,00;161,00;7,00;0,00;84,00;7,00;0,00;0,00;74,12;20,59;0,00;0,00;0,00;7,61;0,00;11,67;67,08;0,00;42,95;0,00;31,82;13,00;0,00;0,00;0,00;0,00;7,00;5,00
2022-11-27;27,00;27,00;27,00;0,00;243,00;9,00;0,00;342,00;0,00;0,00;0,00;135,00;87,75;121,50;0,00;27,00;216,00;0,00;0,00;108,00;0,00;0,00;16,62;68,54;12,46;0,00;0,00;0,00;0,00;5,40;0,00;108,00;0,00;34,94;0,00;12,71;0,00;0,00;0,00;0,00;0,00;0,00;5,00
2022-12-04;21,00;42,00;0,00;21,00;210,00;14,00;7,00;329,00;0,00;14,00;0,00;203,00;119,00;168,00;0,00;14,00;224,00;0,00;0,00;161,00;0,00;16,80;0,00;54,60;21,00;19,50;0,00;0,00;10,50;5,25;0,00;131,25;0,00;45,23;0,00;27,46;0,00;0,00;7,00;0,00;7,00;16,00;0,00
2022-12-11;32,00;32,00;16,00;16,00;352,00;8,00;8,00;440,00;0,00;12,80;6,40;172,80;134,40;200,00;0,00;0,00;312,00;0,00;0,00;149,33;0,00;0,00;0,00;94,00;24,00;0,00;0,00;6,10;0,00;0,00;0,00;141,33;0,00;97,52;0,00;53,33;14,00;0,00;0,00;0,00;0,00;0,00;0,00
2022-12-18;46,00;23,00;11,50;11,50;230,00;9,20;9,20;506,00;0,00;13,14;6,57;203,71;118,29;253,00;7,67;23,00;268,33;0,00;7,08;162,77;0,00;14,00;8,00;52,00;18,00;0,00;0,00;0,00;6,13;16,24;0,00;162,35;13,53;84,07;12,69;72,97;0,00;18,00;0,00;0,00;0,00;0,00;0,00
2022-12-25;65,00;32,50;32,50;32,50;487,50;16,25;8,13;715,00;16,25;19,50;13,00;370,50;195,00;310,56;0,00;43,33;520,00;10,83;14,44;173,33;0,00;0,00;8,13;125,94;40,63;22,67;0,00;7,56;16,63;8,48;0,00;223,26;0,00;158,54;22,20;117,32;0,00;14,00;0,00;0,00;0,00;0,00;0,00
2023-01-01;41,00;41,00;41,00;20,50;615,00;24,60;0,00;729,80;16,40;29,29;29,29;275,29;146,43;321,17;0,00;20,50;451,00;13,67;6,83;167,42;0,00;0,00;8,20;112,75;30,75;0,00;9,11;0,00;28,85;8,20;10,93;218,67;5,47;143,50;0,00;88,31;0,00;15,00;0,00;0,00;0,00;0,00;0,00
2023-01-08;37,00;37,00;37,00;0,00;629,00;27,75;0,00;795,50;27,75;24,67;18,50;289,83;135,67;458,80;0,00;14,80;407,00;0,00;11,10;133,20;0,00;0,00;6,17;160,33;24,67;0,00;7,40;0,00;17,76;14,23;0,00;167,92;0,00;98,67;9,25;58,58;0,00;8,00;0,00;0,00;0,00;0,00;0,00
2023-01-15;34,00;17,00;17,00;17,00;442,00;8,50;8,50;646,00;0,00;0,00;13,60;272,00;149,60;278,80;6,80;13,60;353,60;0,00;6,80;146,20;0,00;0,00;10,00;90,00;8,00;0,00;13,91;0,00;9,27;0,00;0,00;223,83;0,00;106,64;17,00;63,36;0,00;10,00;10,00;12,00;0,00;0,00;0,00
2023-01-22;29,00;14,50;29,00;0,00;290,00;0,00;0,00;686,33;9,67;0,00;11,60;220,40;92,80;253,75;0,00;14,50;413,25;14,50;0,00;141,38;0,00;0,00;0,00;120,14;12,43;0,00;0,00;0,00;0,00;8,70;0,00;258,10;0,00;111,17;0,00;77,33;6,00;9,00;0,00;0,00;0,00;0,00;0,00
2023-01-29;100,00;16,67;33,33;0,00;366,67;16,67;0,00;550,00;0,00;25,00;0,00;187,50;62,50;228,57;14,29;14,29;342,86;0,00;7,14;135,71;0,00;0,00;20,41;102,04;20,41;10,61;0,00;0,00;12,12;0,00;0,00;200,00;0,00;80,95;0,00;57,14;12,00;21,00;0,00;0,00;6,00;0,00;0,00
2023-02-05;38,00;19,00;19,00;38,00;342,00;15,20;7,60;380,00;15,20;12,67;6,33;209,00;101,33;220,40;0,00;15,20;395,20;0,00;0,00;138,18;0,00;0,00;74,00;96,00;30,00;10,64;0,00;0,00;152,00;0,00;21,71;119,43;10,86;69,67;12,67;52,25;10,00;9,00;0,00;0,00;0,00;0,00;0,00
2023-02-12;38,00;38,00;0,00;19,00;342,00;0,00;22,80;372,40;7,60;12,67;12,67;171,00;107,67;190,00;0,00;30,40;319,20;0,00;0,00;117,45;6,91;0,00;94,00;84,00;22,00;0,00;0,00;0,00;115,52;13,57;0,00;124,86;0,00;52,25;0,00;47,50;0,00;0,00;0,00;0,00;0,00;0,00;0,00
2023-02-19;44,00;22,00;22,00;0,00;154,00;0,00;17,60;387,20;0,00;6,29;6,29;132,00;88,00;183,33;0,00;14,67;271,33;11,00;0,00;143,00;0,00;0,00;44,00;64,00;28,00;15,17;0,00;0,00;31,86;13,75;5,50;115,50;0,00;69,14;0,00;47,14;0,00;7,00;7,00;0,00;0,00;0,00;0,00
2023-02-26;43,00;43,00;0,00;21,50;430,00;25,80;0,00;387,00;0,00;0,00;6,14;159,71;86,00;157,67;0,00;7,17;315,33;0,00;7,17;132,58;0,00;0,00;0,00;90,10;16,38;0,00;19,28;0,00;5,93;0,00;10,75;131,69;0,00;87,59;0,00;31,85;14,00;10,00;7,00;0,00;0,00;23,00;0,00
2023-03-05;48,00;12,00;24,00;12,00;216,00;8,00;0,00;360,00;0,00;0,00;12,00;138,00;102,00;171,43;0,00;13,71;240,00;6,86;6,86;78,86;0,00;0,00;12,00;94,00;16,00;10,50;0,00;6,00;19,50;0,00;0,00;76,24;0,00;67,20;0,00;32,00;0,00;0,00;11,00;0,00;0,00;7,00;10,00
2023-03-12;39,00;39,00;19,50;0,00;312,00;15,60;7,80;241,80;7,80;0,00;6,50;169,00;149,50;101,40;0,00;15,60;226,20;7,09;0,00;70,91;7,09;10,26;0,00;45,16;12,32;0,00;0,00;0,00;7,80;8,36;8,36;89,14;0,00;55,25;0,00;17,88;14,00;8,00;0,00;5,00;0,00;6,00;0,00
2023-03-19;29,00;29,00;0,00;14,50;203,00;0,00;0,00;222,33;0,00;0,00;0,00;92,80;116,00;101,50;0,00;21,75;195,75;0,00;0,00;68,88;0,00;0,00;0,00;76,64;6,21;0,00;0,00;0,00;12,21;0,00;0,00;72,50;0,00;43,50;19,33;27,39;0,00;0,00;0,00;0,00;0,00;0,00;0,00
2023-03-26;47,00;23,50;23,50;11,75;117,50;15,67;7,83;195,83;0,00;6,71;13,43;94,00;100,71;109,67;0,00;7,83;180,17;0,00;0,00;112,08;7,23;12,26;16,35;34,74;28,61;10,61;0,00;0,00;0,00;0,00;13,82;77,41;0,00;51,70;0,00;18,80;0,00;6,00;0,00;0,00;0,00;6,00;0,00
2023-04-02;34,00;34,00;17,00;17,00;204,00;0,00;0,00;187,00;8,50;0,00;0,00;129,20;108,80;61,20;0,00;20,40;183,60;0,00;7,56;94,44;0,00;0,00;0,00;58,00;0,00;0,00;0,00;0,00;10,82;0,00;0,00;73,67;0,00;24,29;0,00;22,67;13,00;0,00;17,00;0,00;8,00;0,00;0,00
2023-04-09;43,00;21,50;0,00;21,50;215,00;8,60;0,00;129,00;0,00;0,00;0,00;86,00;116,71;78,83;0,00;14,33;179,17;10,75;0,00;57,33;7,17;0,00;12,29;47,10;26,62;0,00;0,00;0,00;0,00;0,00;0,00;45,87;0,00;33,44;0,00;12,74;0,00;0,00;11,00;10,00;16,00;0,00;0,00
2023-04-16;17,00;8,50;8,50;8,50;68,00;17,00;0,00;76,50;0,00;11,33;11,33;62,33;62,33;17,00;0,00;0,00;272,00;0,00;0,00;74,80;0,00;0,00;6,38;57,38;0,00;0,00;0,00;0,00;0,00;0,00;0,00;28,33;0,00;17,00;7,73;17,00;0,00;0,00;6,00;0,00;0,00;0,00;0,00
2023-04-23;23,00;0,00;23,00;0,00;92,00;7,67;7,67;92,00;0,00;0,00;5,75;46,00;74,75;46,00;0,00;0,00;107,33;0,00;6,57;62,43;0,00;0,00;0,00;55,58;0,00;6,13;0,00;6,13;6,13;0,00;0,00;54,63;0,00;41,40;10,73;13,80;0,00;0,00;0,00;0,00;0,00;0,00;0,00
2023-04-30;33,00;0,00;16,50;0,00;99,00;8,25;8,25;82,50;0,00;0,00;0,00;33,00;59,40;33,00;0,00;0,00;165,00;0,00;0,00;58,67;0,00;6,19;0,00;26,81;0,00;20,43;12,57;0,00;0,00;0,00;0,00;55,00;0,00;28,29;0,00;31,43;0,00;10,00;0,00;0,00;0,00;0,00;0,00
2023-05-07;34,00;0,00;0,00;0,00;68,00;0,00;17,00;102,00;0,00;0,00;0,00;27,20;54,40;27,20;0,00;0,00;142,80;0,00;0,00;54,40;0,00;0,00;0,00;50,00;0,00;0,00;0,00;0,00;7,73;0,00;0,00;36,83;0,00;40,18;12,36;13,91;0,00;0,00;0,00;0,00;0,00;21,00;0,00
2023-05-14;27,00;27,00;27,00;27,00;54,00;0,00;0,00;135,00;0,00;0,00;0,00;47,25;54,00;40,50;0,00;13,50;121,50;0,00;20,25;27,00;0,00;0,00;12,46;24,92;0,00;12,00;0,00;0,00;0,00;5,40;0,00;43,20;0,00;27,00;0,00;39,71;0,00;0,00;6,00;0,00;0,00;0,00;0,00
2023-05-21;32,00;0,00;32,00;32,00;32,00;0,00;0,00;120,00;16,00;0,00;0,00;57,60;70,40;48,00;0,00;0,00;160,00;0,00;0,00;64,00;0,00;14,00;0,00;50,00;0,00;0,00;0,00;9,14;0,00;8,73;0,00;43,64;11,64;35,20;0,00;24,00;15,00;29,00;0,00;0,00;0,00;0,00;0,00
2023-05-28;55,00;0,00;0,00;0,00;27,50;7,86;31,43;196,43;23,57;0,00;0,00;36,67;85,56;70,71;0,00;0,00;204,29;0,00;0,00;80,67;0,00;0,00;0,00;52,96;0,00;0,00;0,00;0,00;6,11;0,00;5,50;66,00;0,00;42,43;0,00;20,43;8,00;0,00;0,00;0,00;0,00;0,00;0,00
2023-06-04;64,00;0,00;32,00;0,00;64,00;0,00;0,00;216,00;16,00;12,80;0,00;57,60;70,40;42,67;14,22;14,22;170,67;0,00;0,00;46,22;17,78;0,00;0,00;59,87;0,00;9,14;0,00;0,00;7,62;0,00;0,00;91,83;0,00;73,60;0,00;17,60;0,00;0,00;8,00;0,00;0,00;0,00;0,00
2023-06-11;27,00;0,00;0,00;0,00;54,00;9,00;0,00;171,00;0,00;0,00;0,00;54,00;101,25;47,25;0,00;27,00;162,00;15,43;11,57;50,14;0,00;0,00;20,77;78,92;0,00;0,00;0,00;11,12;0,00;0,00;0,00;39,00;69,00;54,00;0,00;0,00;0,00;0,00;0,00;0,00;0,00;0,00;0,00
