Semaine;Val de Loire (FR);Chateaux Loire (US);Bourgogne (FR);Drome (FR);Vaucluse (FR);Ardeche (FR);Baie de Somme (FR);Montagne du Luberon (FR);Auvergne (FR);Perigord (FR);Alsace (FR);Provence (FR);Morbihan (US);Gers (FR);Massif Central (FR);Normandie (FR);Cévennes (FR);Morvan (FR);Vosges (FR);Chantilly (FR);Languedoc Roussillon (FR)
2020-01-05;0,00;0,00;0,00;0,00;0,00;0,00;0,00;14,00;0,00;0,00;13,00;18,00;0,00;0,00;0,00;0,00;26,00;0,00;0,00;0,00;0,00
2020-01-12;0,00;15,00;0,00;0,00;0,00;16,00;0,00;0,00;0,00;0,00;36,00;23,00;0,00;0,00;0,00;26,00;30,00;0,00;0,00;0,00;0,00
2020-01-19;0,00;0,00;0,00;0,00;0,00;0,00;0,00;0,00;34,00;0,00;17,00;14,00;0,00;0,00;0,00;13,00;0,00;0,00;0,00;0,00;0,00
2020-01-26;0,00;30,00;20,00;0,00;0,00;40,00;0,00;0,00;38,00;0,00;10,00;38,00;16,00;0,00;34,00;28,00;0,00;0,00;0,00;0,00;0,00
2020-02-02;0,00;17,00;14,00;17,00;0,00;0,00;0,00;67,00;17,00;13,00;34,00;20,00;0,00;15,00;0,00;22,00;0,00;36,00;0,00;0,00;0,00
2020-02-09;31,00;0,00;0,00;16,12;0,00;65,00;0,00;17,00;22,00;27,35;63,82;31,00;0,00;0,00;0,00;20,31;24,59;18,00;0,00;0,00;0,00
2020-02-16;0,00;12,00;0,00;0,00;0,00;49,00;23,00;0,00;23,00;0,00;33,00;17,00;20,00;0,00;0,00;25,00;0,00;0,00;0,00;0,00;0,00
2020-02-23;0,00;0,00;37,00;16,00;0,00;30,00;0,00;0,00;0,00;0,00;13,00;14,00;0,00;0,00;0,00;12,00;0,00;0,00;0,00;0,00;0,00
2020-03-01;14,00;0,00;0,00;0,00;0,00;14,00;0,00;46,00;0,00;19,25;17,50;14,00;0,00;0,00;0,00;0,00;23,00;0,00;60,00;0,00;0,00
2020-03-08;29,00;0,00;0,00;26,58;0,00;14,00;0,00;44,00;0,00;0,00;21,75;0,00;19,94;0,00;33,30;0,00;0,00;0,00;0,00;0,00;0,00
2020-03-15;0,00;0,00;0,00;0,00;0,00;0,00;0,00;0,00;0,00;0,00;0,00;23,00;27,00;0,00;23,00;0,00;0,00;0,00;0,00;0,00;0,00
2020-03-22;0,00;0,00;0,00;0,00;0,00;28,00;0,00;0,00;0,00;0,00;10,00;8,00;0,00;0,00;0,00;0,00;0,00;13,00;0,00;0,00;0,00
2020-03-29;23,00;19,37;0,00;0,00;0,00;0,00;0,00;0,00;0,00;0,00;0,00;0,00;0,00;11,50;0,00;15,68;0,00;19,00;0,00;13,00;33,00
2020-04-05;0,00;0,00;0,00;24,00;0,00;0,00;17,00;0,00;27,00;0,00;35,00;9,00;10,00;0,00;13,00;0,00;0,00;22,00;25,00;0,00;0,00
2020-04-12;16,00;17,23;0,00;0,00;0,00;0,00;0,00;0,00;0,00;0,00;12,44;21,33;0,00;0,00;0,00;21,33;0,00;0,00;0,00;0,00;13,00
2020-04-19;14,00;0,00;0,00;12,73;0,00;30,00;0,00;0,00;0,00;0,00;14,00;12,25;12,25;12,92;0,00;0,00;0,00;14,00;0,00;0,00;17,00
2020-04-26;0,00;0,00;0,00;0,00;0,00;31,00;25,00;0,00;0,00;0,00;21,00;0,00;15,00;0,00;0,00;54,00;0,00;30,00;0,00;0,00;18,00
2020-05-03;0,00;11,00;0,00;14,00;22,00;0,00;18,00;18,00;0,00;0,00;8,00;8,00;7,00;0,00;0,00;0,00;0,00;0,00;0,00;0,00;0,00
2020-05-10;0,00;0,00;0,00;0,00;0,00;19,00;0,00;0,00;0,00;50,00;8,00;12,00;0,00;0,00;0,00;0,00;0,00;0,00;0,00;0,00;0,00
2020-05-17;0,00;0,00;0,00;20,00;0,00;0,00;14,00;0,00;17,00;0,00;11,00;15,00;0,00;0,00;0,00;18,00;42,00;0,00;0,00;15,00;56,00
2020-05-24;0,00;62,00;11,00;16,00;0,00;21,00;0,00;0,00;0,00;0,00;11,00;33,00;0,00;0,00;0,00;0,00;0,00;13,00;0,00;18,00;0,00
2020-05-31;0,00;0,00;14,00;0,00;0,00;0,00;21,00;0,00;38,00;0,00;18,00;15,00;0,00;0,00;0,00;26,00;39,00;0,00;0,00;0,00;0,00
2020-06-07;15,00;25,00;0,00;0,00;0,00;23,00;42,00;0,00;0,00;0,00;20,63;75,00;48,75;0,00;0,00;45,00;0,00;0,00;16,00;0,00;0,00
2020-06-14;0,00;24,00;29,00;18,00;23,00;47,00;48,00;0,00;13,00;0,00;46,00;42,00;0,00;16,00;28,00;47,00;0,00;0,00;29,00;18,00;0,00
2020-06-21;38,00;0,00;15,94;0,00;0,00;63,00;44,00;0,00;0,00;0,00;57,90;48,86;0,00;0,00;0,00;0,00;31,67;0,00;0,00;0,00;0,00
2020-06-28;0,00;0,00;0,00;28,00;17,00;45,00;34,00;0,00;14,00;0,00;31,00;51,00;0,00;0,00;0,00;46,00;0,00;0,00;36,00;0,00;0,00
2020-07-05;27,00;0,00;0,00;0,00;19,64;44,00;15,00;20,00;0,00;90,00;59,40;75,60;0,00;0,00;0,00;29,16;14,04;21,00;0,00;0,00;57,00
2020-07-12;57,00;34,70;0,00;0,00;0,00;36,00;0,00;15,00;0,00;0,00;82,74;58,84;18,39;25,33;0,00;0,00;0,00;15,00;21,00;21,00;30,00
2020-07-19;30,00;0,00;0,00;22,80;0,00;40,00;0,00;25,00;0,00;0,00;70,59;132,35;0,00;0,00;0,00;0,00;0,00;0,00;0,00;19,00;48,00
2020-07-26;16,00;0,00;48,00;14,77;0,00;49,00;0,00;0,00;23,00;44,44;81,78;48,00;0,00;0,00;29,87;0,00;0,00;41,00;0,00;0,00;24,00
2020-08-02;0,00;0,00;22,00;15,00;0,00;42,00;0,00;0,00;0,00;0,00;17,00;40,00;0,00;65,00;0,00;29,00;0,00;0,00;19,00;0,00;22,00
2020-08-09;0,00;0,00;0,00;0,00;13,00;51,00;28,00;0,00;26,00;18,00;24,00;22,00;20,00;0,00;0,00;0,00;0,00;0,00;0,00;0,00;0,00
2020-08-16;0,00;0,00;33,00;0,00;0,00;42,00;0,00;0,00;0,00;0,00;20,00;10,00;18,00;0,00;15,00;16,00;0,00;0,00;0,00;18,00;0,00
2020-08-23;0,00;23,00;14,00;0,00;0,00;13,00;25,00;27,00;26,00;0,00;24,00;26,00;8,00;0,00;19,00;0,00;16,00;0,00;13,00;0,00;39,00
2020-08-30;19,00;42,75;0,00;27,31;0,00;20,00;0,00;0,00;0,00;0,00;43,18;74,27;0,00;0,00;0,00;13,72;0,00;0,00;0,00;0,00;0,00
2020-09-06;0,00;0,00;16,00;0,00;0,00;47,00;0,00;0,00;20,00;0,00;33,00;27,00;0,00;0,00;14,00;41,00;0,00;0,00;0,00;0,00;0,00
2020-09-13;17,00;0,00;44,93;0,00;0,00;0,00;0,00;0,00;0,00;0,00;45,33;43,44;0,00;0,00;0,00;0,00;21,25;22,00;0,00;0,00;0,00
2020-09-20;0,00;0,00;0,00;19,00;0,00;32,00;0,00;0,00;0,00;13,00;32,00;0,00;13,00;0,00;20,00;21,00;0,00;0,00;0,00;0,00;0,00
2020-09-27;0,00;0,00;0,00;0,00;0,00;0,00;0,00;0,00;0,00;14,00;22,00;0,00;0,00;18,00;0,00;0,00;0,00;52,00;0,00;0,00;0,00
2020-10-04;14,00;15,17;17,50;0,00;0,00;19,00;0,00;0,00;27,00;0,00;33,25;68,25;0,00;0,00;0,00;0,00;0,00;0,00;41,00;0,00;0,00
2020-10-11;0,00;0,00;0,00;0,00;0,00;26,00;0,00;20,00;0,00;16,00;32,00;8,00;0,00;0,00;0,00;13,00;0,00;19,00;51,00;0,00;0,00
2020-10-18;0,00;0,00;0,00;11,00;0,00;26,00;0,00;0,00;0,00;0,00;0,00;0,00;0,00;0,00;0,00;0,00;28,00;0,00;14,00;0,00;14,00
2020-10-25;0,00;0,00;0,00;0,00;0,00;0,00;0,00;0,00;0,00;0,00;17,00;11,00;0,00;0,00;0,00;24,00;14,00;0,00;25,00;27,00;0,00
2020-11-01;18,00;0,00;0,00;0,00;56,57;0,00;0,00;0,00;0,00;0,00;0,00;0,00;0,00;11,65;0,00;0,00;0,00;0,00;0,00;0,00;0,00
2020-11-08;0,00;21,00;0,00;0,00;20,00;0,00;0,00;0,00;0,00;0,00;0,00;12,00;0,00;16,00;0,00;0,00;0,00;0,00;0,00;14,00;22,00
2020-11-15;0,00;0,00;0,00;20,00;0,00;0,00;0,00;0,00;0,00;0,00;20,00;0,00;0,00;0,00;0,00;0,00;0,00;0,00;0,00;14,00;0,00
2020-11-22;0,00;13,00;0,00;0,00;0,00;18,00;0,00;0,00;0,00;0,00;7,00;30,00;0,00;0,00;0,00;36,00;0,00;0,00;15,00;19,00;0,00
2020-11-29;0,00;0,00;10,00;33,00;0,00;0,00;0,00;0,00;0,00;11,00;17,00;0,00;0,00;0,00;0,00;12,00;0,00;0,00;0,00;16,00;16,00
2020-12-06;0,00;16,00;0,00;0,00;0,00;0,00;0,00;0,00;0,00;0,00;0,00;0,00;0,00;20,00;12,00;24,00;0,00;23,00;0,00;0,00;29,00
2020-12-13;0,00;0,00;0,00;31,00;0,00;0,00;0,00;0,00;0,00;0,00;0,00;13,00;0,00;0,00;0,00;0,00;0,00;0,00;0,00;0,00;0,00
2020-12-20;0,00;0,00;0,00;19,00;0,00;0,00;23,00;15,00;36,00;12,00;0,00;13,00;0,00;0,00;0,00;0,00;0,00;0,00;29,00;0,00;0,00
2020-12-27;16,00;0,00;0,00;0,00;0,00;0,00;18,00;0,00;0,00;0,00;97,78;0,00;0,00;0,00;0,00;0,00;0,00;0,00;15,00;40,00;0,00
2021-01-03;0,00;0,00;13,00;11,00;0,00;0,00;0,00;0,00;0,00;0,00;15,00;0,00;9,00;0,00;0,00;15,00;16,00;0,00;13,00;0,00;0,00
2021-01-10;0,00;0,00;0,00;0,00;0,00;0,00;0,00;15,00;0,00;0,00;47,00;13,00;0,00;25,00;0,00;0,00;20,00;0,00;23,00;0,00;0,00
2021-01-17;56,00;16,18;14,93;0,00;26,13;0,00;0,00;0,00;0,00;0,00;0,00;28,90;0,00;43,32;0,00;0,00;0,00;16,00;0,00;96,00;0,00
2021-01-24;0,00;0,00;0,00;0,00;0,00;0,00;14,00;14,00;0,00;0,00;11,00;0,00;0,00;0,00;0,00;34,00;0,00;20,00;0,00;0,00;26,00
2021-01-31;15,00;33,75;25,00;0,00;0,00;0,00;0,00;0,00;0,00;0,00;28,13;30,00;0,00;0,00;0,00;0,00;0,00;25,00;0,00;0,00;0,00
2021-02-07;0,00;0,00;0,00;34,00;0,00;0,00;0,00;0,00;15,00;0,00;14,00;0,00;0,00;0,00;24,00;0,00;0,00;34,00;0,00;0,00;0,00
2021-02-14;46,00;17,41;14,92;22,38;0,00;0,00;0,00;0,00;0,00;29,44;20,24;0,00;0,00;0,00;0,00;32,09;0,00;0,00;0,00;0,00;58,00
2021-02-21;13,00;0,00;0,00;0,00;0,00;41,00;0,00;0,00;0,00;0,00;40,86;48,29;0,00;0,00;0,00;44,00;13,00;0,00;15,00;0,00;0,00
2021-02-28;0,00;33,00;0,00;14,00;20,00;24,00;0,00;0,00;0,00;12,00;0,00;0,00;0,00;0,00;0,00;0,00;29,00;52,00;0,00;20,00;44,00
2021-03-07;0,00;14,00;0,00;0,00;0,00;17,00;0,00;0,00;0,00;11,00;0,00;7,00;0,00;0,00;0,00;16,00;0,00;0,00;0,00;0,00;15,00
2021-03-14;21,00;0,00;0,00;12,35;18,53;0,00;0,00;0,00;0,00;0,00;42,00;31,50;0,00;0,00;0,00;0,00;0,00;0,00;0,00;0,00;0,00
2021-03-21;0,00;29,00;21,00;43,00;0,00;0,00;0,00;0,00;0,00;0,00;0,00;0,00;0,00;0,00;0,00;0,00;22,00;29,00;0,00;0,00;0,00
2021-03-28;0,00;31,00;0,00;15,00;0,00;0,00;0,00;0,00;0,00;0,00;17,00;0,00;0,00;0,00;0,00;0,00;0,00;0,00;0,00;18,00;0,00
2021-04-04;0,00;0,00;0,00;0,00;0,00;0,00;0,00;16,00;0,00;0,00;0,00;30,00;0,00;0,00;0,00;0,00;0,00;25,00;0,00;50,00;16,00
2021-04-11;0,00;12,00;19,00;37,00;0,00;0,00;0,00;0,00;50,00;0,00;37,00;0,00;0,00;31,00;0,00;0,00;0,00;22,00;0,00;16,00;0,00
2021-04-18;23,00;25,56;0,00;0,00;0,00;0,00;0,00;23,00;0,00;17,69;0,00;19,46;26,54;32,86;41,62;0,00;0,00;0,00;0,00;14,00;0,00
2021-04-25;0,00;26,00;34,00;0,00;49,00;0,00;0,00;0,00;0,00;0,00;0,00;0,00;0,00;0,00;0,00;14,00;0,00;0,00;0,00;13,00;35,00
2021-05-02;59,00;0,00;0,00;23,35;0,00;15,00;0,00;0,00;0,00;0,00;51,85;55,42;0,00;0,00;0,00;0,00;0,00;0,00;54,00;0,00;0,00
2021-05-09;44,00;0,00;0,00;0,00;0,00;28,00;0,00;0,00;0,00;0,00;14,08;54,56;0,00;15,71;0,00;0,00;0,00;0,00;0,00;19,00;40,00
2021-05-16;0,00;17,00;0,00;0,00;0,00;0,00;0,00;19,00;40,00;0,00;26,00;15,00;0,00;0,00;0,00;41,00;0,00;22,00;0,00;0,00;0,00
2021-05-23;23,00;14,53;0,00;0,00;0,00;28,00;15,00;0,00;0,00;0,00;31,85;24,77;0,00;0,00;0,00;18,82;0,00;0,00;29,00;0,00;21,00
2021-05-30;0,00;0,00;0,00;0,00;0,00;0,00;19,00;0,00;0,00;0,00;33,00;38,00;0,00;0,00;0,00;21,00;0,00;0,00;0,00;0,00;0,00
2021-06-06;32,00;0,00;14,77;18,46;0,00;0,00;0,00;0,00;14,00;0,00;82,82;15,06;0,00;0,00;0,00;106,67;36,27;23,00;0,00;0,00;38,00
2021-06-13;15,00;0,00;0,00;0,00;58,75;27,00;0,00;0,00;0,00;0,00;0,00;65,63;0,00;0,00;15,00;27,86;36,43;0,00;0,00;0,00;0,00
2021-06-20;21,00;0,00;18,53;13,59;0,00;28,00;0,00;0,00;0,00;14,00;50,75;68,25;0,00;0,00;0,00;35,70;0,00;0,00;0,00;0,00;14,00
2021-06-27;0,00;0,00;0,00;24,00;11,00;27,00;37,00;17,00;0,00;0,00;23,00;49,00;0,00;0,00;0,00;15,00;0,00;0,00;0,00;0,00;0,00
2021-07-04;20,00;0,00;0,00;20,00;18,75;23,00;36,00;0,00;44,00;0,00;29,09;67,27;0,00;0,00;0,00;0,00;0,00;0,00;0,00;51,00;0,00
2021-07-11;33,00;0,00;0,00;0,00;22,00;72,00;0,00;0,00;0,00;0,00;22,00;60,50;0,00;14,44;0,00;0,00;0,00;0,00;19,00;0,00;32,00
2021-07-18;30,00;0,00;0,00;0,00;0,00;0,00;21,00;23,00;48,00;31,88;26,25;95,63;0,00;0,00;0,00;31,07;0,00;51,00;65,00;0,00;0,00
2021-07-25;0,00;23,00;14,00;29,00;16,00;0,00;0,00;0,00;0,00;0,00;18,00;35,00;0,00;0,00;0,00;46,00;21,00;0,00;23,00;0,00;0,00
2021-08-01;0,00;0,00;0,00;0,00;0,00;26,00;0,00;0,00;0,00;11,00;26,00;27,00;0,00;0,00;0,00;0,00;0,00;0,00;0,00;31,00;42,00
2021-08-08;36,00;46,80;0,00;37,20;14,40;37,00;0,00;0,00;0,00;0,00;0,00;0,00;0,00;0,00;0,00;0,00;0,00;0,00;0,00;0,00;0,00
2021-08-15;0,00;14,00;14,00;0,00;0,00;0,00;28,00;30,00;0,00;0,00;32,00;26,00;0,00;0,00;0,00;31,00;0,00;0,00;0,00;0,00;21,00
2021-08-22;100,00;0,00;0,00;22,22;0,00;32,00;0,00;0,00;0,00;0,00;49,09;41,82;0,00;0,00;0,00;30,53;0,00;0,00;0,00;0,00;0,00
2021-08-29;16,00;43,08;0,00;0,00;34,46;21,00;27,00;0,00;19,00;0,00;21,33;67,56;0,00;38,40;0,00;24,53;0,00;29,00;0,00;0,00;0,00
2021-09-05;0,00;0,00;14,00;18,00;0,00;0,00;0,00;0,00;0,00;0,00;33,00;54,00;0,00;0,00;0,00;24,00;0,00;0,00;18,00;0,00;0,00
2021-09-12;0,00;15,00;0,00;0,00;33,00;41,00;0,00;0,00;0,00;17,00;34,00;12,00;0,00;34,00;0,00;23,00;0,00;18,00;0,00;0,00;24,00
2021-09-19;0,00;0,00;24,00;0,00;0,00;0,00;0,00;0,00;0,00;0,00;34,00;31,00;0,00;16,00;18,00;0,00;0,00;0,00;0,00;0,00;0,00
2021-09-26;0,00;22,00;0,00;0,00;0,00;20,00;0,00;0,00;0,00;0,00;27,00;42,00;9,00;0,00;0,00;45,00;0,00;15,00;0,00;0,00;0,00
2021-10-03;0,00;17,00;0,00;0,00;0,00;0,00;0,00;15,00;14,00;22,00;17,00;35,00;0,00;0,00;0,00;24,00;0,00;0,00;0,00;22,00;40,00
2021-10-10;16,00;24,62;17,23;0,00;0,00;16,00;0,00;0,00;0,00;0,00;0,00;0,00;0,00;0,00;42,00;14,00;22,00;26,00;21,00;0,00;0,00
2021-10-17;0,00;0,00;0,00;0,00;0,00;24,00;0,00;0,00;32,00;0,00;38,00;15,00;0,00;0,00;16,00;38,00;17,00;16,00;0,00;0,00;0,00
2021-10-24;0,00;0,00;0,00;0,00;0,00;48,00;0,00;0,00;0,00;0,00;0,00;0,00;0,00;0,00;0,00;0,00;0,00;0,00;16,00;0,00;0,00
2021-10-31;0,00;0,00;12,00;0,00;0,00;0,00;0,00;0,00;18,00;0,00;31,00;0,00;28,00;0,00;0,00;0,00;62,00;31,00;0,00;0,00;25,00
2021-11-07;0,00;53,00;30,00;15,00;16,00;14,00;0,00;0,00;0,00;0,00;40,00;0,00;21,00;44,00;0,00;15,00;16,00;17,00;0,00;0,00;42,00
2021-11-14;16,00;43,08;16,00;0,00;0,00;0,00;0,00;0,00;24,00;0,00;0,00;0,00;0,00;39,47;24,53;16,00;0,00;0,00;33,00;0,00;18,00
2021-11-21;20,00;0,00;0,00;0,00;0,00;0,00;0,00;64,00;20,00;0,00;0,00;0,00;20,00;0,00;0,00;16,84;0,00;0,00;28,00;0,00;0,00
2021-11-28;0,00;0,00;17,00;0,00;0,00;0,00;0,00;0,00;0,00;0,00;0,00;22,00;0,00;0,00;0,00;0,00;13,00;0,00;13,00;19,00;0,00
2021-12-05;50,00;0,00;0,00;0,00;0,00;0,00;17,00;0,00;0,00;0,00;0,00;21,43;0,00;0,00;0,00;0,00;45,74;0,00;0,00;40,00;15,00
2021-12-12;32,00;34,46;0,00;0,00;0,00;0,00;0,00;29,00;0,00;19,56;40,89;21,33;0,00;0,00;0,00;0,00;0,00;0,00;21,00;0,00;0,00
2021-12-19;0,00;32,00;0,00;0,00;0,00;0,00;0,00;23,00;0,00;17,00;0,00;0,00;0,00;0,00;0,00;29,00;23,00;0,00;57,00;0,00;47,00
2021-12-26;19,00;54,63;0,00;0,00;0,00;0,00;34,00;37,00;0,00;0,00;44,91;0,00;0,00;0,00;41,17;16,89;0,00;0,00;0,00;40,00;0,00
2022-01-02;43,00;25,80;0,00;0,00;0,00;0,00;0,00;0,00;31,00;0,00;30,46;55,54;0,00;0,00;0,00;61,88;0,00;0,00;0,00;0,00;16,00
2022-01-09;0,00;0,00;32,00;0,00;0,00;0,00;0,00;0,00;0,00;0,00;10,00;0,00;0,00;20,00;0,00;34,00;0,00;20,00;0,00;0,00;0,00
2022-01-16;0,00;0,00;19,00;0,00;0,00;21,00;0,00;0,00;0,00;12,00;26,00;28,00;0,00;0,00;0,00;0,00;0,00;0,00;0,00;0,00;0,00
2022-01-23;0,00;0,00;0,00;0,00;12,00;0,00;0,00;0,00;0,00;0,00;10,00;16,00;0,00;0,00;0,00;26,00;0,00;0,00;0,00;0,00;0,00
2022-01-30;0,00;0,00;0,00;0,00;0,00;28,00;0,00;21,00;0,00;14,00;14,00;31,00;0,00;0,00;0,00;0,00;0,00;0,00;0,00;20,00;0,00
2022-02-06;0,00;0,00;0,00;0,00;29,00;0,00;19,00;37,00;0,00;0,00;0,00;28,00;0,00;0,00;0,00;0,00;0,00;0,00;0,00;0,00;0,00
2022-02-13;0,00;0,00;16,00;16,00;0,00;0,00;0,00;0,00;0,00;0,00;11,00;24,00;0,00;0,00;0,00;0,00;0,00;23,00;0,00;0,00;0,00
2022-02-20;21,00;12,35;0,00;0,00;19,76;0,00;0,00;36,00;0,00;12,25;59,50;47,25;0,00;0,00;0,00;0,00;26,25;0,00;16,00;0,00;0,00
2022-02-27;12,00;0,00;16,00;0,00;0,00;0,00;0,00;12,00;14,00;0,00;40,00;78,00;0,00;0,00;0,00;40,36;0,00;0,00;0,00;13,00;0,00
2022-03-06;0,00;0,00;28,00;0,00;0,00;25,00;0,00;0,00;24,00;0,00;33,00;0,00;0,00;0,00;0,00;23,00;13,00;0,00;15,00;0,00;0,00
2022-03-13;15,00;0,00;11,54;27,69;0,00;0,00;18,00;13,00;0,00;0,00;30,00;76,67;23,33;0,00;0,00;38,00;0,00;0,00;0,00;0,00;0,00
2022-03-20;0,00;19,00;0,00;0,00;0,00;29,00;0,00;0,00;0,00;0,00;25,00;18,00;0,00;0,00;0,00;0,00;0,00;0,00;19,00;0,00;0,00
2022-03-27;0,00;25,00;0,00;12,00;0,00;24,00;0,00;0,00;0,00;0,00;36,00;31,00;0,00;0,00;32,00;23,00;0,00;14,00;0,00;0,00;0,00
2022-04-03;0,00;10,00;0,00;0,00;0,00;29,00;0,00;0,00;0,00;0,00;31,00;25,00;0,00;65,00;42,00;29,00;0,00;24,00;11,00;0,00;16,00
2022-04-10;0,00;25,00;21,00;28,00;0,00;58,00;0,00;0,00;0,00;0,00;25,00;57,00;0,00;0,00;17,00;15,00;0,00;20,00;0,00;33,00;19,00
2022-04-17;0,00;18,00;0,00;0,00;0,00;24,00;0,00;0,00;57,00;9,00;47,00;56,00;0,00;0,00;0,00;54,00;13,00;0,00;12,00;22,00;18,00
2022-04-24;28,00;0,00;10,96;13,39;0,00;22,00;0,00;34,00;14,00;0,00;85,87;56,00;0,00;0,00;0,00;0,00;14,00;0,00;20,00;0,00;0,00
2022-05-01;12,00;15,60;0,00;120,00;0,00;22,00;0,00;19,00;0,00;42,86;25,71;68,57;0,00;0,00;0,00;21,82;0,00;15,00;11,00;0,00;29,00
2022-05-08;21,00;40,76;0,00;39,53;0,00;0,00;0,00;0,00;18,00;0,00;93,55;55,36;0,00;12,16;42,00;30,95;0,00;0,00;28,00;0,00;0,00
2022-05-15;14,00;0,00;38,18;0,00;15,27;39,00;15,00;21,00;0,00;0,00;59,50;33,25;0,00;0,00;0,00;0,00;16,15;0,00;0,00;0,00;0,00
2022-05-22;0,00;19,00;0,00;14,00;14,00;31,00;0,00;0,00;29,00;0,00;33,00;34,00;0,00;17,00;0,00;14,00;0,00;0,00;24,00;0,00;0,00
2022-05-29;20,00;13,75;0,00;15,00;0,00;0,00;16,00;0,00;0,00;0,00;87,27;16,36;12,73;0,00;0,00;0,00;0,00;0,00;0,00;13,00;0,00
2022-06-05;64,00;0,00;0,00;0,00;0,00;21,00;0,00;16,00;0,00;0,00;56,89;51,56;0,00;31,48;0,00;40,92;15,74;0,00;0,00;61,00;0,00
2022-06-12;0,00;11,00;0,00;0,00;0,00;0,00;32,00;60,00;0,00;9,00;49,00;44,00;29,00;0,00;0,00;30,00;0,00;0,00;16,00;0,00;15,00
2022-06-19;22,00;17,11;28,11;0,00;19,56;32,00;20,00;54,00;0,00;44,00;47,67;42,17;0,00;0,00;0,00;80,67;23,05;93,00;0,00;0,00;32,00
2022-06-26;15,00;0,00;0,00;0,00;0,00;48,00;0,00;0,00;0,00;22,50;56,25;65,63;0,00;17,14;0,00;26,79;0,00;0,00;20,00;18,00;0,00
2022-07-03;28,00;0,00;0,00;0,00;47,48;25,00;0,00;0,00;23,00;0,00;49,00;82,25;0,00;0,00;0,00;44,59;0,00;0,00;0,00;16,00;0,00
2022-07-10;0,00;0,00;0,00;54,00;0,00;17,00;0,00;0,00;0,00;0,00;40,00;31,00;0,00;29,00;0,00;49,00;0,00;0,00;0,00;22,00;0,00
2022-07-17;0,00;19,00;13,00;35,00;0,00;27,00;0,00;0,00;0,00;0,00;30,00;37,00;0,00;0,00;16,00;22,00;19,00;23,00;0,00;0,00;0,00
2022-07-24;0,00;45,00;0,00;36,00;0,00;23,00;0,00;77,00;0,00;0,00;61,00;59,00;0,00;0,00;0,00;48,00;0,00;0,00;0,00;34,00;0,00
2022-07-31;21,00;21,00;0,00;0,00;0,00;0,00;0,00;21,00;0,00;0,00;105,00;76,36;17,18;0,00;0,00;0,00;0,00;84,00;53,00;0,00;0,00
2022-08-07;0,00;16,00;0,00;39,00;13,00;35,00;0,00;0,00;0,00;0,00;36,00;0,00;0,00;0,00;0,00;43,00;0,00;0,00;0,00;0,00;20,00
2022-08-14;37,00;18,50;25,90;0,00;0,00;18,00;0,00;0,00;0,00;0,00;44,40;27,75;0,00;0,00;0,00;34,89;0,00;0,00;0,00;0,00;0,00
2022-08-21;0,00;12,00;45,00;31,00;24,00;0,00;0,00;0,00;0,00;0,00;42,00;15,00;0,00;0,00;0,00;18,00;0,00;0,00;24,00;13,00;0,00
2022-08-28;0,00;12,00;0,00;14,00;0,00;18,00;0,00;0,00;0,00;0,00;14,00;28,00;0,00;0,00;24,00;0,00;28,00;0,00;0,00;0,00;41,00
2022-09-04;18,00;0,00;0,00;0,00;0,00;0,00;0,00;0,00;0,00;0,00;28,80;36,00;0,00;0,00;0,00;40,24;0,00;0,00;48,00;0,00;0,00
2022-09-11;0,00;16,00;0,00;0,00;0,00;0,00;34,00;0,00;0,00;0,00;36,00;20,00;0,00;27,00;0,00;0,00;0,00;0,00;45,00;0,00;20,00
2022-09-18;27,00;0,00;13,50;0,00;0,00;0,00;0,00;0,00;0,00;0,00;43,20;34,20;0,00;13,50;0,00;0,00;0,00;0,00;24,00;51,00;29,00
2022-09-25;0,00;0,00;53,00;0,00;0,00;0,00;0,00;0,00;0,00;0,00;42,00;0,00;23,00;0,00;0,00;0,00;0,00;0,00;0,00;17,00;0,00
2022-10-02;0,00;0,00;30,00;0,00;0,00;21,00;0,00;0,00;0,00;17,00;51,00;34,00;0,00;0,00;15,00;15,00;26,00;31,00;0,00;40,00;0,00
2022-10-09;0,00;0,00;63,00;15,00;54,00;0,00;0,00;0,00;0,00;15,00;41,00;12,00;0,00;0,00;0,00;0,00;0,00;0,00;0,00;17,00;0,00
2022-10-16;0,00;24,00;14,00;23,00;12,00;0,00;0,00;0,00;0,00;16,00;41,00;21,00;0,00;0,00;0,00;14,00;0,00;38,00;0,00;24,00;0,00
2022-10-23;36,00;0,00;0,00;0,00;0,00;17,00;26,00;0,00;0,00;19,80;39,60;18,00;0,00;19,06;16,94;0,00;0,00;0,00;22,00;20,00;0,00
2022-10-30;0,00;0,00;0,00;0,00;0,00;0,00;0,00;0,00;0,00;0,00;37,00;15,00;0,00;0,00;0,00;0,00;0,00;0,00;0,00;0,00;0,00
2022-11-06;0,00;0,00;19,00;0,00;0,00;26,00;0,00;0,00;0,00;0,00;32,00;13,00;0,00;24,00;0,00;0,00;0,00;0,00;0,00;0,00;0,00
2022-11-13;0,00;0,00;34,00;18,00;13,00;0,00;0,00;51,00;12,00;0,00;30,00;15,00;27,00;0,00;0,00;13,00;0,00;0,00;0,00;16,00;0,00
2022-11-20;0,00;0,00;0,00;25,00;0,00;0,00;0,00;0,00;0,00;0,00;38,00;0,00;12,00;15,00;0,00;0,00;23,00;18,00;0,00;0,00;0,00
2022-11-27;0,00;0,00;0,00;0,00;0,00;0,00;0,00;0,00;0,00;12,00;33,00;18,00;0,00;0,00;31,00;0,00;0,00;16,00;22,00;0,00;0,00
2022-12-04;0,00;0,00;0,00;12,00;20,00;27,00;0,00;0,00;0,00;0,00;21,00;17,00;0,00;0,00;0,00;0,00;0,00;0,00;0,00;86,00;0,00
2022-12-11;0,00;0,00;24,00;0,00;0,00;0,00;0,00;0,00;0,00;0,00;0,00;7,00;0,00;0,00;0,00;0,00;0,00;0,00;0,00;0,00;0,00
2022-12-18;0,00;0,00;0,00;17,00;0,00;24,00;0,00;0,00;0,00;9,00;16,00;0,00;0,00;17,00;16,00;0,00;0,00;32,00;0,00;0,00;0,00
2022-12-25;0,00;28,00;0,00;16,00;0,00;15,00;0,00;31,00;0,00;0,00;22,00;9,00;0,00;0,00;0,00;0,00;0,00;0,00;98,00;0,00;0,00
2023-01-01;18,00;33,60;19,20;0,00;0,00;31,00;16,00;0,00;0,00;0,00;63,00;39,60;0,00;45,53;0,00;25,41;0,00;26,00;0,00;0,00;0,00
2023-01-08;0,00;0,00;15,00;0,00;0,00;39,00;26,00;0,00;0,00;7,00;0,00;0,00;8,00;0,00;0,00;0,00;0,00;0,00;0,00;0,00;24,00
2023-01-15;0,00;0,00;0,00;0,00;0,00;22,00;0,00;18,00;0,00;0,00;10,00;28,00;7,00;21,00;0,00;56,00;0,00;72,00;49,00;0,00;0,00
2023-01-22;0,00;19,00;0,00;0,00;0,00;45,00;0,00;0,00;25,00;0,00;27,00;23,00;0,00;0,00;0,00;35,00;0,00;0,00;15,00;0,00;0,00
2023-01-29;13,00;14,18;0,00;0,00;0,00;0,00;13,00;0,00;0,00;0,00;31,57;18,57;0,00;0,00;0,00;18,00;0,00;0,00;0,00;0,00;14,00
2023-02-05;39,00;20,72;0,00;0,00;0,00;0,00;0,00;15,00;0,00;17,73;63,82;28,36;0,00;0,00;0,00;0,00;0,00;18,00;0,00;0,00;0,00
2023-02-12;0,00;37,00;0,00;0,00;0,00;33,00;0,00;0,00;28,00;0,00;30,00;19,00;18,00;0,00;20,00;23,00;0,00;34,00;16,00;0,00;0,00
2023-02-19;0,00;0,00;14,00;0,00;0,00;28,00;0,00;0,00;19,00;0,00;27,00;32,00;0,00;0,00;0,00;65,00;0,00;13,00;0,00;0,00;0,00
2023-02-26;18,00;0,00;19,20;0,00;0,00;15,00;0,00;0,00;0,00;0,00;77,40;59,40;14,40;12,71;18,00;22,24;0,00;0,00;24,00;0,00;0,00
2023-03-05;0,00;21,00;0,00;16,00;0,00;0,00;0,00;0,00;0,00;9,00;21,00;21,00;0,00;47,00;0,00;49,00;0,00;0,00;0,00;0,00;14,00
2023-03-12;15,00;46,25;35,00;0,00;18,75;41,00;17,00;0,00;0,00;0,00;45,00;37,50;22,50;0,00;13,93;21,43;0,00;0,00;0,00;28,00;30,00
2023-03-19;0,00;0,00;0,00;0,00;0,00;0,00;0,00;0,00;0,00;0,00;25,00;12,00;13,00;17,00;0,00;44,00;0,00;0,00;0,00;0,00;0,00
2023-03-26;0,00;0,00;0,00;18,00;0,00;0,00;0,00;0,00;0,00;0,00;25,00;0,00;0,00;0,00;13,00;18,00;18,00;0,00;0,00;0,00;0,00
2023-04-02;0,00;18,00;14,00;19,00;0,00;21,00;0,00;35,00;0,00;0,00;64,00;45,00;0,00;0,00;48,00;28,00;0,00;20,00;52,00;39,00;0,00
2023-04-09;0,00;0,00;19,00;28,00;0,00;0,00;0,00;0,00;0,00;0,00;100,00;39,00;0,00;0,00;0,00;15,00;0,00;0,00;0,00;0,00;0,00
2023-04-16;15,00;0,00;0,00;26,54;40,38;16,00;57,00;0,00;17,00;0,00;18,33;15,00;0,00;0,00;0,00;25,00;0,00;18,00;0,00;0,00;18,00
2023-04-23;23,00;28,11;0,00;0,00;20,44;0,00;30,00;0,00;40,00;0,00;58,38;61,92;0,00;0,00;0,00;24,05;0,00;56,00;0,00;20,00;0,00
2023-04-30;0,00;0,00;37,00;0,00;0,00;0,00;0,00;0,00;0,00;0,00;35,00;30,00;10,00;0,00;0,00;21,00;0,00;36,00;23,00;34,00;36,00
2023-05-07;15,00;17,50;26,25;0,00;13,75;22,00;15,00;0,00;0,00;0,00;43,13;61,88;0,00;0,00;0,00;22,50;0,00;0,00;17,00;0,00;0,00
2023-05-14;0,00;43,00;0,00;0,00;0,00;24,00;0,00;0,00;0,00;15,00;61,00;0,00;0,00;0,00;0,00;0,00;0,00;0,00;44,00;0,00;22,00
2023-05-21;15,00;43,75;27,50;0,00;52,50;43,00;0,00;15,00;0,00;0,00;52,50;30,00;0,00;0,00;0,00;0,00;0,00;22,00;0,00;0,00;0,00
2023-05-28;0,00;34,00;0,00;0,00;0,00;14,00;45,00;0,00;0,00;23,00;32,00;34,00;0,00;0,00;16,00;18,00;0,00;0,00;48,00;0,00;0,00
2023-06-04;0,00;33,00;0,00;0,00;0,00;0,00;0,00;0,00;24,00;8,00;28,00;32,00;0,00;29,00;0,00;0,00;0,00;0,00;0,00;0,00;0,00
2023-06-11;0,00;0,00;0,00;42,00;0,00;31,00;0,00;0,00;0,00;28,00;0,00;0,00;0,00;0,00;0,00;35,00;0,00;0,00;34,00;0,00;0,00
